unit_id,ope_id,official_name,city,state,website,accreditation_agency,control,highest_degree,latitude,longitude,undergraduate_enrollment,admission_rate,completion_rate,retention_rate,average_net_price,median_earnings_10_year,cohort_score,data_year,cohort_rank,cohort_version,source_url,source_fetched_at,hero_url,logo_url,hero_source_page,logo_source_page,description,hero_provider,hero_license,hero_source_title,hero_width,hero_height,hero_verified_at
186131,00262700,Princeton University,Princeton,NJ,https://www.princeton.edu/,Middle States Commission on Higher Education,Private nonprofit,Graduate degree,40.348732,-74.659365,5709,0.0462,0.9761,0.9835,6128,110066,98.03,2026,1,us-doe-scorecard-featured-500-2026.1,https://collegescorecard.ed.gov/data/,2026-08-11T00:00:00.000Z,https://upload.wikimedia.org/wikipedia/commons/thumb/7/70/Maclean_house.jpg/1920px-Maclean_house.jpg?utm_source=commons.wikimedia.org&utm_campaign=imageinfo&utm_content=thumbnail,https://www.google.com/s2/favicons?domain=princeton.edu&sz=256,https://commons.wikimedia.org/wiki/File:Maclean_house.jpg,https://www.princeton.edu/,"Princeton University is a private nonprofit institution in Princeton, NJ. This LivingWiki brings together federal education data and current official sources for academics, admissions, costs, campus life, and outcomes.",campus-fallback-wikimedia,CC BY-SA 3.0,Maclean house.jpg,1920,1440,2026-08-19T00:10:28.030Z
139755,00156900,Georgia Institute of Technology-Main Campus,Atlanta,GA,https://www.gatech.edu/,Southern Association of Colleges and Schools Commission on Colleges,Public,Graduate degree,33.77242,-84.394832,18785,0.1407,0.9402,0.9808,12116,102772,96.52,2026,2,us-doe-scorecard-featured-500-2026.1,https://collegescorecard.ed.gov/data/,2026-08-11T00:00:00.000Z,https://www.gatech.edu/themes/custom/gatech/images/majors-degrees_thumb.jpg,https://www.google.com/s2/favicons?domain=gatech.edu&sz=256,https://www.gatech.edu/,https://www.gatech.edu/,"Georgia Institute of Technology-Main Campus is a public institution in Atlanta, GA. This LivingWiki brings together federal education data and current official sources for academics, admissions, costs, campus life, and outcomes.",official-campus-fallback,,Georgia Institute of Technology,2048,1082,2026-08-19T00:19:18.444Z
110635,00131200,University of California-Berkeley,Berkeley,CA,https://www.berkeley.edu/,Western Association of Schools and Colleges Senior Colleges and University Commission,Public,Graduate degree,37.871918,-122.260463,33068,0.1098,0.9284,0.9679,13481,92446,94.98,2026,3,us-doe-scorecard-featured-500-2026.1,https://collegescorecard.ed.gov/data/,2026-08-11T00:00:00.000Z,https://upload.wikimedia.org/wikipedia/commons/b/ba/California_Hall_%28Berkeley%2C_CA%29.JPG?utm_source=commons.wikimedia.org&utm_campaign=imageinfo&utm_content=thumbnail_unscaled,https://www.google.com/s2/favicons?domain=berkeley.edu&sz=256,"https://commons.wikimedia.org/wiki/File:California_Hall_(Berkeley,_CA).JPG",https://www.berkeley.edu/,"University of California-Berkeley is a public institution in Berkeley, CA. This LivingWiki brings together federal education data and current official sources for academics, admissions, costs, campus life, and outcomes.",campus-fallback-wikimedia,CC BY-SA 3.0,"California Hall (Berkeley, CA).JPG",1600,1200,2026-08-19T00:19:18.444Z
170976,00232500,University of Michigan-Ann Arbor,Ann Arbor,MI,https://umich.edu/,Higher Learning Commission,Public,Graduate degree,42.278374,-83.73481,34177,0.1564,0.932,0.9747,13138,83648,94.81,2026,4,us-doe-scorecard-featured-500-2026.1,https://collegescorecard.ed.gov/data/,2026-08-11T00:00:00.000Z,https://upload.wikimedia.org/wikipedia/commons/thumb/3/35/Psychology_Atrium%2C_East_Hall%2C_University_of_Michigan%2C_Ann_Arbor%2C_Michigan.JPG/1920px-Psychology_Atrium%2C_East_Hall%2C_University_of_Michigan%2C_Ann_Arbor%2C_Michigan.JPG?utm_source=commons.wikimedia.org&utm_campaign=imageinfo&utm_content=thumbnail,https://www.google.com/s2/favicons?domain=umich.edu&sz=256,"https://commons.wikimedia.org/wiki/File:Psychology_Atrium,_East_Hall,_University_of_Michigan,_Ann_Arbor,_Michigan.JPG",https://umich.edu/,"University of Michigan-Ann Arbor is a public institution in Ann Arbor, MI. This LivingWiki brings together federal education data and current official sources for academics, admissions, costs, campus life, and outcomes.",campus-fallback-wikimedia,CC BY 3.0,"Psychology Atrium, East Hall, University of Michigan, Ann Arbor, Michigan.JPG",1920,1323,2026-08-19T00:19:18.444Z
110662,00131500,University of California-Los Angeles,Los Angeles,CA,https://www.ucla.edu/,Western Association of Schools and Colleges Senior Colleges and University Commission,Public,Graduate degree,34.07178,-118.442179,33475,0.0897,0.9262,0.9731,12548,82511,94.72,2026,5,us-doe-scorecard-featured-500-2026.1,https://collegescorecard.ed.gov/data/,2026-08-11T00:00:00.000Z,https://upload.wikimedia.org/wikipedia/commons/thumb/0/0d/The_University_of_California_UCLA.svg/250px-The_University_of_California_UCLA.svg.png?utm_source=en.wikipedia.org&utm_campaign=api&utm_content=thumbnail,https://www.google.com/s2/favicons?domain=ucla.edu&sz=256,https://en.wikipedia.org/wiki/University_of_California%2C_Los_Angeles,https://www.ucla.edu/,"University of California-Los Angeles is a public institution in Los Angeles, CA. This LivingWiki brings together federal education data and current official sources for academics, admissions, costs, campus life, and outcomes.",,,,,,
243744,00130500,Stanford University,Stanford,CA,https://www.stanford.edu/,Western Association of Schools and Colleges Senior Colleges and University Commission,Private nonprofit,Graduate degree,37.429434,-122.167359,7554,0.0361,0.9192,0.9818,13807,124080,94.65,2026,6,us-doe-scorecard-featured-500-2026.1,https://collegescorecard.ed.gov/data/,2026-08-11T00:00:00.000Z,https://upload.wikimedia.org/wikipedia/commons/3/36/Hoover_Tower_from_Main_Quad.JPG?utm_source=commons.wikimedia.org&utm_campaign=imageinfo&utm_content=thumbnail_unscaled,https://www.google.com/s2/favicons?domain=stanford.edu&sz=256,https://commons.wikimedia.org/wiki/File:Hoover_Tower_from_Main_Quad.JPG,https://www.stanford.edu/,"Stanford University is a private nonprofit institution in Stanford, CA. This LivingWiki brings together federal education data and current official sources for academics, admissions, costs, campus life, and outcomes.",campus-fallback-wikimedia,CC BY-SA 3.0,Hoover Tower from Main Quad.JPG,1704,2272,2026-08-19T00:19:18.444Z
134130,00153500,University of Florida,Gainesville,FL,https://www.ufl.edu/,Southern Association of Colleges and Schools Commission on Colleges,Public,Graduate degree,29.64629,-82.347911,35629,0.242,0.9112,0.9771,6541,71588,94.46,2026,7,us-doe-scorecard-featured-500-2026.1,https://collegescorecard.ed.gov/data/,2026-08-11T00:00:00.000Z,https://upload.wikimedia.org/wikipedia/commons/thumb/e/ee/Ben_Hill_Griffin_Stadium_exterior.jpg/1920px-Ben_Hill_Griffin_Stadium_exterior.jpg?utm_source=commons.wikimedia.org&utm_campaign=imageinfo&utm_content=thumbnail,https://www.google.com/s2/favicons?domain=ufl.edu&sz=256,https://commons.wikimedia.org/wiki/File:Ben_Hill_Griffin_Stadium_exterior.jpg,https://www.ufl.edu/,"University of Florida is a public institution in Gainesville, FL. This LivingWiki brings together federal education data and current official sources for academics, admissions, costs, campus life, and outcomes.",campus-fallback-wikimedia,CC BY-SA 3.0,Ben Hill Griffin Stadium exterior.jpg,1920,823,2026-08-19T00:19:18.444Z
144050,00177400,University of Chicago,Chicago,IL,https://www.uchicago.edu/,Higher Learning Commission,Private nonprofit,Graduate degree,41.787994,-87.599539,7569,0.0448,0.9585,0.9926,14860,91885,94.26,2026,8,us-doe-scorecard-featured-500-2026.1,https://collegescorecard.ed.gov/data/,2026-08-11T00:00:00.000Z,https://upload.wikimedia.org/wikipedia/en/thumb/7/79/University_of_Chicago_shield.svg/250px-University_of_Chicago_shield.svg.png?utm_source=en.wikipedia.org&utm_campaign=api&utm_content=thumbnail,https://www.google.com/s2/favicons?domain=uchicago.edu&sz=256,https://en.wikipedia.org/wiki/University_of_Chicago,https://www.uchicago.edu/,"University of Chicago is a private nonprofit institution in Chicago, IL. This LivingWiki brings together federal education data and current official sources for academics, admissions, costs, campus life, and outcomes.",,,,,,
227757,00360400,Rice University,Houston,TX,https://www.rice.edu/,Southern Association of Colleges and Schools Commission on Colleges,Private nonprofit,Graduate degree,29.717897,-95.402035,4776,0.08,0.9464,0.9741,13370,89718,93.89,2026,9,us-doe-scorecard-featured-500-2026.1,https://collegescorecard.ed.gov/data/,2026-08-11T00:00:00.000Z,https://upload.wikimedia.org/wikipedia/commons/thumb/e/eb/Beer_Bike_Water_Balloon_Fight.jpg/1920px-Beer_Bike_Water_Balloon_Fight.jpg?utm_source=commons.wikimedia.org&utm_campaign=imageinfo&utm_content=thumbnail,https://www.google.com/s2/favicons?domain=rice.edu&sz=256,https://commons.wikimedia.org/wiki/File:Beer_Bike_Water_Balloon_Fight.jpg,https://www.rice.edu/,"Rice University is a private nonprofit institution in Houston, TX. This LivingWiki brings together federal education data and current official sources for academics, admissions, costs, campus life, and outcomes.",campus-fallback-wikimedia,CC BY-SA 4.0,Beer Bike Water Balloon Fight.jpg,1920,1440,2026-08-19T00:19:18.444Z
110680,00131700,University of California-San Diego,La Jolla,CA,https://www.ucsd.edu/,Western Association of Schools and Colleges Senior Colleges and University Commission,Public,Graduate degree,32.877749,-117.235866,34948,0.2671,0.8605,0.9402,12470,84943,93.16,2026,10,us-doe-scorecard-featured-500-2026.1,https://collegescorecard.ed.gov/data/,2026-08-11T00:00:00.000Z,https://upload.wikimedia.org/wikipedia/commons/thumb/6/68/Pepper_Canyon_Hall.jpg/1920px-Pepper_Canyon_Hall.jpg?utm_source=commons.wikimedia.org&utm_campaign=imageinfo&utm_content=thumbnail,https://www.google.com/s2/favicons?domain=ucsd.edu&sz=256,https://commons.wikimedia.org/wiki/File:Pepper_Canyon_Hall.jpg,https://www.ucsd.edu/,"University of California-San Diego is a public institution in La Jolla, CA. This LivingWiki brings together federal education data and current official sources for academics, admissions, costs, campus life, and outcomes.",campus-fallback-wikimedia,CC BY-SA 4.0,Pepper Canyon Hall.jpg,1920,1440,2026-08-19T00:19:18.444Z
199120,00297400,University of North Carolina at Chapel Hill,Chapel Hill,NC,https://www.unc.edu/,Southern Association of Colleges and Schools Commission on Colleges,Public,Graduate degree,35.911769,-79.050969,20752,0.1534,0.9117,0.9661,11655,72200,92.87,2026,11,us-doe-scorecard-featured-500-2026.1,https://collegescorecard.ed.gov/data/,2026-08-11T00:00:00.000Z,https://upload.wikimedia.org/wikipedia/commons/thumb/0/06/2008-07-11_Chapel_Hill_bus_passing_South_Building.jpg/1920px-2008-07-11_Chapel_Hill_bus_passing_South_Building.jpg?utm_source=commons.wikimedia.org&utm_campaign=imageinfo&utm_content=thumbnail,https://www.google.com/s2/favicons?domain=unc.edu&sz=256,https://commons.wikimedia.org/wiki/File:2008-07-11_Chapel_Hill_bus_passing_South_Building.jpg,https://www.unc.edu/,"University of North Carolina at Chapel Hill is a public institution in Chapel Hill, NC. This LivingWiki brings together federal education data and current official sources for academics, admissions, costs, campus life, and outcomes.",campus-fallback-wikimedia,CC BY-SA 4.0,2008-07-11 Chapel Hill bus passing South Building.jpg,1920,1280,2026-08-19T00:19:18.444Z
221999,00353500,Vanderbilt University,Nashville,TN,https://www.vanderbilt.edu/,Southern Association of Colleges and Schools Commission on Colleges,Private nonprofit,Graduate degree,36.14659,-86.803369,7208,0.0586,0.9354,0.9634,15846,91565,92.45,2026,12,us-doe-scorecard-featured-500-2026.1,https://collegescorecard.ed.gov/data/,2026-08-11T00:00:00.000Z,https://upload.wikimedia.org/wikipedia/commons/thumb/3/3b/Archival_Materials_Vanderbilt_University_Edit-A-Thon_2013.jpg/1920px-Archival_Materials_Vanderbilt_University_Edit-A-Thon_2013.jpg?utm_source=commons.wikimedia.org&utm_campaign=imageinfo&utm_content=thumbnail,https://www.google.com/s2/favicons?domain=vanderbilt.edu&sz=256,https://commons.wikimedia.org/wiki/File:Archival_Materials_Vanderbilt_University_Edit-A-Thon_2013.jpg,https://www.vanderbilt.edu/,"Vanderbilt University is a private nonprofit institution in Nashville, TN. This LivingWiki brings together federal education data and current official sources for academics, admissions, costs, campus life, and outcomes.",campus-fallback-wikimedia,CC BY-SA 3.0,Archival Materials Vanderbilt University Edit-A-Thon 2013.jpg,1920,2560,2026-08-19T00:19:18.445Z
166027,00215500,Harvard University,Cambridge,MA,https://www.harvard.edu/,New England Commission on Higher Education,Private nonprofit,Graduate degree,42.374471,-71.118313,7601,0.0365,0.9758,0.983,19066,101817,91.73,2026,13,us-doe-scorecard-featured-500-2026.1,https://collegescorecard.ed.gov/data/,2026-08-11T00:00:00.000Z,https://upload.wikimedia.org/wikipedia/commons/d/d4/Harvard_University_%287200948100%29.jpg?utm_source=commons.wikimedia.org&utm_campaign=imageinfo&utm_content=thumbnail_unscaled,https://www.google.com/s2/favicons?domain=harvard.edu&sz=256,https://commons.wikimedia.org/wiki/File:Harvard_University_(7200948100).jpg,https://www.harvard.edu/,"Harvard University is a private nonprofit institution in Cambridge, MA. This LivingWiki brings together federal education data and current official sources for academics, admissions, costs, campus life, and outcomes.",campus-fallback-wikimedia,CC BY-SA 2.0,Harvard University (7200948100).jpg,1600,1210,2026-08-19T00:19:18.445Z
163286,00210300,University of Maryland-College Park,College Park,MD,https://www.umd.edu/,Middle States Commission on Higher Education,Public,Graduate degree,38.988178,-76.944721,30760,0.4479,0.8859,0.962,15678,82860,91.64,2026,14,us-doe-scorecard-featured-500-2026.1,https://collegescorecard.ed.gov/data/,2026-08-11T00:00:00.000Z,https://upload.wikimedia.org/wikipedia/commons/thumb/6/66/0054-0056_-_UMD_-_Preinkert_Field_House.jpg/1920px-0054-0056_-_UMD_-_Preinkert_Field_House.jpg?utm_source=commons.wikimedia.org&utm_campaign=imageinfo&utm_content=thumbnail,https://www.google.com/s2/favicons?domain=umd.edu&sz=256,https://commons.wikimedia.org/wiki/File:0054-0056_-_UMD_-_Preinkert_Field_House.jpg,https://www.umd.edu/,"University of Maryland-College Park is a public institution in College Park, MD. This LivingWiki brings together federal education data and current official sources for academics, admissions, costs, campus life, and outcomes.",campus-fallback-wikimedia,CC BY-SA 2.5,0054-0056 - UMD - Preinkert Field House.jpg,1920,636,2026-08-19T00:19:18.445Z
110653,00131400,University of California-Irvine,Irvine,CA,https://www.uci.edu/,Western Association of Schools and Colleges Senior Colleges and University Commission,Public,Graduate degree,33.648434,-117.841248,30197,0.2857,0.8687,0.9405,14251,80735,91.6,2026,15,us-doe-scorecard-featured-500-2026.1,https://collegescorecard.ed.gov/data/,2026-08-11T00:00:00.000Z,https://upload.wikimedia.org/wikipedia/commons/thumb/b/b0/The_University_of_California_Irvine.svg/960px-The_University_of_California_Irvine.svg.png?utm_source=en.wikipedia.org&utm_campaign=api&utm_content=thumbnail,https://www.google.com/s2/favicons?domain=uci.edu&sz=256,https://en.wikipedia.org/wiki/University_of_California%2C_Irvine,https://www.uci.edu/,"University of California-Irvine is a public institution in Irvine, CA. This LivingWiki brings together federal education data and current official sources for academics, admissions, costs, campus life, and outcomes.",,,,,,
145637,00177500,University of Illinois Urbana-Champaign,Champaign,IL,https://www.illinois.edu/,Higher Learning Commission,Public,Graduate degree,40.104718,-88.229114,36258,0.4237,0.8513,0.948,14355,81054,91.25,2026,16,us-doe-scorecard-featured-500-2026.1,https://collegescorecard.ed.gov/data/,2026-08-11T00:00:00.000Z,https://upload.wikimedia.org/wikipedia/commons/thumb/f/fd/%222010%22_University_of_Illinois.jpg/1920px-%222010%22_University_of_Illinois.jpg?utm_source=commons.wikimedia.org&utm_campaign=imageinfo&utm_content=thumbnail,https://www.google.com/s2/favicons?domain=illinois.edu&sz=256,https://commons.wikimedia.org/wiki/File:%222010%22_University_of_Illinois.jpg,https://www.illinois.edu/,"University of Illinois Urbana-Champaign is a public institution in Champaign, IL. This LivingWiki brings together federal education data and current official sources for academics, admissions, costs, campus life, and outcomes.",campus-fallback-wikimedia,CC BY 2.0,"""2010"" University of Illinois.jpg",1920,1367,2026-08-19T00:19:18.445Z
161004,00203800,Bowdoin College,Brunswick,ME,https://www.bowdoin.edu/,New England Commission on Higher Education,Private nonprofit,Bachelor degree,43.907134,-69.963942,1873,0.0713,0.9528,0.9683,14398,82735,91.2,2026,17,us-doe-scorecard-featured-500-2026.1,https://collegescorecard.ed.gov/data/,2026-08-11T00:00:00.000Z,https://upload.wikimedia.org/wikipedia/commons/thumb/6/66/Bowdoinmainbuilding.JPG/1920px-Bowdoinmainbuilding.JPG?utm_source=commons.wikimedia.org&utm_campaign=imageinfo&utm_content=thumbnail,https://www.google.com/s2/favicons?domain=bowdoin.edu&sz=256,https://commons.wikimedia.org/wiki/File:Bowdoinmainbuilding.JPG,https://www.bowdoin.edu/,"Bowdoin College is a private nonprofit institution in Brunswick, ME. This LivingWiki brings together federal education data and current official sources for academics, admissions, costs, campus life, and outcomes.",campus-fallback-wikimedia,CC BY 3.0,Bowdoinmainbuilding.JPG,1920,1440,2026-08-19T00:19:18.445Z
236948,00379800,University of Washington-Seattle Campus,Seattle,WA,https://www.washington.edu/,Northwest Commission on Colleges and Universities,Public,Graduate degree,47.65538,-122.30514,31942,0.3915,0.8518,0.9473,14091,78466,91.13,2026,18,us-doe-scorecard-featured-500-2026.1,https://collegescorecard.ed.gov/data/,2026-08-11T00:00:00.000Z,https://uw-s3-cdn.s3.us-west-2.amazonaws.com/wp-content/uploads/sites/48/2025/10/24120805/Untitled-design-1-scaled.png,https://www.google.com/s2/favicons?domain=washington.edu&sz=256,https://www.washington.edu/diversity/?utm_source=whitebar&utm_medium=click&utm_campaign=about&utm_term=diversity,https://www.washington.edu/,"University of Washington-Seattle Campus is a public institution in Seattle, WA. This LivingWiki brings together federal education data and current official sources for academics, admissions, costs, campus life, and outcomes.",official-campus-fallback,,Diversity at the UW &#8211; University of Washington,2560,1280,2026-08-19T00:19:18.445Z
110422,00114300,California Polytechnic State University-San Luis Obispo,San Luis Obispo,CA,https://calpoly.edu/,Western Association of Schools and Colleges Senior Colleges and University Commission,Public,Graduate degree,35.299513,-120.657311,21996,0.3132,0.864,0.9555,16665,90768,91.05,2026,19,us-doe-scorecard-featured-500-2026.1,https://collegescorecard.ed.gov/data/,2026-08-11T00:00:00.000Z,https://upload.wikimedia.org/wikipedia/commons/thumb/c/c8/Anaerobic_Lagoon_at_Cal_Poly.jpg/1920px-Anaerobic_Lagoon_at_Cal_Poly.jpg?utm_source=commons.wikimedia.org&utm_campaign=imageinfo&utm_content=thumbnail,https://www.google.com/s2/favicons?domain=calpoly.edu&sz=256,https://commons.wikimedia.org/wiki/File:Anaerobic_Lagoon_at_Cal_Poly.jpg,https://calpoly.edu/,"California Polytechnic State University-San Luis Obispo is a public institution in San Luis Obispo, CA. This LivingWiki brings together federal education data and current official sources for academics, admissions, costs, campus life, and outcomes.",campus-fallback-wikimedia,CC BY-SA 3.0,Anaerobic Lagoon at Cal Poly.jpg,1920,1440,2026-08-19T00:19:18.445Z
166683,00217800,Massachusetts Institute of Technology,Cambridge,MA,https://web.mit.edu/,New England Commission on Higher Education,Private nonprofit,Graduate degree,42.359243,-71.093226,4535,0.0455,0.9641,0.9908,20111,143372,90.81,2026,20,us-doe-scorecard-featured-500-2026.1,https://collegescorecard.ed.gov/data/,2026-08-11T00:00:00.000Z,https://upload.wikimedia.org/wikipedia/commons/thumb/f/fb/MIT_Building_7_facade.jpg/1920px-MIT_Building_7_facade.jpg?utm_source=commons.wikimedia.org&utm_campaign=imageinfo&utm_content=thumbnail,https://www.google.com/s2/favicons?domain=web.mit.edu&sz=256,https://commons.wikimedia.org/wiki/File:MIT_Building_7_facade.jpg,https://web.mit.edu/,"Massachusetts Institute of Technology is a private nonprofit institution in Cambridge, MA. This LivingWiki brings together federal education data and current official sources for academics, admissions, costs, campus life, and outcomes.",campus-fallback-wikimedia,CC0,MIT Building 7 facade.jpg,1920,2560,2026-08-19T00:19:18.445Z
110644,00131300,University of California-Davis,Davis,CA,https://ucdavis.edu/,Western Association of Schools and Colleges Senior Colleges and University Commission,Public,Graduate degree,38.539667,-121.749567,32253,0.4183,0.8567,0.9281,14741,80838,90.73,2026,21,us-doe-scorecard-featured-500-2026.1,https://collegescorecard.ed.gov/data/,2026-08-11T00:00:00.000Z,https://upload.wikimedia.org/wikipedia/commons/thumb/f/f3/The_University_of_California_Davis.svg/960px-The_University_of_California_Davis.svg.png?utm_source=en.wikipedia.org&utm_campaign=api&utm_content=thumbnail,https://www.google.com/s2/favicons?domain=ucdavis.edu&sz=256,https://en.wikipedia.org/wiki/University_of_California%2C_Davis,https://ucdavis.edu/,"University of California-Davis is a public institution in Davis, CA. This LivingWiki brings together federal education data and current official sources for academics, admissions, costs, campus life, and outcomes.",,,,,,
110404,00113100,California Institute of Technology,Pasadena,CA,https://www.caltech.edu/,Western Association of Schools and Colleges Senior Colleges and University Commission,Private nonprofit,Graduate degree,34.137349,-118.125878,987,0.0257,0.9437,0.9737,16075,128566,90.39,2026,22,us-doe-scorecard-featured-500-2026.1,https://collegescorecard.ed.gov/data/,2026-08-11T00:00:00.000Z,https://upload.wikimedia.org/wikipedia/commons/thumb/e/e9/Baxter_Hall_Caltech_2013.jpg/1920px-Baxter_Hall_Caltech_2013.jpg?utm_source=commons.wikimedia.org&utm_campaign=imageinfo&utm_content=thumbnail,https://www.google.com/s2/favicons?domain=caltech.edu&sz=256,https://commons.wikimedia.org/wiki/File:Baxter_Hall_Caltech_2013.jpg,https://www.caltech.edu/,"California Institute of Technology is a private nonprofit institution in Pasadena, CA. This LivingWiki brings together federal education data and current official sources for academics, admissions, costs, campus life, and outcomes.",campus-fallback-wikimedia,CC BY-SA 3.0,Baxter Hall Caltech 2013.jpg,1920,1440,2026-08-19T00:19:18.445Z
162928,00207700,Johns Hopkins University,Baltimore,MD,https://www.jhu.edu/,Middle States Commission on Higher Education,Private nonprofit,Graduate degree,39.328977,-76.621595,5693,0.0644,0.9378,0.9809,18809,87555,90.18,2026,23,us-doe-scorecard-featured-500-2026.1,https://collegescorecard.ed.gov/data/,2026-08-11T00:00:00.000Z,https://upload.wikimedia.org/wikipedia/commons/0/01/JHU_yard_1.jpg?utm_source=commons.wikimedia.org&utm_campaign=imageinfo&utm_content=thumbnail_unscaled,https://www.google.com/s2/favicons?domain=jhu.edu&sz=256,https://commons.wikimedia.org/wiki/File:JHU_yard_1.jpg,https://www.jhu.edu/,"Johns Hopkins University is a private nonprofit institution in Baltimore, MD. This LivingWiki brings together federal education data and current official sources for academics, admissions, costs, campus life, and outcomes.",campus-fallback-wikimedia,CC BY 2.0,JHU yard 1.jpg,1024,768,2026-08-19T00:19:18.445Z
139959,00159800,University of Georgia,Athens,GA,https://www.uga.edu/,Southern Association of Colleges and Schools Commission on Colleges,Public,Graduate degree,33.956262,-83.374039,32137,0.377,0.8969,0.9404,13936,68726,89.91,2026,24,us-doe-scorecard-featured-500-2026.1,https://collegescorecard.ed.gov/data/,2026-08-11T00:00:00.000Z,https://upload.wikimedia.org/wikipedia/commons/thumb/4/44/Lipscomb_Hall.jpg/1920px-Lipscomb_Hall.jpg?utm_source=commons.wikimedia.org&utm_campaign=imageinfo&utm_content=thumbnail,https://www.google.com/s2/favicons?domain=uga.edu&sz=256,https://commons.wikimedia.org/wiki/File:Lipscomb_Hall.jpg,https://www.uga.edu/,"University of Georgia is a public institution in Athens, GA. This LivingWiki brings together federal education data and current official sources for academics, admissions, costs, campus life, and outcomes.",campus-fallback-wikimedia,CC0,Lipscomb Hall.jpg,1920,1440,2026-08-19T00:19:18.445Z
190150,00270700,Columbia University in the City of New York,New York,NY,https://www.columbia.edu/,Middle States Commission on Higher Education,Private nonprofit,Graduate degree,40.808286,-73.961885,8973,0.0399,0.961,0.98,21590,102491,89.88,2026,25,us-doe-scorecard-featured-500-2026.1,https://collegescorecard.ed.gov/data/,2026-08-11T00:00:00.000Z,https://upload.wikimedia.org/wikipedia/commons/thumb/3/36/Columbia_University_Medical_Center_Bard_Hall_entrance.jpg/1920px-Columbia_University_Medical_Center_Bard_Hall_entrance.jpg?utm_source=commons.wikimedia.org&utm_campaign=imageinfo&utm_content=thumbnail,https://www.google.com/s2/favicons?domain=columbia.edu&sz=256,https://commons.wikimedia.org/wiki/File:Columbia_University_Medical_Center_Bard_Hall_entrance.jpg,https://www.columbia.edu/,"Columbia University in the City of New York is a private nonprofit institution in New York, NY. This LivingWiki brings together federal education data and current official sources for academics, admissions, costs, campus life, and outcomes.",campus-fallback-wikimedia,CC BY-SA 4.0,Columbia University Medical Center Bard Hall entrance.jpg,1920,1440,2026-08-19T00:19:18.445Z
168342,00222900,Williams College,Williamstown,MA,https://www.williams.edu/,New England Commission on Higher Education,Private nonprofit,Graduate degree,42.712725,-73.203132,2076,0.0825,0.9361,0.9685,17716,88665,89.46,2026,26,us-doe-scorecard-featured-500-2026.1,https://collegescorecard.ed.gov/data/,2026-08-11T00:00:00.000Z,https://upload.wikimedia.org/wikipedia/commons/thumb/d/df/Hopkins_Hall_Williams_College.jpg/1920px-Hopkins_Hall_Williams_College.jpg?utm_source=commons.wikimedia.org&utm_campaign=imageinfo&utm_content=thumbnail,https://www.google.com/s2/favicons?domain=williams.edu&sz=256,https://commons.wikimedia.org/wiki/File:Hopkins_Hall_Williams_College.jpg,https://www.williams.edu/,"Williams College is a private nonprofit institution in Williamstown, MA. This LivingWiki brings together federal education data and current official sources for academics, admissions, costs, campus life, and outcomes.",campus-fallback-wikimedia,CC BY-SA 4.0,Hopkins Hall Williams College.jpg,1920,1279,2026-08-19T00:19:18.445Z
234076,00374500,University of Virginia-Main Campus,Charlottesville,VA,https://www.virginia.edu/,Southern Association of Colleges and Schools Commission on Colleges,Public,Graduate degree,38.035665,-78.503428,17597,0.1681,0.956,0.9755,21565,86863,89.34,2026,27,us-doe-scorecard-featured-500-2026.1,https://collegescorecard.ed.gov/data/,2026-08-11T00:00:00.000Z,https://www.virginia.edu/assets/images/homepage/poster-final-exercises-2025.jpg,https://www.google.com/s2/favicons?domain=virginia.edu&sz=256,https://www.virginia.edu/,https://www.virginia.edu/,"University of Virginia-Main Campus is a public institution in Charlottesville, VA. This LivingWiki brings together federal education data and current official sources for academics, admissions, costs, campus life, and outcomes.",official-campus-fallback,,The University of Virginia,2400,1350,2026-08-19T00:19:18.445Z
240444,00389500,University of Wisconsin-Madison,Madison,WI,https://www.wisc.edu/,Higher Learning Commission,Public,Graduate degree,43.075409,-89.404098,36902,0.452,0.8955,0.9616,17354,73792,89.3,2026,28,us-doe-scorecard-featured-500-2026.1,https://collegescorecard.ed.gov/data/,2026-08-11T00:00:00.000Z,https://upload.wikimedia.org/wikipedia/commons/thumb/2/22/Bascom_Hall_%2814986778586%29.jpg/1920px-Bascom_Hall_%2814986778586%29.jpg?utm_source=commons.wikimedia.org&utm_campaign=imageinfo&utm_content=thumbnail,https://www.google.com/s2/favicons?domain=wisc.edu&sz=256,https://commons.wikimedia.org/wiki/File:Bascom_Hall_(14986778586).jpg,https://www.wisc.edu/,"University of Wisconsin-Madison is a public institution in Madison, WI. This LivingWiki brings together federal education data and current official sources for academics, admissions, costs, campus life, and outcomes.",campus-fallback-wikimedia,CC BY 2.0,Bascom Hall (14986778586).jpg,1920,1280,2026-08-19T00:19:18.445Z
243780,00182500,Purdue University-Main Campus,West Lafayette,IN,https://www.purdue.edu/,Higher Learning Commission,Public,Graduate degree,40.428206,-86.914435,44503,0.4987,0.831,0.927,14600,72424,88.33,2026,29,us-doe-scorecard-featured-500-2026.1,https://collegescorecard.ed.gov/data/,2026-08-11T00:00:00.000Z,https://www.purdue.edu/home/wp-content/uploads/2023/09/cropped-Home-Cover-2023_KAL_1419.jpg,https://www.google.com/s2/favicons?domain=purdue.edu&sz=256,https://www.purdue.edu/,https://www.purdue.edu/,"Purdue University-Main Campus is a public institution in West Lafayette, IN. This LivingWiki brings together federal education data and current official sources for academics, admissions, costs, campus life, and outcomes.",,,,,,
130794,00142600,Yale University,New Haven,CT,https://www.yale.edu/,New England Commission on Higher Education,Private nonprofit,Graduate degree,41.311158,-72.926688,6758,0.0387,0.9574,0.9878,23777,100533,87.96,2026,30,us-doe-scorecard-featured-500-2026.1,https://collegescorecard.ed.gov/data/,2026-08-11T00:00:00.000Z,https://upload.wikimedia.org/wikipedia/commons/thumb/0/07/Yale_University_Shield_1.svg/330px-Yale_University_Shield_1.svg.png?utm_source=en.wikipedia.org&utm_campaign=api&utm_content=thumbnail,https://www.google.com/s2/favicons?domain=yale.edu&sz=256,https://en.wikipedia.org/wiki/Yale_University,https://www.yale.edu/,"Yale University is a private nonprofit institution in New Haven, CT. This LivingWiki brings together federal education data and current official sources for academics, admissions, costs, campus life, and outcomes.",,,,,,
179867,00252000,Washington University in St Louis,St. Louis,MO,https://washu.edu/,Higher Learning Commission,Private nonprofit,Graduate degree,38.647929,-90.310604,7857,0.1206,0.9426,0.9495,21786,86182,87.94,2026,31,us-doe-scorecard-featured-500-2026.1,https://collegescorecard.ed.gov/data/,2026-08-11T00:00:00.000Z,https://upload.wikimedia.org/wikipedia/commons/thumb/8/85/Danforth_University_Center.JPG/1920px-Danforth_University_Center.JPG?utm_source=commons.wikimedia.org&utm_campaign=imageinfo&utm_content=thumbnail,https://www.google.com/s2/favicons?domain=washu.edu&sz=256,https://commons.wikimedia.org/wiki/File:Danforth_University_Center.JPG,https://washu.edu/,"Washington University in St Louis is a private nonprofit institution in St. Louis, MO. This LivingWiki brings together federal education data and current official sources for academics, admissions, costs, campus life, and outcomes.",campus-fallback-wikimedia,CC BY-SA 3.0,Danforth University Center.JPG,1920,1440,2026-08-19T00:19:18.445Z
134097,00148900,Florida State University,Tallahassee,FL,https://www.fsu.edu/,Southern Association of Colleges and Schools Commission on Colleges,Public,Graduate degree,30.443147,-84.295064,32212,0.2422,0.8561,0.9605,11297,61675,87.84,2026,32,us-doe-scorecard-featured-500-2026.1,https://collegescorecard.ed.gov/data/,2026-08-11T00:00:00.000Z,https://upload.wikimedia.org/wikipedia/commons/thumb/c/c4/Degraff_Hall_FSU.jpg/1920px-Degraff_Hall_FSU.jpg?utm_source=commons.wikimedia.org&utm_campaign=imageinfo&utm_content=thumbnail,https://www.google.com/s2/favicons?domain=fsu.edu&sz=256,https://commons.wikimedia.org/wiki/File:Degraff_Hall_FSU.jpg,https://www.fsu.edu/,"Florida State University is a public institution in Tallahassee, FL. This LivingWiki brings together federal education data and current official sources for academics, admissions, costs, campus life, and outcomes.",campus-fallback-wikimedia,CC BY-SA 3.0,Degraff Hall FSU.jpg,1920,1440,2026-08-19T00:19:18.445Z
198385,00291800,Davidson College,Davidson,NC,https://davidson.edu/,Southern Association of Colleges and Schools Commission on Colleges,Private nonprofit,Bachelor degree,35.499767,-80.843979,1867,0.1337,0.9107,0.9461,17379,81400,87.82,2026,33,us-doe-scorecard-featured-500-2026.1,https://collegescorecard.ed.gov/data/,2026-08-11T00:00:00.000Z,https://www.davidson.edu/sites/default/files/styles/2400x1000_highlight/public/2023-04/Changing%20Classes%20at%20the%20Wall%20Center_004%20%281%29.jpg?h=2a71c125&itok=fP5OTV-R,https://www.google.com/s2/favicons?domain=davidson.edu&sz=256,https://www.davidson.edu/,https://davidson.edu/,"Davidson College is a private nonprofit institution in Davidson, NC. This LivingWiki brings together federal education data and current official sources for academics, admissions, costs, campus life, and outcomes.",official-campus-fallback,,Davidson College | Davidson,2400,1000,2026-08-19T00:19:18.445Z
228778,00365800,The University of Texas at Austin,Austin,TX,https://www.utexas.edu/,Southern Association of Colleges and Schools Commission on Colleges,Public,Graduate degree,30.282825,-97.738273,42855,0.2664,0.889,0.9674,19857,75121,87.78,2026,34,us-doe-scorecard-featured-500-2026.1,https://collegescorecard.ed.gov/data/,2026-08-11T00:00:00.000Z,https://upload.wikimedia.org/wikipedia/commons/6/6b/Harry_ransom_center_2012.jpg?utm_source=commons.wikimedia.org&utm_campaign=imageinfo&utm_content=thumbnail_unscaled,https://www.google.com/s2/favicons?domain=utexas.edu&sz=256,https://commons.wikimedia.org/wiki/File:Harry_ransom_center_2012.jpg,https://www.utexas.edu/,"The University of Texas at Austin is a public institution in Austin, TX. This LivingWiki brings together federal education data and current official sources for academics, admissions, costs, campus life, and outcomes.",campus-fallback-wikimedia,CC BY 4.0,Harry ransom center 2012.jpg,1789,1193,2026-08-19T00:19:18.445Z
110705,00132000,University of California-Santa Barbara,Santa Barbara,CA,https://www.ucsb.edu/,Western Association of Schools and Colleges Senior Colleges and University Commission,Public,Graduate degree,34.416297,-119.846426,23113,0.3297,0.8303,0.93,16109,74915,87.65,2026,35,us-doe-scorecard-featured-500-2026.1,https://collegescorecard.ed.gov/data/,2026-08-11T00:00:00.000Z,https://upload.wikimedia.org/wikipedia/commons/thumb/7/78/Chancellor_Henry_T._Yang%2C_University_of_California%2C_Santa_Barbara%2C_addresses_the_crowd_at_the_North_Campus_Open_Space_groundbreaking._%2833480188363%29.jpg/1920px-Chancellor_Henry_T._Yang%2C_University_of_California%2C_Santa_Barbara%2C_addresses_the_crowd_at_the_North_Campus_Open_Space_groundbreaking._%2833480188363%29.jpg?utm_source=commons.wikimedia.org&utm_campaign=imageinfo&utm_content=thumbnail,https://www.google.com/s2/favicons?domain=ucsb.edu&sz=256,"https://commons.wikimedia.org/wiki/File:Chancellor_Henry_T._Yang,_University_of_California,_Santa_Barbara,_addresses_the_crowd_at_the_North_Campus_Open_Space_groundbreaking._(33480188363).jpg",https://www.ucsb.edu/,"University of California-Santa Barbara is a public institution in Santa Barbara, CA. This LivingWiki brings together federal education data and current official sources for academics, admissions, costs, campus life, and outcomes.",campus-fallback-wikimedia,Public domain,"Chancellor Henry T. Yang, University of California, Santa Barbara, addresses the crowd at the North Campus Open Space groundbreaking. (33480188363).jpg",1920,1371,2026-08-19T00:19:18.445Z
161086,00203900,Colby College,Waterville,ME,https://www.colby.edu/,New England Commission on Higher Education,Private nonprofit,Bachelor degree,44.564211,-69.66337,2407,0.0709,0.8879,0.9365,17180,80490,87.61,2026,36,us-doe-scorecard-featured-500-2026.1,https://collegescorecard.ed.gov/data/,2026-08-11T00:00:00.000Z,https://upload.wikimedia.org/wikipedia/commons/thumb/b/bf/Colby_College_Johnson_Hall.JPG/1920px-Colby_College_Johnson_Hall.JPG?utm_source=commons.wikimedia.org&utm_campaign=imageinfo&utm_content=thumbnail,https://www.google.com/s2/favicons?domain=colby.edu&sz=256,https://commons.wikimedia.org/wiki/File:Colby_College_Johnson_Hall.JPG,https://www.colby.edu/,"Colby College is a private nonprofit institution in Waterville, ME. This LivingWiki brings together federal education data and current official sources for academics, admissions, costs, campus life, and outcomes.",campus-fallback-wikimedia,CC BY-SA 3.0,Colby College Johnson Hall.JPG,1920,1434,2026-08-19T00:19:18.445Z
197027,00289200,United States Merchant Marine Academy,Kings Point,NY,https://www.usmma.edu/,Middle States Commission on Higher Education,Public,Graduate degree,40.81357,-73.763004,962,0.3424,0.8238,0.8446,6174,90610,87.45,2026,37,us-doe-scorecard-featured-500-2026.1,https://collegescorecard.ed.gov/data/,2026-08-11T00:00:00.000Z,https://upload.wikimedia.org/wikipedia/commons/e/ef/Lifeboat.jpg?utm_source=commons.wikimedia.org&utm_campaign=imageinfo&utm_content=thumbnail_unscaled,https://www.google.com/s2/favicons?domain=usmma.edu&sz=256,https://commons.wikimedia.org/wiki/File:Lifeboat.jpg,https://www.usmma.edu/,"United States Merchant Marine Academy is a public institution in Kings Point, NY. This LivingWiki brings together federal education data and current official sources for academics, admissions, costs, campus life, and outcomes.",campus-fallback-wikimedia,Public domain,Lifeboat.jpg,1016,680,2026-08-19T00:57:52.738Z
230038,00367000,Brigham Young University,Provo,UT,https://byu.edu/,Northwest Commission on Colleges and Universities,Private nonprofit,Graduate degree,40.250851,-111.649281,32952,0.6778,0.8098,0.9097,15564,75790,87.42,2026,38,us-doe-scorecard-featured-500-2026.1,https://collegescorecard.ed.gov/data/,2026-08-11T00:00:00.000Z,https://upload.wikimedia.org/wikipedia/commons/thumb/b/b2/Brigham_Young_University_medallion.svg/250px-Brigham_Young_University_medallion.svg.png?utm_source=en.wikipedia.org&utm_campaign=api&utm_content=thumbnail,https://www.google.com/s2/favicons?domain=byu.edu&sz=256,https://en.wikipedia.org/wiki/Brigham_Young_University,https://byu.edu/,"Brigham Young University is a private nonprofit institution in Provo, UT. This LivingWiki brings together federal education data and current official sources for academics, admissions, costs, campus life, and outcomes.",,,,,,
190512,00727300,CUNY Bernard M Baruch College,New York,NY,https://www.baruch.cuny.edu/,Middle States Commission on Higher Education,Public,Graduate degree,40.740238,-73.983417,16154,0.4752,0.7212,0.886,3033,75971,87.34,2026,39,us-doe-scorecard-featured-500-2026.1,https://collegescorecard.ed.gov/data/,2026-08-11T00:00:00.000Z,https://www.baruch.cuny.edu/wp-content/uploads/sites/28/2026/06/LizWollman_Homepage_Thumbnail.jpg,https://www.google.com/s2/favicons?domain=baruch.cuny.edu&sz=256,https://www.baruch.cuny.edu/,https://www.baruch.cuny.edu/,"CUNY Bernard M Baruch College is a public institution in New York, NY. This LivingWiki brings together federal education data and current official sources for academics, admissions, costs, campus life, and outcomes.",official-campus-fallback,,Baruch College,840,360,2026-08-19T00:19:18.445Z
217156,00340100,Brown University,Providence,RI,https://www.brown.edu/,New England Commission on Higher Education,Private nonprofit,Graduate degree,41.82617,-71.40385,7226,0.0539,0.9569,0.9882,25184,93487,87.09,2026,40,us-doe-scorecard-featured-500-2026.1,https://collegescorecard.ed.gov/data/,2026-08-11T00:00:00.000Z,https://upload.wikimedia.org/wikipedia/en/thumb/5/50/Shield_of_Brown_University.svg/250px-Shield_of_Brown_University.svg.png?utm_source=en.wikipedia.org&utm_campaign=api&utm_content=thumbnail,https://www.google.com/s2/favicons?domain=brown.edu&sz=256,https://en.wikipedia.org/wiki/Brown_University,https://www.brown.edu/,"Brown University is a private nonprofit institution in Providence, RI. This LivingWiki brings together federal education data and current official sources for academics, admissions, costs, campus life, and outcomes.",,,,,,
121345,00117300,Pomona College,Claremont,CA,https://www.pomona.edu/,Western Association of Schools and Colleges Senior Colleges and University Commission,Private nonprofit,Bachelor degree,34.099027,-117.714556,1666,0.0709,0.932,0.9755,19285,77779,86.73,2026,41,us-doe-scorecard-featured-500-2026.1,https://collegescorecard.ed.gov/data/,2026-08-11T00:00:00.000Z,https://www.pomona.edu/sites/default/files/styles/16x9_3200_x_1800/public/2026-08/HomepageBannerMoveIn2026_firstframe.jpg?h=d1cb525d&itok=3Bh8Hmet,https://www.google.com/s2/favicons?domain=pomona.edu&sz=256,https://www.pomona.edu/,https://www.pomona.edu/,"Pomona College is a private nonprofit institution in Claremont, CA. This LivingWiki brings together federal education data and current official sources for academics, admissions, costs, campus life, and outcomes.",official-campus-fallback,,"Home | Pomona College in Claremont, California - Pomona College",3200,1800,2026-08-19T00:19:18.445Z
152080,00184000,University of Notre Dame,Notre Dame,IN,https://www.nd.edu/,Higher Learning Commission,Private nonprofit,Graduate degree,41.703058,-86.238959,8818,0.1127,0.9517,0.9908,26780,99980,86.65,2026,42,us-doe-scorecard-featured-500-2026.1,https://collegescorecard.ed.gov/data/,2026-08-11T00:00:00.000Z,https://static.nd.edu/images/webclips/default/webclip-1024.png,https://www.google.com/s2/favicons?domain=nd.edu&sz=256,https://www.nd.edu/about/visit/,https://www.nd.edu/,"University of Notre Dame is a private nonprofit institution in Notre Dame, IN. This LivingWiki brings together federal education data and current official sources for academics, admissions, costs, campus life, and outcomes.",official-campus-fallback,,Visit | University of Notre Dame,1024,1024,2026-08-19T00:19:18.445Z
231624,00370500,William & Mary,Williamsburg,VA,https://www.wm.edu/,Southern Association of Colleges and Schools Commission on Colleges,Public,Graduate degree,37.269489,-76.708214,7055,0.3407,0.8942,0.9456,19096,73490,86.61,2026,43,us-doe-scorecard-featured-500-2026.1,https://collegescorecard.ed.gov/data/,2026-08-11T00:00:00.000Z,https://www.wm.edu/images/social/default2.jpg,https://www.google.com/s2/favicons?domain=wm.edu&sz=256,https://www.wm.edu/,https://www.wm.edu/,"William & Mary is a public institution in Williamsburg, VA. This LivingWiki brings together federal education data and current official sources for academics, admissions, costs, campus life, and outcomes.",,,,,,
215062,00337800,University of Pennsylvania,Philadelphia,PA,https://www.upenn.edu/,Middle States Commission on Higher Education,Private nonprofit,Graduate degree,39.950929,-75.19391,10650,0.054,0.9654,0.9888,28699,111371,86.6,2026,44,us-doe-scorecard-featured-500-2026.1,https://collegescorecard.ed.gov/data/,2026-08-11T00:00:00.000Z,https://upload.wikimedia.org/wikipedia/commons/thumb/9/92/UPenn_shield_with_banner.svg/250px-UPenn_shield_with_banner.svg.png?utm_source=en.wikipedia.org&utm_campaign=api&utm_content=thumbnail,https://www.google.com/s2/favicons?domain=upenn.edu&sz=256,https://en.wikipedia.org/wiki/University_of_Pennsylvania,https://www.upenn.edu/,"University of Pennsylvania is a private nonprofit institution in Philadelphia, PA. This LivingWiki brings together federal education data and current official sources for academics, admissions, costs, campus life, and outcomes.",,,,,,
199193,00297200,North Carolina State University at Raleigh,Raleigh,NC,https://www.ncsu.edu/,Southern Association of Colleges and Schools Commission on Colleges,Public,Graduate degree,35.785111,-78.674517,27371,0.4174,0.8476,0.9447,17303,68758,86.53,2026,45,us-doe-scorecard-featured-500-2026.1,https://collegescorecard.ed.gov/data/,2026-08-11T00:00:00.000Z,https://upload.wikimedia.org/wikipedia/commons/thumb/0/0c/College_of_Humanities_and_Social_Science.JPG/1920px-College_of_Humanities_and_Social_Science.JPG?utm_source=commons.wikimedia.org&utm_campaign=imageinfo&utm_content=thumbnail,https://www.google.com/s2/favicons?domain=ncsu.edu&sz=256,https://commons.wikimedia.org/wiki/File:College_of_Humanities_and_Social_Science.JPG,https://www.ncsu.edu/,"North Carolina State University at Raleigh is a public institution in Raleigh, NC. This LivingWiki brings together federal education data and current official sources for academics, admissions, costs, campus life, and outcomes.",campus-fallback-wikimedia,CC BY-SA 3.0,College of Humanities and Social Science.JPG,1920,1920,2026-08-19T01:09:50.516Z
190415,00271100,Cornell University,Ithaca,NY,https://www.cornell.edu/,Middle States Commission on Higher Education,Private nonprofit,Graduate degree,42.4472,-76.483084,15995,0.0876,0.9538,0.9838,28690,104043,86.48,2026,46,us-doe-scorecard-featured-500-2026.1,https://collegescorecard.ed.gov/data/,2026-08-11T00:00:00.000Z,https://upload.wikimedia.org/wikipedia/commons/thumb/3/34/Cornell_University%2C_Ho_Plaza_and_Sage_Hall.jpg/1920px-Cornell_University%2C_Ho_Plaza_and_Sage_Hall.jpg?utm_source=commons.wikimedia.org&utm_campaign=imageinfo&utm_content=thumbnail,https://www.google.com/s2/favicons?domain=cornell.edu&sz=256,"https://commons.wikimedia.org/wiki/File:Cornell_University,_Ho_Plaza_and_Sage_Hall.jpg",https://www.cornell.edu/,"Cornell University is a private nonprofit institution in Ithaca, NY. This LivingWiki brings together federal education data and current official sources for academics, admissions, costs, campus life, and outcomes.",campus-fallback-wikimedia,CC BY-SA 2.0,"Cornell University, Ho Plaza and Sage Hall.jpg",1920,1437,2026-08-19T00:19:18.445Z
174066,00396900,University of Minnesota-Twin Cities,Minneapolis,MN,https://twin-cities.umn.edu/,Higher Learning Commission,Public,Graduate degree,44.972851,-93.235464,31855,0.7975,0.8528,0.9112,16778,69020,86.24,2026,47,us-doe-scorecard-featured-500-2026.1,https://collegescorecard.ed.gov/data/,2026-08-11T00:00:00.000Z,https://twin-cities.umn.edu/sites/twin-cities.umn.edu/files/umn-lawn.jpg,https://www.google.com/s2/favicons?domain=twin-cities.umn.edu&sz=256,https://twin-cities.umn.edu/,https://twin-cities.umn.edu/,"University of Minnesota-Twin Cities is a public institution in Minneapolis, MN. This LivingWiki brings together federal education data and current official sources for academics, admissions, costs, campus life, and outcomes.",official-campus-fallback,,University of Minnesota Twin Cities,900,600,2026-08-19T00:19:18.445Z
190372,00271000,The Cooper Union for the Advancement of Science and Art,New York,NY,https://www.cooper.edu/,Middle States Commission on Higher Education,Private nonprofit,Graduate degree,40.728148,-73.991609,842,0.2071,0.8111,0.9194,13269,83847,86.16,2026,48,us-doe-scorecard-featured-500-2026.1,https://collegescorecard.ed.gov/data/,2026-08-11T00:00:00.000Z,https://upload.wikimedia.org/wikipedia/commons/7/75/The_Cooper_Union%27s_Foundation_Building_-_North_Side_%2848072759802%29.jpg?utm_source=en.wikipedia.org&utm_campaign=api&utm_content=thumbnail_unscaled,https://www.google.com/s2/favicons?domain=cooper.edu&sz=256,https://en.wikipedia.org/wiki/Cooper_Union,https://www.cooper.edu/,"The Cooper Union for the Advancement of Science and Art is a private nonprofit institution in New York, NY. This LivingWiki brings together federal education data and current official sources for academics, admissions, costs, campus life, and outcomes.",,,,,,
139658,00156400,Emory University,Atlanta,GA,https://www.emory.edu/,Southern Association of Colleges and Schools Commission on Colleges,Private nonprofit,Graduate degree,33.790183,-84.325512,7298,0.1065,0.9109,0.957,22585,80137,85.76,2026,49,us-doe-scorecard-featured-500-2026.1,https://collegescorecard.ed.gov/data/,2026-08-11T00:00:00.000Z,https://www.emory.edu/sites/emorymain/files/styles/og_image/public/2026-05/0040103-25KH-F141.jpg?itok=tx917ny7,https://www.google.com/s2/favicons?domain=emory.edu&sz=256,https://www.emory.edu/,https://www.emory.edu/,"Emory University is a private nonprofit institution in Atlanta, GA. This LivingWiki brings together federal education data and current official sources for academics, admissions, costs, campus life, and outcomes.",official-campus-fallback,,Home | Emory University,1200,630,2026-08-19T00:19:18.445Z
234207,00376800,Washington and Lee University,Lexington,VA,https://www.wlu.edu/,Southern Association of Colleges and Schools Commission on Colleges,Private nonprofit,Graduate degree,37.788939,-79.443018,1881,0.1397,0.9388,0.9661,23781,94810,85.31,2026,50,us-doe-scorecard-featured-500-2026.1,https://collegescorecard.ed.gov/data/,2026-08-11T00:00:00.000Z,https://www.wlu.edu/assets/Academics/chemistry-and-biochemistry.jpg,https://www.google.com/s2/favicons?domain=wlu.edu&sz=256,https://www.wlu.edu/,https://www.wlu.edu/,"Washington and Lee University is a private nonprofit institution in Lexington, VA. This LivingWiki brings together federal education data and current official sources for academics, admissions, costs, campus life, and outcomes.",official-campus-fallback,,Washington and Lee University,980,980,2026-08-19T00:19:18.445Z
198419,00292000,Duke University,Durham,NC,https://www.duke.edu/,Southern Association of Colleges and Schools Commission on Colleges,Private nonprofit,Graduate degree,36.001135,-78.937624,6442,0.0571,0.9678,0.9793,29612,97800,85.18,2026,51,us-doe-scorecard-featured-500-2026.1,https://collegescorecard.ed.gov/data/,2026-08-11T00:00:00.000Z,https://upload.wikimedia.org/wikipedia/commons/a/af/Duke_Chapel_4_16_05.jpg?utm_source=commons.wikimedia.org&utm_campaign=imageinfo&utm_content=thumbnail_unscaled,https://www.google.com/s2/favicons?domain=duke.edu&sz=256,https://commons.wikimedia.org/wiki/File:Duke_Chapel_4_16_05.jpg,https://www.duke.edu/,"Duke University is a private nonprofit institution in Durham, NC. This LivingWiki brings together federal education data and current official sources for academics, admissions, costs, campus life, and outcomes.",campus-fallback-wikimedia,Public domain,Duke Chapel 4 16 05.jpg,1536,2048,2026-08-19T00:19:18.445Z
164988,00213000,Boston University,Boston,MA,https://www.bu.edu/,New England Commission on Higher Education,Private nonprofit,Graduate degree,42.351118,-71.107942,18248,0.1111,0.8866,0.9472,24402,83238,85.14,2026,52,us-doe-scorecard-featured-500-2026.1,https://collegescorecard.ed.gov/data/,2026-08-11T00:00:00.000Z,https://www.bu.edu/home/img/opium-lede-1000x688.jpg,https://www.google.com/s2/favicons?domain=bu.edu&sz=256,https://www.bu.edu/,https://www.bu.edu/,"Boston University is a private nonprofit institution in Boston, MA. This LivingWiki brings together federal education data and current official sources for academics, admissions, costs, campus life, and outcomes.",official-campus-fallback,,Homepage | Boston University,1000,688,2026-08-19T00:19:18.445Z
130943,00143100,University of Delaware,Newark,DE,https://www.udel.edu/,Middle States Commission on Higher Education,Public,Graduate degree,39.679577,-75.752822,19071,0.706,0.8055,0.9196,17799,72950,85.14,2026,53,us-doe-scorecard-featured-500-2026.1,https://collegescorecard.ed.gov/data/,2026-08-11T00:00:00.000Z,https://upload.wikimedia.org/wikipedia/commons/5/58/Cannon_Hall_UofDel_by_Carol_M_Highsmith.jpg?utm_source=commons.wikimedia.org&utm_campaign=imageinfo&utm_content=thumbnail_unscaled,https://www.google.com/s2/favicons?domain=udel.edu&sz=256,https://commons.wikimedia.org/wiki/File:Cannon_Hall_UofDel_by_Carol_M_Highsmith.jpg,https://www.udel.edu/,"University of Delaware is a public institution in Newark, DE. This LivingWiki brings together federal education data and current official sources for academics, admissions, costs, campus life, and outcomes.",campus-fallback-wikimedia,Public domain,Cannon Hall UofDel by Carol M Highsmith.jpg,1024,768,2026-08-19T00:19:18.445Z
147767,00173900,Northwestern University,Evanston,IL,https://www.northwestern.edu/,Higher Learning Commission,Private nonprofit,Graduate degree,42.050356,-87.679858,9201,0.0769,0.9513,0.981,29167,89363,85.02,2026,54,us-doe-scorecard-featured-500-2026.1,https://collegescorecard.ed.gov/data/,2026-08-11T00:00:00.000Z,https://upload.wikimedia.org/wikipedia/commons/thumb/1/11/Frances_Searle_Building.jpg/1920px-Frances_Searle_Building.jpg?utm_source=commons.wikimedia.org&utm_campaign=imageinfo&utm_content=thumbnail,https://www.google.com/s2/favicons?domain=northwestern.edu&sz=256,https://commons.wikimedia.org/wiki/File:Frances_Searle_Building.jpg,https://www.northwestern.edu/,"Northwestern University is a private nonprofit institution in Evanston, IL. This LivingWiki brings together federal education data and current official sources for academics, admissions, costs, campus life, and outcomes.",campus-fallback-wikimedia,CC BY-SA 4.0,Frances Searle Building.jpg,1920,1440,2026-08-19T00:57:08.491Z
182670,00257300,Dartmouth College,Hanover,NH,https://dartmouth.edu/,New England Commission on Higher Education,Private nonprofit,Graduate degree,43.704115,-72.289949,4541,0.054,0.9554,0.9842,29519,97434,84.79,2026,55,us-doe-scorecard-featured-500-2026.1,https://collegescorecard.ed.gov/data/,2026-08-11T00:00:00.000Z,https://upload.wikimedia.org/wikipedia/en/thumb/e/e4/Dartmouth_College_shield.svg/250px-Dartmouth_College_shield.svg.png?utm_source=en.wikipedia.org&utm_campaign=api&utm_content=thumbnail,https://www.google.com/s2/favicons?domain=dartmouth.edu&sz=256,https://en.wikipedia.org/wiki/Dartmouth_College,https://dartmouth.edu/,"Dartmouth College is a private nonprofit institution in Hanover, NH. This LivingWiki brings together federal education data and current official sources for academics, admissions, costs, campus life, and outcomes.",,,,,,
211440,00324200,Carnegie Mellon University,Pittsburgh,PA,https://www.cmu.edu/,Middle States Commission on Higher Education,Private nonprofit,Graduate degree,40.44357,-79.941993,7304,0.1166,0.9413,0.98,31944,114862,84.69,2026,56,us-doe-scorecard-featured-500-2026.1,https://collegescorecard.ed.gov/data/,2026-08-11T00:00:00.000Z,https://www.cmu.edu/sites/default/files/styles/max_1300x1300/public/2025-05/first-day-1.png.webp?itok=vicSMwVF,https://www.google.com/s2/favicons?domain=cmu.edu&sz=256,https://www.cmu.edu/about/history,https://www.cmu.edu/,"Carnegie Mellon University is a private nonprofit institution in Pittsburgh, PA. This LivingWiki brings together federal education data and current official sources for academics, admissions, costs, campus life, and outcomes.",official-campus-fallback,,History | Carnegie Mellon University,930,630,2026-08-19T00:19:18.445Z
228723,00363200,Texas A&M University-College Station,College Station,TX,https://www.tamu.edu/,Southern Association of Colleges and Schools Commission on Colleges,Public,Graduate degree,30.618726,-96.336475,59615,0.5743,0.8391,0.9431,21315,72097,84.36,2026,57,us-doe-scorecard-featured-500-2026.1,https://collegescorecard.ed.gov/data/,2026-08-11T00:00:00.000Z,https://www.tamu.edu/_files/images/tam-social.jpg,https://www.google.com/s2/favicons?domain=tamu.edu&sz=256,https://www.tamu.edu/academics/campuses-locations.html,https://www.tamu.edu/,"Texas A&M University-College Station is a public institution in College Station, TX. This LivingWiki brings together federal education data and current official sources for academics, admissions, costs, campus life, and outcomes.",official-campus-fallback,,Texas A&M University Campuses and Locations | Texas A&M University,1920,1080,2026-08-19T00:19:18.445Z
164465,00211500,Amherst College,Amherst,MA,https://www.amherst.edu/,New England Commission on Higher Education,Private nonprofit,Bachelor degree,42.372459,-72.518493,1911,0.0901,0.939,0.9734,23367,77644,84.01,2026,58,us-doe-scorecard-featured-500-2026.1,https://collegescorecard.ed.gov/data/,2026-08-11T00:00:00.000Z,https://upload.wikimedia.org/wikipedia/commons/e/ef/Jchap1.JPG?utm_source=commons.wikimedia.org&utm_campaign=imageinfo&utm_content=thumbnail_unscaled,https://www.google.com/s2/favicons?domain=amherst.edu&sz=256,https://commons.wikimedia.org/wiki/File:Jchap1.JPG,https://www.amherst.edu/,"Amherst College is a private nonprofit institution in Amherst, MA. This LivingWiki brings together federal education data and current official sources for academics, admissions, costs, campus life, and outcomes.",campus-fallback-wikimedia,CC BY 3.0,Jchap1.JPG,1562,1150,2026-08-19T01:03:46.698Z
167358,00219900,Northeastern University,Boston,MA,https://www.northeastern.edu/,New England Commission on Higher Education,Private nonprofit,Graduate degree,42.339992,-71.088782,17326,0.0522,0.9054,0.969,30915,92538,84.01,2026,59,us-doe-scorecard-featured-500-2026.1,https://collegescorecard.ed.gov/data/,2026-08-11T00:00:00.000Z,https://www.northeastern.edu/wp-content/uploads/IMG_Students-Husky-Dog-1600x1065.jpg,https://www.google.com/s2/favicons?domain=northeastern.edu&sz=256,https://www.northeastern.edu/,https://www.northeastern.edu/,"Northeastern University is a private nonprofit institution in Boston, MA. This LivingWiki brings together federal education data and current official sources for academics, admissions, costs, campus life, and outcomes.",official-campus-fallback,,Home - Northeastern University,1600,1065,2026-08-19T00:19:18.445Z
233921,00375400,Virginia Polytechnic Institute and State University,Blacksburg,VA,https://www.vt.edu/,Southern Association of Colleges and Schools Commission on Colleges,Public,Graduate degree,37.229012,-80.423675,30923,0.5478,0.8622,0.9308,24953,81698,83.95,2026,60,us-doe-scorecard-featured-500-2026.1,https://collegescorecard.ed.gov/data/,2026-08-11T00:00:00.000Z,https://vt.edu/content/vt_edu/en/advantage/about/_jcr_content/article-image.transform/l-medium/image.jpg,https://www.google.com/s2/favicons?domain=vt.edu&sz=256,https://www.vt.edu/advantage/about.html,https://www.vt.edu/,"Virginia Polytechnic Institute and State University is a public institution in Blacksburg, VA. This LivingWiki brings together federal education data and current official sources for academics, admissions, costs, campus life, and outcomes.",official-campus-fallback,,Virginia Tech Advantage: Scholarships & Support for Students | Virginia Tech,1024,384,2026-08-19T00:19:18.445Z
204796,00309000,Ohio State University-Main Campus,Columbus,OH,https://www.osu.edu/,Higher Learning Commission,Public,Graduate degree,39.999803,-83.007525,45638,0.6057,0.8772,0.9423,17339,60409,83.92,2026,61,us-doe-scorecard-featured-500-2026.1,https://collegescorecard.ed.gov/data/,2026-08-11T00:00:00.000Z,https://editing.intcomm.osu.edu/sites/default/files/2026-08/marysvillemobility_homepage.jpg,https://www.google.com/s2/favicons?domain=osu.edu&sz=256,https://www.osu.edu/,https://www.osu.edu/,"Ohio State University-Main Campus is a public institution in Columbus, OH. This LivingWiki brings together federal education data and current official sources for academics, admissions, costs, campus life, and outcomes.",official-campus-fallback,,Home | The Ohio State University,1400,854,2026-08-19T00:19:18.445Z
123961,00132800,University of Southern California,Los Angeles,CA,https://www.usc.edu/,Western Association of Schools and Colleges Senior Colleges and University Commission,Private nonprofit,Graduate degree,34.021281,-118.284169,20443,0.0981,0.9183,0.9593,32740,92498,83.85,2026,62,us-doe-scorecard-featured-500-2026.1,https://collegescorecard.ed.gov/data/,2026-08-11T00:00:00.000Z,https://upload.wikimedia.org/wikipedia/commons/thumb/c/ca/Hapa_Japan_Concert_02_25_2017_-6_%2833417652630%29.jpg/1920px-Hapa_Japan_Concert_02_25_2017_-6_%2833417652630%29.jpg?utm_source=commons.wikimedia.org&utm_campaign=imageinfo&utm_content=thumbnail,https://www.google.com/s2/favicons?domain=usc.edu&sz=256,https://commons.wikimedia.org/wiki/File:Hapa_Japan_Concert_02_25_2017_-6_(33417652630).jpg,https://www.usc.edu/,"University of Southern California is a private nonprofit institution in Los Angeles, CA. This LivingWiki brings together federal education data and current official sources for academics, admissions, costs, campus life, and outcomes.",campus-fallback-wikimedia,CC BY 2.0,Hapa Japan Concert 02 25 2017 -6 (33417652630).jpg,1920,1324,2026-08-19T01:03:47.823Z
185828,00262100,New Jersey Institute of Technology,Newark,NJ,https://www.njit.edu/,Middle States Commission on Higher Education,Public,Graduate degree,40.741997,-74.177113,9019,0.6507,0.7276,0.8954,16504,84276,83.83,2026,63,us-doe-scorecard-featured-500-2026.1,https://collegescorecard.ed.gov/data/,2026-08-11T00:00:00.000Z,https://www.njit.edu/sites/default/files/CAMPUS%20MAPS%20CURRENT_2023_06_28%20%281%29.png,https://www.google.com/s2/favicons?domain=njit.edu&sz=256,https://www.njit.edu/campus-parking-maps,https://www.njit.edu/,"New Jersey Institute of Technology is a public institution in Newark, NJ. This LivingWiki brings together federal education data and current official sources for academics, admissions, costs, campus life, and outcomes.",official-campus-fallback,,Campus & Parking Maps | New Jersey Institute of Technology,4752,2664,2026-08-19T00:19:18.445Z
217882,00342500,Clemson University,Clemson,SC,https://www.clemson.edu/,Southern Association of Colleges and Schools Commission on Colleges,Public,Graduate degree,34.679381,-82.835114,23300,0.3834,0.8656,0.9347,22253,71513,83.78,2026,64,us-doe-scorecard-featured-500-2026.1,https://collegescorecard.ed.gov/data/,2026-08-11T00:00:00.000Z,https://www.clemson.edu/_images/featured-main-campus-aerial.jpg,https://www.google.com/s2/favicons?domain=clemson.edu&sz=256,https://www.clemson.edu/admissions/,https://www.clemson.edu/,"Clemson University is a public institution in Clemson, SC. This LivingWiki brings together federal education data and current official sources for academics, admissions, costs, campus life, and outcomes.",official-campus-fallback,,"Admissions | Clemson University, South Carolina",1200,627,2026-08-19T00:19:18.445Z
168218,00222400,Wellesley College,Wellesley,MA,https://www.wellesley.edu/,New England Commission on Higher Education,Private nonprofit,Bachelor degree,42.291554,-71.306605,2300,0.1405,0.9153,0.965,25496,84803,83.49,2026,65,us-doe-scorecard-featured-500-2026.1,https://collegescorecard.ed.gov/data/,2026-08-11T00:00:00.000Z,https://wellesley-college.transforms.svdcdn.com/production/fallback-images/img-share.jpg?w=1200&h=630&q=82&auto=format&fit=crop&dm=1721756863&s=63585479ee866045c2ef8caaf38369b0,https://www.google.com/s2/favicons?domain=wellesley.edu&sz=256,https://www.wellesley.edu/current-students,https://www.wellesley.edu/,"Wellesley College is a private nonprofit institution in Wellesley, MA. This LivingWiki brings together federal education data and current official sources for academics, admissions, costs, campus life, and outcomes.",official-campus-fallback,,Wellesley - Current Students,1200,630,2026-08-19T00:19:18.445Z
110671,00131600,University of California-Riverside,Riverside,CA,https://www.ucr.edu/,Western Association of Schools and Colleges Senior Colleges and University Commission,Public,Graduate degree,33.97246,-117.32741,22593,0.7639,0.7596,0.876,14304,67699,83.44,2026,66,us-doe-scorecard-featured-500-2026.1,https://collegescorecard.ed.gov/data/,2026-08-11T00:00:00.000Z,https://upload.wikimedia.org/wikipedia/commons/c/cf/University_Village_%28University_of_California%2C_Riverside%29.jpg?utm_source=en.wikipedia.org&utm_campaign=parser&utm_content=thumbnail_unscaled,https://www.google.com/s2/favicons?domain=ucr.edu&sz=256,https://en.wikipedia.org/wiki/University_of_California%2C_Riverside,https://www.ucr.edu/,"University of California-Riverside is a public institution in Riverside, CA. This LivingWiki brings together federal education data and current official sources for academics, admissions, costs, campus life, and outcomes.",related-source-page,,"University of California, Riverside - Wikipedia",931,461,2026-08-19T01:04:46.039Z
131496,00144500,Georgetown University,Washington,DC,https://www.georgetown.edu/,Middle States Commission on Higher Education,Private nonprofit,Graduate degree,38.908809,-77.073463,7569,0.1291,0.9481,0.9675,40815,103494,83.42,2026,67,us-doe-scorecard-featured-500-2026.1,https://collegescorecard.ed.gov/data/,2026-08-11T00:00:00.000Z,https://upload.wikimedia.org/wikipedia/commons/7/72/Healy_Hall_Entrance.jpg?utm_source=commons.wikimedia.org&utm_campaign=imageinfo&utm_content=thumbnail_unscaled,https://www.google.com/s2/favicons?domain=georgetown.edu&sz=256,https://commons.wikimedia.org/wiki/File:Healy_Hall_Entrance.jpg,https://www.georgetown.edu/,"Georgetown University is a private nonprofit institution in Washington, DC. This LivingWiki brings together federal education data and current official sources for academics, admissions, costs, campus life, and outcomes.",campus-fallback-wikimedia,CC BY-SA 3.0,Healy Hall Entrance.jpg,1024,714,2026-08-19T00:57:08.997Z
151351,00180900,Indiana University-Bloomington,Bloomington,IN,https://bloomington.iu.edu/,Higher Learning Commission,Public,Graduate degree,39.16609,-86.526559,37806,0.7821,0.8021,0.9106,16264,63742,83.34,2026,68,us-doe-scorecard-featured-500-2026.1,https://collegescorecard.ed.gov/data/,2026-08-11T00:00:00.000Z,https://bloomington.iu.edu/images/index/homepage-thumbnail.webp,https://www.google.com/s2/favicons?domain=bloomington.iu.edu&sz=256,https://bloomington.iu.edu/,https://bloomington.iu.edu/,"Indiana University-Bloomington is a public institution in Bloomington, IN. This LivingWiki brings together federal education data and current official sources for academics, admissions, costs, campus life, and outcomes.",official-campus-fallback,,"Indiana University Bloomington | Academics, research, and impact",1280,853,2026-08-19T00:19:18.445Z
216287,00337000,Swarthmore College,Swarthmore,PA,https://www.swarthmore.edu/,Middle States Commission on Higher Education,Private nonprofit,Bachelor degree,39.905159,-75.354278,1613,0.0746,0.9227,0.9398,23149,80257,83.27,2026,69,us-doe-scorecard-featured-500-2026.1,https://collegescorecard.ed.gov/data/,2026-08-11T00:00:00.000Z,https://www.swarthmore.edu/sites/default/files/styles/feature_callout/public/assets/images/news-events/250826_orientation_196.jpg.webp?itok=rSHLbfNw,https://www.google.com/s2/favicons?domain=swarthmore.edu&sz=256,https://www.swarthmore.edu/,https://www.swarthmore.edu/,"Swarthmore College is a private nonprofit institution in Swarthmore, PA. This LivingWiki brings together federal education data and current official sources for academics, admissions, costs, campus life, and outcomes.",official-campus-fallback,,Swarthmore Home :: Swarthmore College,1200,797,2026-08-19T00:19:18.445Z
196079,00283600,Binghamton University,Vestal,NY,https://www.binghamton.edu/,Middle States Commission on Higher Education,Public,Graduate degree,42.087868,-75.966889,14655,0.3861,0.8162,0.8938,21620,80596,83.24,2026,70,us-doe-scorecard-featured-500-2026.1,https://collegescorecard.ed.gov/data/,2026-08-11T00:00:00.000Z,https://www.binghamton.edu/img/hi-res/home/class-of-b.jpg,https://www.google.com/s2/favicons?domain=binghamton.edu&sz=256,https://www.binghamton.edu/index.php,https://www.binghamton.edu/,"Binghamton University is a public institution in Vestal, NY. This LivingWiki brings together federal education data and current official sources for academics, admissions, costs, campus life, and outcomes.",official-campus-fallback,,"Binghamton University, State University of New York (SUNY) | Binghamton University | Binghamton University",1600,600,2026-08-19T00:19:18.445Z
133951,00963500,Florida International University,Miami,FL,https://www.fiu.edu/,Southern Association of Colleges and Schools Commission on Colleges,Public,Graduate degree,25.75732,-80.373928,39508,0.5466,0.7443,0.9185,9288,60249,83.17,2026,71,us-doe-scorecard-featured-500-2026.1,https://collegescorecard.ed.gov/data/,2026-08-11T00:00:00.000Z,https://www.fiu.edu/_assets/images/cover.jpg?id=2a56da8b0a73710b5d5807d6a3a4190d,https://www.google.com/s2/favicons?domain=fiu.edu&sz=256,https://www.fiu.edu/,https://www.fiu.edu/,"Florida International University is a public institution in Miami, FL. This LivingWiki brings together federal education data and current official sources for academics, admissions, costs, campus life, and outcomes.",official-campus-fallback,,"Florida International University in Miami, FL",1200,655,2026-08-19T00:19:18.445Z
122409,00115100,San Diego State University,San Diego,CA,https://www.sdsu.edu/,Western Association of Schools and Colleges Senior Colleges and University Commission,Public,Graduate degree,32.77525,-117.071228,35377,0.3619,0.7643,0.9063,15364,64909,83.12,2026,72,us-doe-scorecard-featured-500-2026.1,https://collegescorecard.ed.gov/data/,2026-08-11T00:00:00.000Z,https://www.sdsu.edu/news/2026/08/_images/uribe-lab.jpg,https://www.google.com/s2/favicons?domain=sdsu.edu&sz=256,https://www.sdsu.edu/news,https://www.sdsu.edu/,"San Diego State University is a public institution in San Diego, CA. This LivingWiki brings together federal education data and current official sources for academics, admissions, costs, campus life, and outcomes.",official-campus-fallback,,SDSU NewsCenter | News | SDSU,1920,1090,2026-08-19T00:19:18.445Z
132903,00395400,University of Central Florida,Orlando,FL,https://www.ucf.edu/,Higher Learning Commission,Public,Graduate degree,28.602159,-81.200889,59146,0.4011,0.7801,0.9235,10411,58308,82.84,2026,73,us-doe-scorecard-featured-500-2026.1,https://collegescorecard.ed.gov/data/,2026-08-11T00:00:00.000Z,https://www.ucf.edu/wp-content/blogs.dir/16/files/2026/07/UCF-Header-PoweringNew-Background-1600x500-1.jpg?auto=webp,https://www.google.com/s2/favicons?domain=ucf.edu&sz=256,https://www.ucf.edu/,https://www.ucf.edu/,"University of Central Florida is a public institution in Orlando, FL. This LivingWiki brings together federal education data and current official sources for academics, admissions, costs, campus life, and outcomes.",official-campus-fallback,,University of Central Florida | Florida&#039;s Technological University,1600,500,2026-08-19T00:19:18.445Z
122755,00115500,San Jose State University,San Jose,CA,https://www.sjsu.edu/,Western Association of Schools and Colleges Senior Colleges and University Commission,Public,Graduate degree,37.336569,-121.880621,27601,0.8461,0.6922,0.8684,13760,78988,82.65,2026,74,us-doe-scorecard-featured-500-2026.1,https://collegescorecard.ed.gov/data/,2026-08-11T00:00:00.000Z,https://upload.wikimedia.org/wikipedia/commons/0/0e/CEFCU_Spartan_Stadium_aerial.jpg?utm_source=commons.wikimedia.org&utm_campaign=imageinfo&utm_content=thumbnail_unscaled,https://www.google.com/s2/favicons?domain=sjsu.edu&sz=256,https://commons.wikimedia.org/wiki/File:CEFCU_Spartan_Stadium_aerial.jpg,https://www.sjsu.edu/,"San Jose State University is a public institution in San Jose, CA. This LivingWiki brings together federal education data and current official sources for academics, admissions, costs, campus life, and outcomes.",campus-fallback-wikimedia,CC BY-SA 4.0,CEFCU Spartan Stadium aerial.jpg,933,641,2026-08-19T00:19:18.445Z
196097,00283800,Stony Brook University,Stony Brook,NY,https://www.stonybrook.edu/,Middle States Commission on Higher Education,Public,Graduate degree,40.91476,-73.12046,18101,0.4904,0.7556,0.8981,18784,74502,82.62,2026,75,us-doe-scorecard-featured-500-2026.1,https://collegescorecard.ed.gov/data/,2026-08-11T00:00:00.000Z,https://www.stonybrook.edu/_resources/images/hp-hero-tablet-12.08.25.jpg,https://www.google.com/s2/favicons?domain=stonybrook.edu&sz=256,https://www.stonybrook.edu/,https://www.stonybrook.edu/,"Stony Brook University is a public institution in Stony Brook, NY. This LivingWiki brings together federal education data and current official sources for academics, admissions, costs, campus life, and outcomes.",official-campus-fallback,,"Stony Brook University | State University of New York | Stony Brook, NY",1800,1252,2026-08-19T00:19:18.445Z
189097,00270800,Barnard College,New York,NY,https://www.barnard.edu/,Middle States Commission on Higher Education,Private nonprofit,Bachelor degree,40.810098,-73.963346,3264,0.0884,0.9302,0.9657,28800,80516,82.56,2026,76,us-doe-scorecard-featured-500-2026.1,https://collegescorecard.ed.gov/data/,2026-08-11T00:00:00.000Z,https://upload.wikimedia.org/wikipedia/commons/thumb/2/2d/Barnard_College_Greek_Games_statue_IMG_0972.JPG/1920px-Barnard_College_Greek_Games_statue_IMG_0972.JPG?utm_source=commons.wikimedia.org&utm_campaign=imageinfo&utm_content=thumbnail,https://www.google.com/s2/favicons?domain=barnard.edu&sz=256,https://commons.wikimedia.org/wiki/File:Barnard_College_Greek_Games_statue_IMG_0972.JPG,https://www.barnard.edu/,"Barnard College is a private nonprofit institution in New York, NY. This LivingWiki brings together federal education data and current official sources for academics, admissions, costs, campus life, and outcomes.",campus-fallback-wikimedia,Public domain,Barnard College Greek Games statue IMG 0972.JPG,1920,1440,2026-08-19T00:57:09.012Z
164924,00212800,Boston College,Chestnut Hill,MA,https://www.bc.edu/,New England Commission on Higher Education,Private nonprofit,Graduate degree,42.336213,-71.169242,10085,0.1643,0.9083,0.9602,41704,103937,82.53,2026,77,us-doe-scorecard-featured-500-2026.1,https://collegescorecard.ed.gov/data/,2026-08-11T00:00:00.000Z,https://www.bc.edu/content/dam/bc1/sites/bc-news/gasson-webp/Gasson%20spring%20CC%201500.webp.transform/banner-full/image.webp,https://www.google.com/s2/favicons?domain=bc.edu&sz=256,https://www.bc.edu/,https://www.bc.edu/,"Boston College is a private nonprofit institution in Chestnut Hill, MA. This LivingWiki brings together federal education data and current official sources for academics, admissions, costs, campus life, and outcomes.",official-campus-fallback,,Home - Boston College,1920,1056,2026-08-19T00:19:18.445Z
112260,00117000,Claremont McKenna College,Claremont,CA,https://www.cmc.edu/,Western Association of Schools and Colleges Senior Colleges and University Commission,Private nonprofit,Graduate degree,34.102154,-117.711188,1388,0.0959,0.9136,0.9813,28849,104736,82.51,2026,78,us-doe-scorecard-featured-500-2026.1,https://collegescorecard.ed.gov/data/,2026-08-11T00:00:00.000Z,https://www.cmc.edu/sites/default/files/styles/article_image_home/public/2026-08/Tom%20podcast%20web.jpg?itok=JNXWACKc,https://www.google.com/s2/favicons?domain=cmc.edu&sz=256,https://www.cmc.edu/,https://www.cmc.edu/,"Claremont McKenna College is a private nonprofit institution in Claremont, CA. This LivingWiki brings together federal education data and current official sources for academics, admissions, costs, campus life, and outcomes.",official-campus-fallback,,Home | Claremont McKenna College,1100,640,2026-08-19T00:19:18.445Z
186380,00262900,Rutgers University-New Brunswick,New Brunswick,NJ,https://newbrunswick.rutgers.edu/,Middle States Commission on Higher Education,Public,Graduate degree,40.498769,-74.446251,37751,0.5815,0.8363,0.9302,24406,74479,82.19,2026,79,us-doe-scorecard-featured-500-2026.1,https://collegescorecard.ed.gov/data/,2026-08-11T00:00:00.000Z,https://upload.wikimedia.org/wikipedia/commons/4/44/New_Jersey_Hall%2C_Rutgers_University%2C_south_view.jpg?utm_source=commons.wikimedia.org&utm_campaign=imageinfo&utm_content=thumbnail_unscaled,https://www.google.com/s2/favicons?domain=newbrunswick.rutgers.edu&sz=256,"https://commons.wikimedia.org/wiki/File:New_Jersey_Hall,_Rutgers_University,_south_view.jpg",https://newbrunswick.rutgers.edu/,"Rutgers University-New Brunswick is a public institution in New Brunswick, NJ. This LivingWiki brings together federal education data and current official sources for academics, admissions, costs, campus life, and outcomes.",campus-fallback-wikimedia,CC BY-SA 3.0,"New Jersey Hall, Rutgers University, south view.jpg",1158,1158,2026-08-19T00:19:18.445Z
166629,00222100,University of Massachusetts-Amherst,Amherst,MA,https://www.umass.edu/,New England Commission on Higher Education,Public,Graduate degree,42.385999,-72.526728,23671,0.5973,0.8326,0.9191,22383,71631,82.15,2026,80,us-doe-scorecard-featured-500-2026.1,https://collegescorecard.ed.gov/data/,2026-08-11T00:00:00.000Z,https://www.umass.edu/sites/default/files/styles/1_1_1920x1920/public/2025-09/250616_UMASS_4515.jpg?h=9855f42d&itok=d27r8GaT,https://www.google.com/s2/favicons?domain=umass.edu&sz=256,https://www.umass.edu/,https://www.umass.edu/,"University of Massachusetts-Amherst is a public institution in Amherst, MA. This LivingWiki brings together federal education data and current official sources for academics, admissions, costs, campus life, and outcomes.",official-campus-fallback,,UMass Amherst : UMass Amherst,1920,1920,2026-08-19T00:19:18.445Z
190099,00270100,Colgate University,Hamilton,NY,https://www.colgate.edu/,New England Commission on Higher Education,Private nonprofit,Graduate degree,42.819475,-75.536346,3180,0.1388,0.9117,0.9343,28786,85139,82.1,2026,81,us-doe-scorecard-featured-500-2026.1,https://collegescorecard.ed.gov/data/,2026-08-11T00:00:00.000Z,https://www.colgate.edu/sites/default/files/styles/optimized/public/2019-03/Home_Hero_Bg_0.jpg,https://www.google.com/s2/favicons?domain=colgate.edu&sz=256,https://www.colgate.edu/about/who-we-are,https://www.colgate.edu/,"Colgate University is a private nonprofit institution in Hamilton, NY. This LivingWiki brings together federal education data and current official sources for academics, admissions, costs, campus life, and outcomes.",official-campus-fallback,,Who We Are | Colgate University,1440,900,2026-08-19T00:19:18.445Z
216597,00338800,Villanova University,Villanova,PA,https://www.villanova.edu/,Middle States Commission on Higher Education,Private nonprofit,Graduate degree,40.036463,-75.340502,6938,0.2698,0.9186,0.9506,43756,100423,82.09,2026,82,us-doe-scorecard-featured-500-2026.1,https://collegescorecard.ed.gov/data/,2026-08-11T00:00:00.000Z,https://upload.wikimedia.org/wikipedia/commons/d/de/CorrHall.jpg?utm_source=commons.wikimedia.org&utm_campaign=imageinfo&utm_content=thumbnail_unscaled,https://www.google.com/s2/favicons?domain=villanova.edu&sz=256,https://commons.wikimedia.org/wiki/File:CorrHall.jpg,https://www.villanova.edu/,"Villanova University is a private nonprofit institution in Villanova, PA. This LivingWiki brings together federal education data and current official sources for academics, admissions, costs, campus life, and outcomes.",campus-fallback-wikimedia,CC BY 2.5,CorrHall.jpg,1920,2560,2026-08-19T00:57:08.729Z
171100,00229000,Michigan State University,East Lansing,MI,https://www.msu.edu/,Higher Learning Commission,Public,Graduate degree,42.73212,-84.476111,40922,0.848,0.8072,0.9005,19680,67253,82.01,2026,83,us-doe-scorecard-featured-500-2026.1,https://collegescorecard.ed.gov/data/,2026-08-11T00:00:00.000Z,https://upload.wikimedia.org/wikipedia/commons/7/7b/Beaumont_Tower_Michigan_MSU_East_Lansing.jpg?utm_source=commons.wikimedia.org&utm_campaign=imageinfo&utm_content=thumbnail_unscaled,https://www.google.com/s2/favicons?domain=msu.edu&sz=256,https://commons.wikimedia.org/wiki/File:Beaumont_Tower_Michigan_MSU_East_Lansing.jpg,https://www.msu.edu/,"Michigan State University is a public institution in East Lansing, MI. This LivingWiki brings together federal education data and current official sources for academics, admissions, costs, campus life, and outcomes.",campus-fallback-wikimedia,CC BY 2.0,Beaumont Tower Michigan MSU East Lansing.jpg,800,600,2026-08-19T00:57:08.396Z
110529,00114400,California State Polytechnic University-Pomona,Pomona,CA,https://www.cpp.edu/,Western Association of Schools and Colleges Senior Colleges and University Commission,Public,Graduate degree,34.057912,-117.821476,25042,0.7517,0.6843,0.8738,11531,71902,81.96,2026,84,us-doe-scorecard-featured-500-2026.1,https://collegescorecard.ed.gov/data/,2026-08-11T00:00:00.000Z,https://www.cpp.edu/img/vanya-portrait-hp-slider.jpg,https://www.google.com/s2/favicons?domain=cpp.edu&sz=256,https://www.cpp.edu/,https://www.cpp.edu/,"California State Polytechnic University-Pomona is a public institution in Pomona, CA. This LivingWiki brings together federal education data and current official sources for academics, admissions, costs, campus life, and outcomes.",official-campus-fallback,,Cal Poly Pomona - #1 Polytechnic University for Diversity and Economic Mobility,2000,790,2026-08-19T00:19:18.445Z
137351,00153700,University of South Florida,Tampa,FL,https://www.usf.edu/,Southern Association of Colleges and Schools Commission on Colleges,Public,Graduate degree,28.061458,-82.413232,37207,0.4319,0.7676,0.9128,9812,57743,81.9,2026,85,us-doe-scorecard-featured-500-2026.1,https://collegescorecard.ed.gov/data/,2026-08-11T00:00:00.000Z,https://upload.wikimedia.org/wikipedia/commons/thumb/a/a2/Dyckia_CherryCoke4_USF_Asit.jpg/1920px-Dyckia_CherryCoke4_USF_Asit.jpg?utm_source=commons.wikimedia.org&utm_campaign=imageinfo&utm_content=thumbnail,https://www.google.com/s2/favicons?domain=usf.edu&sz=256,https://commons.wikimedia.org/wiki/File:Dyckia_CherryCoke4_USF_Asit.jpg,https://www.usf.edu/,"University of South Florida is a public institution in Tampa, FL. This LivingWiki brings together federal education data and current official sources for academics, admissions, costs, campus life, and outcomes.",campus-fallback-wikimedia,CC BY-SA 3.0,Dyckia CherryCoke4 USF Asit.jpg,1920,1440,2026-08-19T00:19:18.445Z
218973,00345700,Wofford College,Spartanburg,SC,https://www.wofford.edu/,Southern Association of Colleges and Schools Commission on Colleges,Private nonprofit,Bachelor degree,34.959411,-81.933568,1816,0.5194,0.842,0.9098,18732,68964,81.76,2026,86,us-doe-scorecard-featured-500-2026.1,https://collegescorecard.ed.gov/data/,2026-08-11T00:00:00.000Z,https://www.wofford.edu/wofford.edu/images/site/home/2022/hero.jpg,https://www.google.com/s2/favicons?domain=wofford.edu&sz=256,https://www.wofford.edu/,https://www.wofford.edu/,"Wofford College is a private nonprofit institution in Spartanburg, SC. This LivingWiki brings together federal education data and current official sources for academics, admissions, costs, campus life, and outcomes.",official-campus-fallback,,Wofford College | Home,2000,1000,2026-08-19T00:19:18.445Z
164580,00212100,Babson College,Wellesley,MA,https://www.babson.edu/,New England Commission on Higher Education,Private nonprofit,Graduate degree,42.297017,-71.264057,2728,0.1709,0.9312,0.9457,40514,123938,81.72,2026,87,us-doe-scorecard-featured-500-2026.1,https://collegescorecard.ed.gov/data/,2026-08-11T00:00:00.000Z,https://www.babson.edu/media/babson/assets/about-babson/spinelli-main-new-1200-(1).jpg,https://www.google.com/s2/favicons?domain=babson.edu&sz=256,https://www.babson.edu/,https://www.babson.edu/,"Babson College is a private nonprofit institution in Wellesley, MA. This LivingWiki brings together federal education data and current official sources for academics, admissions, costs, campus life, and outcomes.",official-campus-fallback,,Best College For Entrepreneurship | Babson College,1200,630,2026-08-19T00:19:18.445Z
168148,00221900,Tufts University,Medford,MA,https://www.tufts.edu/,New England Commission on Higher Education,Private nonprofit,Graduate degree,42.40855,-71.118293,7061,0.1149,0.9351,0.955,39998,83214,81.71,2026,88,us-doe-scorecard-featured-500-2026.1,https://collegescorecard.ed.gov/data/,2026-08-11T00:00:00.000Z,https://upload.wikimedia.org/wikipedia/commons/thumb/a/aa/EU_High_Representative_for_Foreign_Affairs_Mogherini_Addresses_Students_at_Tufts_University_in_Massachusetts_%2829867259846%29.jpg/1920px-EU_High_Representative_for_Foreign_Affairs_Mogherini_Addresses_Students_at_Tufts_University_in_Massachusetts_%2829867259846%29.jpg?utm_source=commons.wikimedia.org&utm_campaign=imageinfo&utm_content=thumbnail,https://www.google.com/s2/favicons?domain=tufts.edu&sz=256,https://commons.wikimedia.org/wiki/File:EU_High_Representative_for_Foreign_Affairs_Mogherini_Addresses_Students_at_Tufts_University_in_Massachusetts_(29867259846).jpg,https://www.tufts.edu/,"Tufts University is a private nonprofit institution in Medford, MA. This LivingWiki brings together federal education data and current official sources for academics, admissions, costs, campus life, and outcomes.",campus-fallback-wikimedia,Public domain,EU High Representative for Foreign Affairs Mogherini Addresses Students at Tufts University in Massachusetts (29867259846).jpg,1920,1280,2026-08-19T00:57:09.006Z
228787,00974100,The University of Texas at Dallas,Richardson,TX,https://www.utdallas.edu/,Southern Association of Colleges and Schools Commission on Colleges,Public,Graduate degree,32.984673,-96.749702,21751,0.6513,0.7569,0.8995,18267,68227,81.67,2026,89,us-doe-scorecard-featured-500-2026.1,https://collegescorecard.ed.gov/data/,2026-08-11T00:00:00.000Z,https://www.utdallas.edu/files/2023/10/campus-2023-aerial.jpg,https://www.google.com/s2/favicons?domain=utdallas.edu&sz=256,https://www.utdallas.edu/,https://www.utdallas.edu/,"The University of Texas at Dallas is a public institution in Richardson, TX. This LivingWiki brings together federal education data and current official sources for academics, admissions, costs, campus life, and outcomes.",official-campus-fallback,,The University of Texas at Dallas,1024,512,2026-08-19T00:19:18.445Z
153384,00186800,Grinnell College,Grinnell,IA,https://www.grinnell.edu/,Higher Learning Commission,Private nonprofit,Bachelor degree,41.747952,-92.722094,1729,0.1451,0.8812,0.9256,17648,62830,81.59,2026,90,us-doe-scorecard-featured-500-2026.1,https://collegescorecard.ed.gov/data/,2026-08-11T00:00:00.000Z,https://www.grinnell.edu/sites/default/files/styles/ambient_video_hero_fallback/public/ambient-videos/03%20Think%20Deeply%20Explore%20Widely_6.jpg?h=170ba4b8&itok=5DKfS5xh,https://www.google.com/s2/favicons?domain=grinnell.edu&sz=256,https://www.grinnell.edu/,https://www.grinnell.edu/,"Grinnell College is a private nonprofit institution in Grinnell, IA. This LivingWiki brings together federal education data and current official sources for academics, admissions, costs, campus life, and outcomes.",official-campus-fallback,,Grinnell College | Grinnell College,1440,500,2026-08-19T00:19:18.445Z
213543,00328900,Lehigh University,Bethlehem,PA,https://www.lehigh.edu/,Middle States Commission on Higher Education,Private nonprofit,Graduate degree,40.606822,-75.380236,5898,0.2593,0.8791,0.937,36931,105584,81.57,2026,91,us-doe-scorecard-featured-500-2026.1,https://collegescorecard.ed.gov/data/,2026-08-11T00:00:00.000Z,https://www2.lehigh.edu/sites/www2/files/styles/bootstrap_carousel_image/public/2026-08/imagesforlull1.jpg?h=cd54aa6f&itok=_c9hB-2W,https://www.google.com/s2/favicons?domain=lehigh.edu&sz=256,https://www2.lehigh.edu/,https://www.lehigh.edu/,"Lehigh University is a private nonprofit institution in Bethlehem, PA. This LivingWiki brings together federal education data and current official sources for academics, admissions, costs, campus life, and outcomes.",official-campus-fallback,,Home | Lehigh University,1080,629,2026-08-19T00:19:18.445Z
207500,00318400,University of Oklahoma-Norman Campus,Norman,OK,https://www.ou.edu/,Higher Learning Commission,Public,Graduate degree,35.209407,-97.444211,22734,0.766,0.7533,0.9,15300,63126,81.57,2026,92,us-doe-scorecard-featured-500-2026.1,https://collegescorecard.ed.gov/data/,2026-08-11T00:00:00.000Z,https://www.ou.edu/content/dam/homepage/about/bizzell-library-oval-lawn.png,https://www.google.com/s2/favicons?domain=ou.edu&sz=256,https://www.ou.edu/,https://www.ou.edu/,"University of Oklahoma-Norman Campus is a public institution in Norman, OK. This LivingWiki brings together federal education data and current official sources for academics, admissions, costs, campus life, and outcomes.",official-campus-fallback,,The University of Oklahoma,1200,955,2026-08-19T00:19:18.445Z
173258,00234000,Carleton College,Northfield,MN,https://www.carleton.edu/,Higher Learning Commission,Private nonprofit,Bachelor degree,44.462318,-93.154666,2086,0.2041,0.896,0.9647,25407,75525,81.51,2026,93,us-doe-scorecard-featured-500-2026.1,https://collegescorecard.ed.gov/data/,2026-08-11T00:00:00.000Z,https://upload.wikimedia.org/wikipedia/commons/5/52/Goodsell-Observatory-Carleton-College.jpg?utm_source=commons.wikimedia.org&utm_campaign=imageinfo&utm_content=thumbnail_unscaled,https://www.google.com/s2/favicons?domain=carleton.edu&sz=256,https://commons.wikimedia.org/wiki/File:Goodsell-Observatory-Carleton-College.jpg,https://www.carleton.edu/,"Carleton College is a private nonprofit institution in Northfield, MN. This LivingWiki brings together federal education data and current official sources for academics, admissions, costs, campus life, and outcomes.",campus-fallback-wikimedia,CC BY-SA 3.0,Goodsell-Observatory-Carleton-College.jpg,1200,800,2026-08-19T00:57:08.854Z
193900,00278500,New York University,New York,NY,https://www.nyu.edu/,Middle States Commission on Higher Education,Private nonprofit,Graduate degree,40.729452,-73.997264,28663,0.0923,0.8757,0.9577,37050,82509,81.51,2026,94,us-doe-scorecard-featured-500-2026.1,https://collegescorecard.ed.gov/data/,2026-08-11T00:00:00.000Z,https://www.nyu.edu/jcr:content/cq:featuredimage.coreimg.82.1280.jpeg,https://www.google.com/s2/favicons?domain=nyu.edu&sz=256,https://www.nyu.edu/,https://www.nyu.edu/,"New York University is a private nonprofit institution in New York, NY. This LivingWiki brings together federal education data and current official sources for academics, admissions, costs, campus life, and outcomes.",official-campus-fallback,,New York University,1280,853,2026-08-19T00:19:18.445Z
212911,00327400,Haverford College,Haverford,PA,https://www.haverford.edu/,Middle States Commission on Higher Education,Private nonprofit,Bachelor degree,40.007452,-75.305207,1430,0.1237,0.8964,0.9383,25314,79966,81.24,2026,95,us-doe-scorecard-featured-500-2026.1,https://collegescorecard.ed.gov/data/,2026-08-11T00:00:00.000Z,https://upload.wikimedia.org/wikipedia/commons/thumb/5/56/Founders_Hall_-_panoramio_%281%29.jpg/1920px-Founders_Hall_-_panoramio_%281%29.jpg?utm_source=commons.wikimedia.org&utm_campaign=imageinfo&utm_content=thumbnail,https://www.google.com/s2/favicons?domain=haverford.edu&sz=256,https://commons.wikimedia.org/wiki/File:Founders_Hall_-_panoramio_(1).jpg,https://www.haverford.edu/,"Haverford College is a private nonprofit institution in Haverford, PA. This LivingWiki brings together federal education data and current official sources for academics, admissions, costs, campus life, and outcomes.",campus-fallback-wikimedia,CC BY 3.0,Founders Hall - panoramio (1).jpg,1920,1440,2026-08-19T01:08:32.383Z
168421,00223300,Worcester Polytechnic Institute,Worcester,MA,https://www.wpi.edu/,New England Commission on Higher Education,Private nonprofit,Graduate degree,42.274853,-71.808339,5447,0.6016,0.8971,0.9366,43071,103470,81.22,2026,96,us-doe-scorecard-featured-500-2026.1,https://collegescorecard.ed.gov/data/,2026-08-11T00:00:00.000Z,https://upload.wikimedia.org/wikipedia/commons/1/1b/20141028-WPI-BoyntonHall-WW1-Memorial.jpg?utm_source=commons.wikimedia.org&utm_campaign=imageinfo&utm_content=thumbnail_unscaled,https://www.google.com/s2/favicons?domain=wpi.edu&sz=256,https://commons.wikimedia.org/wiki/File:20141028-WPI-BoyntonHall-WW1-Memorial.jpg,https://www.wpi.edu/,"Worcester Polytechnic Institute is a private nonprofit institution in Worcester, MA. This LivingWiki brings together federal education data and current official sources for academics, admissions, costs, campus life, and outcomes.",campus-fallback-wikimedia,CC BY-SA 4.0,20141028-WPI-BoyntonHall-WW1-Memorial.jpg,1500,2250,2026-08-19T01:03:46.625Z
129020,00141700,University of Connecticut,Storrs,CT,https://uconn.edu/,New England Commission on Higher Education,Public,Graduate degree,41.809098,-72.249948,19835,0.5239,0.8329,0.9246,25097,73997,81.19,2026,97,us-doe-scorecard-featured-500-2026.1,https://collegescorecard.ed.gov/data/,2026-08-11T00:00:00.000Z,https://uconn.edu/wp-content/uploads/sites/23/2022/08/Spring_fog_20220520_0009-crop.jpg,https://www.google.com/s2/favicons?domain=uconn.edu&sz=256,https://uconn.edu/campus-life/,https://uconn.edu/,"University of Connecticut is a public institution in Storrs, CT. This LivingWiki brings together federal education data and current official sources for academics, admissions, costs, campus life, and outcomes.",official-campus-fallback,,Campus Life | University of Connecticut,2500,1200,2026-08-19T00:19:18.445Z
199847,00297800,Wake Forest University,Winston-Salem,NC,https://www.wfu.edu/,Southern Association of Colleges and Schools Commission on Colleges,Private nonprofit,Graduate degree,36.133609,-80.277446,5485,0.2167,0.8915,0.9256,28719,78158,81.14,2026,98,us-doe-scorecard-featured-500-2026.1,https://collegescorecard.ed.gov/data/,2026-08-11T00:00:00.000Z,https://prod.wp.cdn.aws.wfu.edu/2023/06/20211109campus7359-f.jpg,https://www.google.com/s2/favicons?domain=wfu.edu&sz=256,https://www.wfu.edu/,https://www.wfu.edu/,"Wake Forest University is a private nonprofit institution in Winston-Salem, NC. This LivingWiki brings together federal education data and current official sources for academics, admissions, costs, campus life, and outcomes.",official-campus-fallback,,Wake Forest University,1500,1000,2026-08-19T00:19:18.445Z
145725,00169100,Illinois Institute of Technology,Chicago,IL,https://www.iit.edu/,Higher Learning Commission,Private nonprofit,Graduate degree,41.8313,-87.627321,2833,0.5493,0.7521,0.8596,18425,82592,81.09,2026,99,us-doe-scorecard-featured-500-2026.1,https://collegescorecard.ed.gov/data/,2026-08-11T00:00:00.000Z,https://www.iit.edu/sites/default/files/styles/width_890/public/2026-01/dsc_2716.jpeg?itok=_05WeRg-,https://www.google.com/s2/favicons?domain=iit.edu&sz=256,https://www.iit.edu/university-news,https://www.iit.edu/,"Illinois Institute of Technology is a private nonprofit institution in Chicago, IL. This LivingWiki brings together federal education data and current official sources for academics, admissions, costs, campus life, and outcomes.",official-campus-fallback,,University News | Illinois Institute of Technology,890,593,2026-08-19T00:19:18.445Z
122931,00132600,Santa Clara University,Santa Clara,CA,https://www.scu.edu/,Western Association of Schools and Colleges Senior Colleges and University Commission,Private nonprofit,Graduate degree,37.348362,-121.93784,6552,0.48,0.8792,0.9392,50062,109183,81.03,2026,100,us-doe-scorecard-featured-500-2026.1,https://collegescorecard.ed.gov/data/,2026-08-11T00:00:00.000Z,https://upload.wikimedia.org/wikipedia/commons/thumb/c/c5/Mission_Santa_Clara.jpg/1920px-Mission_Santa_Clara.jpg?utm_source=commons.wikimedia.org&utm_campaign=imageinfo&utm_content=thumbnail,https://www.google.com/s2/favicons?domain=scu.edu&sz=256,https://commons.wikimedia.org/wiki/File:Mission_Santa_Clara.jpg,https://www.scu.edu/,"Santa Clara University is a private nonprofit institution in Santa Clara, CA. This LivingWiki brings together federal education data and current official sources for academics, admissions, costs, campus life, and outcomes.",campus-fallback-wikimedia,CC BY-SA 3.0,Mission Santa Clara.jpg,1920,1437,2026-08-19T00:19:18.445Z
126775,00134800,Colorado School of Mines,Golden,CO,https://www.mines.edu/,Higher Learning Commission,Public,Graduate degree,39.751443,-105.223364,6155,0.6069,0.8171,0.9279,28690,97335,80.92,2026,101,us-doe-scorecard-featured-500-2026.1,https://collegescorecard.ed.gov/data/,2026-08-11T00:00:00.000Z,https://www.mines.edu/academics/wp-content/uploads/sites/50/2023/07/petroleum-days.jpg,https://www.google.com/s2/favicons?domain=mines.edu&sz=256,https://www.mines.edu/,https://www.mines.edu/,"Colorado School of Mines is a public institution in Golden, CO. This LivingWiki brings together federal education data and current official sources for academics, admissions, costs, campus life, and outcomes.",official-campus-fallback,,Colorado School of Mines | A Premier Engineering University,1000,562,2026-08-19T00:19:18.445Z
110714,00132100,University of California-Santa Cruz,Santa Cruz,CA,https://www.ucsc.edu/,Western Association of Schools and Colleges Senior Colleges and University Commission,Public,Graduate degree,36.995584,-122.058801,17940,0.6579,0.7509,0.8795,17890,68396,80.86,2026,102,us-doe-scorecard-featured-500-2026.1,https://collegescorecard.ed.gov/data/,2026-08-11T00:00:00.000Z,https://upload.wikimedia.org/wikipedia/commons/thumb/5/53/The_University_of_California_1868_UCSC.svg/960px-The_University_of_California_1868_UCSC.svg.png?utm_source=en.wikipedia.org&utm_campaign=api&utm_content=thumbnail,https://www.google.com/s2/favicons?domain=ucsc.edu&sz=256,https://en.wikipedia.org/wiki/University_of_California%2C_Santa_Cruz,https://www.ucsc.edu/,"University of California-Santa Cruz is a public institution in Santa Cruz, CA. This LivingWiki brings together federal education data and current official sources for academics, admissions, costs, campus life, and outcomes.",,,,,,
171128,00229200,Michigan Technological University,Houghton,MI,https://www.mtu.edu/,Higher Learning Commission,Public,Graduate degree,47.11866,-88.548092,5955,0.9243,0.6806,0.8882,14182,78198,80.77,2026,103,us-doe-scorecard-featured-500-2026.1,https://collegescorecard.ed.gov/data/,2026-08-11T00:00:00.000Z,https://www.mtu.edu/photos/images/desktop/1786473294.jpg,https://www.google.com/s2/favicons?domain=mtu.edu&sz=256,https://www.mtu.edu/,https://www.mtu.edu/,"Michigan Technological University is a public institution in Houghton, MI. This LivingWiki brings together federal education data and current official sources for academics, admissions, costs, campus life, and outcomes.",official-campus-fallback,,Michigan Technological University,2048,800,2026-08-19T00:19:18.445Z
164739,00212400,Bentley University,Waltham,MA,https://www.bentley.edu/,New England Commission on Higher Education,Private nonprofit,Graduate degree,42.385995,-71.222839,4474,0.4505,0.8679,0.9268,37930,120959,80.76,2026,104,us-doe-scorecard-featured-500-2026.1,https://collegescorecard.ed.gov/data/,2026-08-11T00:00:00.000Z,https://cdn.bentley.edu/sites/default/files/s3fs-public/styles/convert_to_webp/public/2026-07/student-center.jpg.webp?VersionId=p6Ks9GCyAgk6iRxwDYQiq2HjF__c_1fD&itok=jaXmfgAV,https://www.google.com/s2/favicons?domain=bentley.edu&sz=256,https://www.bentley.edu/,https://www.bentley.edu/,"Bentley University is a private nonprofit institution in Waltham, MA. This LivingWiki brings together federal education data and current official sources for academics, admissions, costs, campus life, and outcomes.",official-campus-fallback,,Bentley University - Business School,1440,960,2026-08-19T00:19:18.445Z
191515,00272800,Hamilton College,Clinton,NY,https://www.hamilton.edu/,New England Commission on Higher Education,Private nonprofit,Bachelor degree,43.050245,-75.408195,2030,0.1362,0.9063,0.9481,28985,78411,80.59,2026,105,us-doe-scorecard-featured-500-2026.1,https://collegescorecard.ed.gov/data/,2026-08-11T00:00:00.000Z,https://www.hamilton.edu/assets/mmlibrary/images/0x/230630_Max_Majerick_Summer_Research_KMW_980.jpg,https://www.google.com/s2/favicons?domain=hamilton.edu&sz=256,https://www.hamilton.edu/,https://www.hamilton.edu/,"Hamilton College is a private nonprofit institution in Clinton, NY. This LivingWiki brings together federal education data and current official sources for academics, admissions, costs, campus life, and outcomes.",official-campus-fallback,,Home - Hamilton College,980,654,2026-08-19T00:19:18.445Z
110583,00113900,California State University-Long Beach,Long Beach,CA,https://www.csulb.edu/,Western Association of Schools and Colleges Senior Colleges and University Commission,Public,Graduate degree,33.782818,-118.11204,35924,0.4627,0.6888,0.868,10440,64403,80.51,2026,106,us-doe-scorecard-featured-500-2026.1,https://collegescorecard.ed.gov/data/,2026-08-11T00:00:00.000Z,https://www.csulb.edu/sites/default/files/styles/olivero_hero/public/2026-08/studyabroad26_HERO.jpg?itok=inR6clW5,https://www.google.com/s2/favicons?domain=csulb.edu&sz=256,https://www.csulb.edu/,https://www.csulb.edu/,"California State University-Long Beach is a public institution in Long Beach, CA. This LivingWiki brings together federal education data and current official sources for academics, admissions, costs, campus life, and outcomes.",official-campus-fallback,,"California State University, Long Beach",1920,1080,2026-08-19T00:19:18.445Z
186867,00263900,Stevens Institute of Technology,Hoboken,NJ,https://www.stevens.edu/,Middle States Commission on Higher Education,Private nonprofit,Graduate degree,40.744776,-74.025334,4222,0.4758,0.8688,0.9364,41346,108772,80.47,2026,107,us-doe-scorecard-featured-500-2026.1,https://collegescorecard.ed.gov/data/,2026-08-11T00:00:00.000Z,https://images.stevens.edu/mviowpldu823/3kwrsMaXcZnEu5lUCrr1zo/46ec300e9caed9abef4e262a5d6b6d76/Career-rgrad-commencement-ES_PHD-I-2215.jpg?w=1920&h=1080&q=75&fit=fill,https://www.google.com/s2/favicons?domain=stevens.edu&sz=256,https://www.stevens.edu/student-life/career-center,https://www.stevens.edu/,"Stevens Institute of Technology is a private nonprofit institution in Hoboken, NJ. This LivingWiki brings together federal education data and current official sources for academics, admissions, costs, campus life, and outcomes.",official-campus-fallback,,Career Center & Job Search Support | Stevens Institute of Technology,1920,1080,2026-08-19T00:19:18.445Z
130697,00142400,Wesleyan University,Middletown,CT,https://www.wesleyan.edu/,New England Commission on Higher Education,Private nonprofit,Graduate degree,41.554665,-72.657146,3067,0.1649,0.9264,0.9488,30177,73897,80.38,2026,108,us-doe-scorecard-featured-500-2026.1,https://collegescorecard.ed.gov/data/,2026-08-11T00:00:00.000Z,https://www.wesleyan.edu/about/_images/about_contact_landinghero_1440x715.jpg,https://www.google.com/s2/favicons?domain=wesleyan.edu&sz=256,https://www.wesleyan.edu/,https://www.wesleyan.edu/,"Wesleyan University is a private nonprofit institution in Middletown, CT. This LivingWiki brings together federal education data and current official sources for academics, admissions, costs, campus life, and outcomes.",official-campus-fallback,,Wesleyan University | Home,1440,715,2026-08-19T00:19:18.445Z
115409,00117100,Harvey Mudd College,Claremont,CA,https://www.hmc.edu/,Western Association of Schools and Colleges Senior Colleges and University Commission,Private nonprofit,Bachelor degree,34.106515,-117.709837,921,0.1266,0.9188,0.9641,35924,138687,80.29,2026,109,us-doe-scorecard-featured-500-2026.1,https://collegescorecard.ed.gov/data/,2026-08-11T00:00:00.000Z,https://upload.wikimedia.org/wikipedia/commons/c/c7/ABActionShot.jpg?utm_source=commons.wikimedia.org&utm_campaign=imageinfo&utm_content=thumbnail_unscaled,https://www.google.com/s2/favicons?domain=hmc.edu&sz=256,https://commons.wikimedia.org/wiki/File:ABActionShot.jpg,https://www.hmc.edu/,"Harvey Mudd College is a private nonprofit institution in Claremont, CA. This LivingWiki brings together federal education data and current official sources for academics, admissions, costs, campus life, and outcomes.",campus-fallback-wikimedia,CC BY-SA 4.0,ABActionShot.jpg,1280,854,2026-08-19T00:19:18.445Z
131469,00144400,George Washington University,Washington,DC,https://www.gwu.edu/,Middle States Commission on Higher Education,Private nonprofit,Graduate degree,38.89923,-77.048363,11182,0.4709,0.8398,0.9223,36586,90873,80.18,2026,110,us-doe-scorecard-featured-500-2026.1,https://collegescorecard.ed.gov/data/,2026-08-11T00:00:00.000Z,https://www.gwu.edu/sites/g/files/zaxdzs7131/files/2025-12/GW_socialpreview.png,https://www.google.com/s2/favicons?domain=gwu.edu&sz=256,https://www.gwu.edu/virginia-science-technology-campus,https://www.gwu.edu/,"George Washington University is a private nonprofit institution in Washington, DC. This LivingWiki brings together federal education data and current official sources for academics, admissions, costs, campus life, and outcomes.",official-campus-fallback,,Virginia Science & Technology Campus | The George Washington University,924,616,2026-08-19T00:19:18.445Z
166124,00214100,College of the Holy Cross,Worcester,MA,https://www.holycross.edu/,New England Commission on Higher Education,Private nonprofit,Bachelor degree,42.23752,-71.808214,3106,0.1761,0.8733,0.9478,38782,90543,80.13,2026,111,us-doe-scorecard-featured-500-2026.1,https://collegescorecard.ed.gov/data/,2026-08-11T00:00:00.000Z,https://www.holycross.edu/sites/default/files/styles/portrait_full_lrg/public/image/2025/08/20250620_ac_biomechanics_of_plant_puncture_tools_5541_1.jpg.webp?itok=yRaoTF-f,https://www.google.com/s2/favicons?domain=holycross.edu&sz=256,https://www.holycross.edu/,https://www.holycross.edu/,"College of the Holy Cross is a private nonprofit institution in Worcester, MA. This LivingWiki brings together federal education data and current official sources for academics, admissions, costs, campus life, and outcomes.",official-campus-fallback,,College of the Holy Cross,915,1220,2026-08-19T00:19:18.445Z
232423,00372100,James Madison University,Harrisonburg,VA,https://www.jmu.edu/index.shtml,Southern Association of Colleges and Schools Commission on Colleges,Public,Graduate degree,38.436311,-78.870484,20888,0.7152,0.7972,0.9198,23322,69954,79.99,2026,112,us-doe-scorecard-featured-500-2026.1,https://collegescorecard.ed.gov/data/,2026-08-11T00:00:00.000Z,https://www.jmu.edu/_images/default/JMUopengraphimage.jpg,https://www.google.com/s2/favicons?domain=jmu.edu&sz=256,https://www.jmu.edu/index.shtml,https://www.jmu.edu/index.shtml,"James Madison University is a public institution in Harrisonburg, VA. This LivingWiki brings together federal education data and current official sources for academics, admissions, costs, campus life, and outcomes.",official-campus-fallback,,James Madison University - JMU,1200,633,2026-08-19T00:19:18.445Z
211291,00323800,Bucknell University,Lewisburg,PA,https://www.bucknell.edu/,Middle States Commission on Higher Education,Private nonprofit,Graduate degree,40.954317,-76.882616,3876,0.2893,0.8632,0.9368,40766,93807,79.94,2026,113,us-doe-scorecard-featured-500-2026.1,https://collegescorecard.ed.gov/data/,2026-08-11T00:00:00.000Z,https://www.bucknell.edu/sites/default/files/styles/16_9_l/public/2019-07/social_share_basic.jpg?h=6de9400f,https://www.google.com/s2/favicons?domain=bucknell.edu&sz=256,https://www.bucknell.edu/admissions-aid/plan-visit,https://www.bucknell.edu/,"Bucknell University is a private nonprofit institution in Lewisburg, PA. This LivingWiki brings together federal education data and current official sources for academics, admissions, costs, campus life, and outcomes.",official-campus-fallback,,"Plan a Visit to Bucknell University | Lewisburg, PA",1220,686,2026-08-19T00:19:18.445Z
195030,00289400,University of Rochester,Rochester,NY,https://www.rochester.edu/,Middle States Commission on Higher Education,Private nonprofit,Graduate degree,43.126397,-77.631202,6331,0.4008,0.8543,0.9069,29278,79042,79.89,2026,114,us-doe-scorecard-featured-500-2026.1,https://collegescorecard.ed.gov/data/,2026-08-11T00:00:00.000Z,https://www.rochester.edu/assets/images/brand/homepage-link-preview.png,https://www.google.com/s2/favicons?domain=rochester.edu&sz=256,https://www.rochester.edu/campus-life/,https://www.rochester.edu/,"University of Rochester is a private nonprofit institution in Rochester, NY. This LivingWiki brings together federal education data and current official sources for academics, admissions, costs, campus life, and outcomes.",official-campus-fallback,,Campus Life | University of Rochester,1200,630,2026-08-19T00:19:18.445Z
229267,00364700,Trinity University,San Antonio,TX,https://new.trinity.edu/,Southern Association of Colleges and Schools Commission on Colleges,Private nonprofit,Graduate degree,29.462682,-98.48186,2505,0.2592,0.8397,0.9287,23464,71668,79.87,2026,115,us-doe-scorecard-featured-500-2026.1,https://collegescorecard.ed.gov/data/,2026-08-11T00:00:00.000Z,https://upload.wikimedia.org/wikipedia/commons/thumb/9/9e/Lynn_L._Northrup_by_Trinity_University_passive_solar_installation_1976.jpg/1920px-Lynn_L._Northrup_by_Trinity_University_passive_solar_installation_1976.jpg?utm_source=commons.wikimedia.org&utm_campaign=imageinfo&utm_content=thumbnail,https://www.google.com/s2/favicons?domain=new.trinity.edu&sz=256,https://commons.wikimedia.org/wiki/File:Lynn_L._Northrup_by_Trinity_University_passive_solar_installation_1976.jpg,https://new.trinity.edu/,"Trinity University is a private nonprofit institution in San Antonio, TX. This LivingWiki brings together federal education data and current official sources for academics, admissions, costs, campus life, and outcomes.",campus-fallback-wikimedia,Public domain,Lynn L. Northrup by Trinity University passive solar installation 1976.jpg,1920,1982,2026-08-19T00:57:08.803Z
230959,00369100,Middlebury College,Middlebury,VT,https://www.middlebury.edu/college/,New England Commission on Higher Education,Private nonprofit,Graduate degree,44.009117,-73.176068,2738,0.1075,0.914,0.9366,31483,76310,79.84,2026,116,us-doe-scorecard-featured-500-2026.1,https://collegescorecard.ed.gov/data/,2026-08-11T00:00:00.000Z,https://www.middlebury.edu/college/themes/custom/middlebury_college_theme/templates/homepage/assets/splash/splash-1-1136x639.jpg,https://www.google.com/s2/favicons?domain=middlebury.edu&sz=256,https://www.middlebury.edu/college/,https://www.middlebury.edu/college/,"Middlebury College is a private nonprofit institution in Middlebury, VT. This LivingWiki brings together federal education data and current official sources for academics, admissions, costs, campus life, and outcomes.",official-campus-fallback,,Middlebury College,1136,639,2026-08-19T00:19:18.445Z
187134,00264200,The College of New Jersey,Ewing,NJ,https://www.tcnj.edu/,Middle States Commission on Higher Education,Public,Graduate degree,40.268651,-74.778791,7105,0.6229,0.8585,0.9132,27646,73323,79.83,2026,117,us-doe-scorecard-featured-500-2026.1,https://collegescorecard.ed.gov/data/,2026-08-11T00:00:00.000Z,https://upload.wikimedia.org/wikipedia/commons/thumb/e/e1/GreenHall.jpg/960px-GreenHall.jpg?utm_source=en.wikipedia.org&utm_campaign=parser&utm_content=thumbnail,https://www.google.com/s2/favicons?domain=tcnj.edu&sz=256,https://en.wikipedia.org/wiki/The_College_of_New_Jersey,https://www.tcnj.edu/,"The College of New Jersey is a public institution in Ewing, NJ. This LivingWiki brings together federal education data and current official sources for academics, admissions, costs, campus life, and outcomes.",related-source-page,,The College of New Jersey - Wikipedia,960,345,2026-08-19T01:04:41.340Z
122436,01039500,University of San Diego,San Diego,CA,https://www.sandiego.edu/,Western Association of Schools and Colleges Senior Colleges and University Commission,Private nonprofit,Graduate degree,32.770816,-117.192073,5671,0.5238,0.8367,0.914,30365,86522,79.81,2026,118,us-doe-scorecard-featured-500-2026.1,https://collegescorecard.ed.gov/data/,2026-08-11T00:00:00.000Z,https://upload.wikimedia.org/wikipedia/commons/4/45/Jenny_Craig_Pavilion1.jpg?utm_source=commons.wikimedia.org&utm_campaign=imageinfo&utm_content=thumbnail_unscaled,https://www.google.com/s2/favicons?domain=sandiego.edu&sz=256,https://commons.wikimedia.org/wiki/File:Jenny_Craig_Pavilion1.jpg,https://www.sandiego.edu/,"University of San Diego is a private nonprofit institution in San Diego, CA. This LivingWiki brings together federal education data and current official sources for academics, admissions, costs, campus life, and outcomes.",campus-fallback-wikimedia,Public domain,Jenny Craig Pavilion1.jpg,1600,1200,2026-08-19T01:08:29.905Z
201645,00302400,Case Western Reserve University,Cleveland,OH,https://www.case.edu/,Higher Learning Commission,Private nonprofit,Graduate degree,41.507419,-81.609596,6437,0.3654,0.8717,0.9214,41190,87989,79.78,2026,119,us-doe-scorecard-featured-500-2026.1,https://collegescorecard.ed.gov/data/,2026-08-11T00:00:00.000Z,https://case.edu/static/20456fd3cf51ef77510a40082c88a78a/99ec4/students-med-lab.webp,https://www.google.com/s2/favicons?domain=case.edu&sz=256,https://case.edu/,https://www.case.edu/,"Case Western Reserve University is a private nonprofit institution in Cleveland, OH. This LivingWiki brings together federal education data and current official sources for academics, admissions, costs, campus life, and outcomes.",official-campus-fallback,,Case Western Reserve University: One of the nation&#x27;s best,800,667,2026-08-19T00:19:18.445Z
110565,00113700,California State University-Fullerton,Fullerton,CA,https://www.fullerton.edu/,Western Association of Schools and Colleges Senior Colleges and University Commission,Public,Graduate degree,33.881506,-117.885446,38546,0.9052,0.7018,0.8242,6555,62951,79.67,2026,120,us-doe-scorecard-featured-500-2026.1,https://collegescorecard.ed.gov/data/,2026-08-11T00:00:00.000Z,https://www.fullerton.edu/_resources/images/pillars.jpg,https://www.google.com/s2/favicons?domain=fullerton.edu&sz=256,https://www.fullerton.edu/,https://www.fullerton.edu/,"California State University-Fullerton is a public institution in Fullerton, CA. This LivingWiki brings together federal education data and current official sources for academics, admissions, costs, campus life, and outcomes.",official-campus-fallback,,"Achieve Greatness: California State University, Fullerton",1600,853,2026-08-19T00:19:18.445Z
100858,00100900,Auburn University,Auburn,AL,https://www.auburn.edu/,Southern Association of Colleges and Schools Commission on Colleges,Public,Graduate degree,32.599378,-85.488258,26816,0.4592,0.8195,0.9478,24323,65337,79.47,2026,121,us-doe-scorecard-featured-500-2026.1,https://collegescorecard.ed.gov/data/,2026-08-11T00:00:00.000Z,https://auburn.edu/_homepage/images/tri-photo-carousel/hp-tradition-00.jpg,https://www.google.com/s2/favicons?domain=auburn.edu&sz=256,https://www.auburn.edu/,https://www.auburn.edu/,"Auburn University is a public institution in Auburn, AL. This LivingWiki brings together federal education data and current official sources for academics, admissions, costs, campus life, and outcomes.",official-campus-fallback,,Auburn University Homepage | Auburn University,1280,720,2026-08-19T00:19:18.445Z
194824,00280300,Rensselaer Polytechnic Institute,Troy,NY,https://www.rpi.edu/,Middle States Commission on Higher Education,Private nonprofit,Graduate degree,42.729978,-73.676646,5714,0.6347,0.8362,0.9072,36228,102051,79.41,2026,122,us-doe-scorecard-featured-500-2026.1,https://collegescorecard.ed.gov/data/,2026-08-11T00:00:00.000Z,https://upload.wikimedia.org/wikipedia/commons/thumb/5/57/RPI_Campus_Directory_at_Night.png/1920px-RPI_Campus_Directory_at_Night.png?utm_source=commons.wikimedia.org&utm_campaign=imageinfo&utm_content=thumbnail,https://www.google.com/s2/favicons?domain=rpi.edu&sz=256,https://commons.wikimedia.org/wiki/File:RPI_Campus_Directory_at_Night.png,https://www.rpi.edu/,"Rensselaer Polytechnic Institute is a private nonprofit institution in Troy, NY. This LivingWiki brings together federal education data and current official sources for academics, admissions, costs, campus life, and outcomes.",campus-fallback-wikimedia,CC BY-SA 4.0,RPI Campus Directory at Night.png,1920,1440,2026-08-19T01:03:50.870Z
213385,00328400,Lafayette College,Easton,PA,https://www.lafayette.edu/,Middle States Commission on Higher Education,Private nonprofit,Bachelor degree,40.69956,-75.209786,2757,0.3145,0.8759,0.8967,34433,91410,79.37,2026,123,us-doe-scorecard-featured-500-2026.1,https://collegescorecard.ed.gov/data/,2026-08-11T00:00:00.000Z,https://www.lafayette.edu/wp-content/uploads/2022/03/global-impact-study-abroad.jpg,https://www.google.com/s2/favicons?domain=lafayette.edu&sz=256,https://www.lafayette.edu/,https://www.lafayette.edu/,"Lafayette College is a private nonprofit institution in Easton, PA. This LivingWiki brings together federal education data and current official sources for academics, admissions, costs, campus life, and outcomes.",official-campus-fallback,,Lafayette College,1440,810,2026-08-19T00:19:18.445Z
235316,00377800,Gonzaga University,Spokane,WA,https://www.gonzaga.edu/,Northwest Commission on Colleges and Universities,Private nonprofit,Graduate degree,47.666531,-117.400625,5198,0.8169,0.8629,0.929,35119,78892,79.33,2026,124,us-doe-scorecard-featured-500-2026.1,https://collegescorecard.ed.gov/data/,2026-08-11T00:00:00.000Z,https://upload.wikimedia.org/wikipedia/commons/b/b8/Desmet_Avenue_Warehouse_HD_NRHP_97000450_Spokane_County%2C_WA.jpg?utm_source=commons.wikimedia.org&utm_campaign=imageinfo&utm_content=thumbnail_unscaled,https://www.google.com/s2/favicons?domain=gonzaga.edu&sz=256,"https://commons.wikimedia.org/wiki/File:Desmet_Avenue_Warehouse_HD_NRHP_97000450_Spokane_County,_WA.jpg",https://www.gonzaga.edu/,"Gonzaga University is a private nonprofit institution in Spokane, WA. This LivingWiki brings together federal education data and current official sources for academics, admissions, costs, campus life, and outcomes.",campus-fallback-wikimedia,CC BY-SA 4.0,"Desmet Avenue Warehouse HD NRHP 97000450 Spokane County, WA.jpg",1824,1368,2026-08-19T00:57:55.188Z
217402,00340600,Providence College,Providence,RI,https://www.providence.edu/,New England Commission on Higher Education,Private nonprofit,Graduate degree,41.842742,-71.437446,4229,0.5089,0.8582,0.9395,48523,87054,79.06,2026,125,us-doe-scorecard-featured-500-2026.1,https://collegescorecard.ed.gov/data/,2026-08-11T00:00:00.000Z,https://news.providence.edu/wp-content/uploads/sites/120/2023/12/SlaterGrad.webp,https://www.google.com/s2/favicons?domain=providence.edu&sz=256,https://www.providence.edu/,https://www.providence.edu/,"Providence College is a private nonprofit institution in Providence, RI. This LivingWiki brings together federal education data and current official sources for academics, admissions, costs, campus life, and outcomes.",official-campus-fallback,,Providence College | A Catholic College in Rhode Island and New England,800,533,2026-08-19T00:19:18.445Z
231174,00369600,University of Vermont,Burlington,VT,https://www.uvm.edu/,New England Commission on Higher Education,Public,Graduate degree,44.477325,-73.196646,11743,0.653,0.7859,0.8918,19343,62472,78.91,2026,126,us-doe-scorecard-featured-500-2026.1,https://collegescorecard.ed.gov/data/,2026-08-11T00:00:00.000Z,https://www.uvm.edu/d10-files/styles/default_1920/public/images/2025-09/uvm-2022-0828-0006.jpg.webp?itok=EvBgrwRt,https://www.google.com/s2/favicons?domain=uvm.edu&sz=256,https://www.uvm.edu/,https://www.uvm.edu/,"University of Vermont is a public institution in Burlington, VT. This LivingWiki brings together federal education data and current official sources for academics, admissions, costs, campus life, and outcomes.",official-campus-fallback,,For People and Planet | The University of Vermont,916,916,2026-08-19T00:19:18.445Z
153603,00186900,Iowa State University,Ames,IA,https://www.iastate.edu/,Higher Learning Commission,Public,Graduate degree,42.026212,-93.648504,25367,0.8866,0.7532,0.8757,18589,63386,78.82,2026,127,us-doe-scorecard-featured-500-2026.1,https://collegescorecard.ed.gov/data/,2026-08-11T00:00:00.000Z,https://upload.wikimedia.org/wikipedia/commons/0/01/Atanasoff-Berry_Computer_at_Durhum_Center.jpg?utm_source=commons.wikimedia.org&utm_campaign=imageinfo&utm_content=thumbnail_unscaled,https://www.google.com/s2/favicons?domain=iastate.edu&sz=256,https://commons.wikimedia.org/wiki/File:Atanasoff-Berry_Computer_at_Durhum_Center.jpg,https://www.iastate.edu/,"Iowa State University is a public institution in Ames, IA. This LivingWiki brings together federal education data and current official sources for academics, admissions, costs, campus life, and outcomes.",campus-fallback-wikimedia,CC BY-SA 3.0,Atanasoff-Berry Computer at Durhum Center.jpg,1042,1156,2026-08-19T00:19:18.445Z
178396,00251600,University of Missouri-Columbia,Columbia,MO,https://missouri.edu/,Higher Learning Commission,Public,Graduate degree,38.94531,-92.328843,23929,0.7847,0.7494,0.9268,20268,63403,78.66,2026,128,us-doe-scorecard-featured-500-2026.1,https://collegescorecard.ed.gov/data/,2026-08-11T00:00:00.000Z,https://missouri.edu/sites/default/files/2025-10/HomepageHero-4-Edit3_1920x675_0.jpg,https://www.google.com/s2/favicons?domain=missouri.edu&sz=256,https://missouri.edu/,https://missouri.edu/,"University of Missouri-Columbia is a public institution in Columbia, MO. This LivingWiki brings together federal education data and current official sources for academics, admissions, costs, campus life, and outcomes.",official-campus-fallback,,Homepage | Mizzou,1920,675,2026-08-19T00:19:18.445Z
239105,00386300,Marquette University,Milwaukee,WI,https://www.marquette.edu/,Higher Learning Commission,Private nonprofit,Graduate degree,43.03903,-87.927961,7660,0.8134,0.8321,0.9097,31487,78257,78.59,2026,129,us-doe-scorecard-featured-500-2026.1,https://collegescorecard.ed.gov/data/,2026-08-11T00:00:00.000Z,https://www.marquette.edu/_images/students-campus-og.jpg,https://www.google.com/s2/favicons?domain=marquette.edu&sz=256,https://www.marquette.edu/,https://www.marquette.edu/,"Marquette University is a private nonprofit institution in Milwaukee, WI. This LivingWiki brings together federal education data and current official sources for academics, admissions, costs, campus life, and outcomes.",official-campus-fallback,,Marquette University // Be The Difference,1200,630,2026-08-19T00:19:18.445Z
135726,00153600,University of Miami,Coral Gables,FL,https://www.miami.edu/,Southern Association of Colleges and Schools Commission on Colleges,Private nonprofit,Graduate degree,25.72126,-80.278662,12913,0.189,0.8368,0.9377,37244,75328,78.51,2026,130,us-doe-scorecard-featured-500-2026.1,https://collegescorecard.ed.gov/data/,2026-08-11T00:00:00.000Z,https://welcome.miami.edu/_assets/images/students-walking-by-u-statue-1800x900.jpg,https://www.google.com/s2/favicons?domain=miami.edu&sz=256,https://welcome.miami.edu/,https://www.miami.edu/,"University of Miami is a private nonprofit institution in Coral Gables, FL. This LivingWiki brings together federal education data and current official sources for academics, admissions, costs, campus life, and outcomes.",official-campus-fallback,,University of Miami,1800,900,2026-08-19T00:19:18.445Z
234085,00375300,Virginia Military Institute,Lexington,VA,https://www.vmi.edu/,Southern Association of Colleges and Schools Commission on Colleges,Public,Bachelor degree,37.7896,-79.437067,1527,0.7125,0.7621,0.8098,17113,77369,78.45,2026,131,us-doe-scorecard-featured-500-2026.1,https://collegescorecard.ed.gov/data/,2026-08-11T00:00:00.000Z,https://upload.wikimedia.org/wikipedia/commons/thumb/1/11/Virginia_military_institute_coat.svg/250px-Virginia_military_institute_coat.svg.png?utm_source=en.wikipedia.org&utm_campaign=api&utm_content=thumbnail,https://www.google.com/s2/favicons?domain=vmi.edu&sz=256,https://en.wikipedia.org/wiki/Virginia_Military_Institute,https://www.vmi.edu/,"Virginia Military Institute is a public institution in Lexington, VA. This LivingWiki brings together federal education data and current official sources for academics, admissions, costs, campus life, and outcomes.",,,,,,
196088,00283700,University at Buffalo,Buffalo,NY,https://www.buffalo.edu/,Middle States Commission on Higher Education,Public,Graduate degree,43.000942,-78.789458,20112,0.7418,0.7518,0.8521,20995,70814,78.44,2026,132,us-doe-scorecard-featured-500-2026.1,https://collegescorecard.ed.gov/data/,2026-08-11T00:00:00.000Z,https://upload.wikimedia.org/wikipedia/commons/3/34/Dole-Kemp_Rally_at_UB_1%2C_1996.jpg?utm_source=commons.wikimedia.org&utm_campaign=imageinfo&utm_content=thumbnail_unscaled,https://www.google.com/s2/favicons?domain=buffalo.edu&sz=256,"https://commons.wikimedia.org/wiki/File:Dole-Kemp_Rally_at_UB_1,_1996.jpg",https://www.buffalo.edu/,"University at Buffalo is a public institution in Buffalo, NY. This LivingWiki brings together federal education data and current official sources for academics, admissions, costs, campus life, and outcomes.",campus-fallback-wikimedia,CC BY-SA 3.0,"Dole-Kemp Rally at UB 1, 1996.jpg",826,510,2026-08-19T00:19:18.445Z
129242,00138500,Fairfield University,Fairfield,CT,https://fairfield.edu/,New England Commission on Higher Education,Private nonprofit,Graduate degree,41.157673,-73.255903,5373,0.3329,0.843,0.9129,48095,88794,78.41,2026,133,us-doe-scorecard-featured-500-2026.1,https://collegescorecard.ed.gov/data/,2026-08-11T00:00:00.000Z,https://www.fairfield.edu/_assets/images/home-hero-desktop_03032025.webp,https://www.google.com/s2/favicons?domain=fairfield.edu&sz=256,https://www.fairfield.edu/student-life/dining/,https://fairfield.edu/,"Fairfield University is a private nonprofit institution in Fairfield, CT. This LivingWiki brings together federal education data and current official sources for academics, admissions, costs, campus life, and outcomes.",official-campus-fallback,,Dining on Campus | Fairfield University,2160,956,2026-08-19T00:19:18.445Z
163268,00210500,University of Maryland-Baltimore County,Baltimore,MD,https://umbc.edu/,Middle States Commission on Higher Education,Public,Graduate degree,39.256686,-76.711607,10701,0.7243,0.7001,0.8505,16467,69960,78.28,2026,134,us-doe-scorecard-featured-500-2026.1,https://collegescorecard.ed.gov/data/,2026-08-11T00:00:00.000Z,https://umbc.edu/wp-content/uploads/2023/09/UMBC-Campus-Drone.jpeg,https://www.google.com/s2/favicons?domain=umbc.edu&sz=256,https://umbc.edu/,https://umbc.edu/,"University of Maryland-Baltimore County is a public institution in Baltimore, MD. This LivingWiki brings together federal education data and current official sources for academics, admissions, costs, campus life, and outcomes.",official-campus-fallback,,"Welcome To UMBC - University Of Maryland, Baltimore County",1200,674,2026-08-19T00:19:18.445Z
196413,00288200,Syracuse University,Syracuse,NY,https://www.syracuse.edu/,Middle States Commission on Higher Education,Private nonprofit,Graduate degree,43.036644,-76.133989,15477,0.4592,0.8361,0.9013,38793,79164,78.23,2026,135,us-doe-scorecard-featured-500-2026.1,https://collegescorecard.ed.gov/data/,2026-08-11T00:00:00.000Z,https://static.cdn.syr.edu/static/www/original_images/hall-of-languages.jpg,https://www.google.com/s2/favicons?domain=syracuse.edu&sz=256,https://www.syracuse.edu/,https://www.syracuse.edu/,"Syracuse University is a private nonprofit institution in Syracuse, NY. This LivingWiki brings together federal education data and current official sources for academics, admissions, costs, campus life, and outcomes.",official-campus-fallback,,Home - Syracuse University,7952,5304,2026-08-19T00:19:18.445Z
174844,00238200,St Olaf College,Northfield,MN,https://wp.stolaf.edu/,Higher Learning Commission,Private nonprofit,Bachelor degree,44.461529,-93.182039,3093,0.4832,0.84,0.9223,23874,65543,78.06,2026,136,us-doe-scorecard-featured-500-2026.1,https://collegescorecard.ed.gov/data/,2026-08-11T00:00:00.000Z,https://i0.wp.com/wp.stolaf.edu/wp-content/uploads/2026/08/timberwolves_research.jpg?resize=2400%2C1350&#038;ssl=1,https://www.google.com/s2/favicons?domain=wp.stolaf.edu&sz=256,https://wp.stolaf.edu/,https://wp.stolaf.edu/,"St Olaf College is a private nonprofit institution in Northfield, MN. This LivingWiki brings together federal education data and current official sources for academics, admissions, costs, campus life, and outcomes.",official-campus-fallback,,St. Olaf College &#8211; A private liberal arts college of the Lutheran church in Minnesota,2400,1350,2026-08-19T00:19:18.445Z
232186,00374900,George Mason University,Fairfax,VA,https://www.gmu.edu/,Southern Association of Colleges and Schools Commission on Colleges,Public,Graduate degree,38.83195,-77.307063,27752,0.8748,0.6784,0.8599,17915,76343,77.96,2026,137,us-doe-scorecard-featured-500-2026.1,https://collegescorecard.ed.gov/data/,2026-08-11T00:00:00.000Z,https://www.gmu.edu/sites/default/files/styles/feature_image_large/public/2026-08/Hazel%20Hall%20at%20Fuse%20feat%20250912510.jpg?itok=LtQ5uxVV,https://www.google.com/s2/favicons?domain=gmu.edu&sz=256,https://www.gmu.edu/,https://www.gmu.edu/,"George Mason University is a public institution in Fairfax, VA. This LivingWiki brings together federal education data and current official sources for academics, admissions, costs, campus life, and outcomes.",official-campus-fallback,,A Top 50 Public R1 Research University | George Mason University,1000,714,2026-08-19T00:19:18.445Z
181002,00254200,Creighton University,Omaha,NE,https://www.creighton.edu/,Higher Learning Commission,Private nonprofit,Graduate degree,41.265361,-95.947811,4348,0.7975,0.8336,0.9415,31568,73911,77.93,2026,138,us-doe-scorecard-featured-500-2026.1,https://collegescorecard.ed.gov/data/,2026-08-11T00:00:00.000Z,https://www.creighton.edu/sites/default/files/2024-08/mentorship_0.webp,https://www.google.com/s2/favicons?domain=creighton.edu&sz=256,https://www.creighton.edu/,https://www.creighton.edu/,"Creighton University is a private nonprofit institution in Omaha, NE. This LivingWiki brings together federal education data and current official sources for academics, admissions, costs, campus life, and outcomes.",official-campus-fallback,,"Creighton University | A private, Jesuit university",990,660,2026-08-19T00:19:18.445Z
207971,00318500,University of Tulsa,Tulsa,OK,https://utulsa.edu/,Higher Learning Commission,Private nonprofit,Graduate degree,36.152324,-95.945941,2813,0.6151,0.7229,0.9211,15000,61408,77.91,2026,139,us-doe-scorecard-featured-500-2026.1,https://collegescorecard.ed.gov/data/,2026-08-11T00:00:00.000Z,https://utulsa.edu/wp-content/uploads/2023/04/Freshmen-class-photo-home-hero.jpg,https://www.google.com/s2/favicons?domain=utulsa.edu&sz=256,https://utulsa.edu/,https://utulsa.edu/,"University of Tulsa is a private nonprofit institution in Tulsa, OK. This LivingWiki brings together federal education data and current official sources for academics, admissions, costs, campus life, and outcomes.",official-campus-fallback,,The University of Tulsa,1920,1012,2026-08-19T00:19:18.445Z
233374,00374400,University of Richmond,University of Richmond,VA,https://www.richmond.edu/,Southern Association of Colleges and Schools Commission on Colleges,Private nonprofit,Graduate degree,37.577393,-77.538806,2980,0.222,0.852,0.9075,31309,76178,77.8,2026,140,us-doe-scorecard-featured-500-2026.1,https://collegescorecard.ed.gov/data/,2026-08-11T00:00:00.000Z,https://d1gtq9mqg5x3oe.cloudfront.net/hermes/images/www/_lead/25-all-season/promo/ALL-Season-Thumbnail-1440x810.jpg,https://www.google.com/s2/favicons?domain=richmond.edu&sz=256,https://www.richmond.edu/,https://www.richmond.edu/,"University of Richmond is a private nonprofit institution in University of Richmond, VA. This LivingWiki brings together federal education data and current official sources for academics, admissions, costs, campus life, and outcomes.",official-campus-fallback,,University of Richmond,1440,810,2026-08-19T00:19:18.445Z
130590,00141400,Trinity College,Hartford,CT,https://www.trincoll.edu/,New England Commission on Higher Education,Private nonprofit,Graduate degree,41.747451,-72.690882,2146,0.2925,0.8377,0.8995,34832,90779,77.74,2026,141,us-doe-scorecard-featured-500-2026.1,https://collegescorecard.ed.gov/data/,2026-08-11T00:00:00.000Z,https://www.trincoll.edu/wp-content/uploads/2022/12/Website-Default-Image.png,https://www.google.com/s2/favicons?domain=trincoll.edu&sz=256,https://www.trincoll.edu/,https://www.trincoll.edu/,"Trinity College is a private nonprofit institution in Hartford, CT. This LivingWiki brings together federal education data and current official sources for academics, admissions, costs, campus life, and outcomes.",,,,,,
228246,00361300,Southern Methodist University,Dallas,TX,https://www.smu.edu/,Southern Association of Colleges and Schools Commission on Colleges,Private nonprofit,Graduate degree,32.843612,-96.783365,7277,0.6335,0.8427,0.9052,40892,78354,77.73,2026,142,us-doe-scorecard-featured-500-2026.1,https://collegescorecard.ed.gov/data/,2026-08-11T00:00:00.000Z,https://www.smu.edu/-/media/site/developmentexternalaffairs/marketingcommunications/digital-marketing/small-feature-friends-dog.jpg,https://www.google.com/s2/favicons?domain=smu.edu&sz=256,https://www.smu.edu/admission,https://www.smu.edu/,"Southern Methodist University is a private nonprofit institution in Dallas, TX. This LivingWiki brings together federal education data and current official sources for academics, admissions, costs, campus life, and outcomes.",official-campus-fallback,,SMU Admission: Apply to Southern Methodist University Today | SMU,1200,801,2026-08-19T00:19:18.445Z
215770,00336700,Saint Joseph's University - Philadelphia,Philadelphia,PA,https://www.sju.edu/,Middle States Commission on Higher Education,Private nonprofit,Graduate degree,39.994442,-75.238343,4948,0.8883,0.7884,0.8868,29689,86881,77.69,2026,143,us-doe-scorecard-featured-500-2026.1,https://collegescorecard.ed.gov/data/,2026-08-11T00:00:00.000Z,https://www.sju.edu/sites/default/files/styles/16_9_1600x900/public/undergraduate-admission-3200x1800-splitscreen-aerial-barbelin.jpg,https://www.google.com/s2/favicons?domain=sju.edu&sz=256,https://www.sju.edu/,https://www.sju.edu/,"Saint Joseph's University - Philadelphia is a private nonprofit institution in Philadelphia, PA. This LivingWiki brings together federal education data and current official sources for academics, admissions, costs, campus life, and outcomes.",,,,,,
179159,00250600,Saint Louis University,Saint Louis,MO,https://www.slu.edu/,Higher Learning Commission,Private nonprofit,Graduate degree,38.636801,-90.2351,7267,0.7504,0.7953,0.8784,24398,70783,77.68,2026,144,us-doe-scorecard-featured-500-2026.1,https://collegescorecard.ed.gov/data/,2026-08-11T00:00:00.000Z,https://upload.wikimedia.org/wikipedia/commons/thumb/0/04/Alexander_Euston_House_%28Saint_Louis_University_New_Student_Visit_Center%29%2C_Lindell_Boulevard%2C_Midtown%2C_St._Louis%2C_MO_-_53229750918.jpg/1920px-Alexander_Euston_House_%28Saint_Louis_University_New_Student_Visit_Center%29%2C_Lindell_Boulevard%2C_Midtown%2C_St._Louis%2C_MO_-_53229750918.jpg?utm_source=commons.wikimedia.org&utm_campaign=imageinfo&utm_content=thumbnail,https://www.google.com/s2/favicons?domain=slu.edu&sz=256,"https://commons.wikimedia.org/wiki/File:Alexander_Euston_House_(Saint_Louis_University_New_Student_Visit_Center),_Lindell_Boulevard,_Midtown,_St._Louis,_MO_-_53229750918.jpg",https://www.slu.edu/,"Saint Louis University is a private nonprofit institution in Saint Louis, MO. This LivingWiki brings together federal education data and current official sources for academics, admissions, costs, campus life, and outcomes.",campus-fallback-wikimedia,CC BY-SA 2.0,"Alexander Euston House (Saint Louis University New Student Visit Center), Lindell Boulevard, Midtown, St. Louis, MO - 53229750918.jpg",1920,2560,2026-08-19T00:57:57.320Z
209825,00322400,University of Portland,Portland,OR,https://www.up.edu/,Northwest Commission on Colleges and Universities,Private nonprofit,Graduate degree,45.572724,-122.726691,2957,0.8917,0.7984,0.8832,28210,82804,77.6,2026,145,us-doe-scorecard-featured-500-2026.1,https://collegescorecard.ed.gov/data/,2026-08-11T00:00:00.000Z,https://www.up.edu/_assets/bg-image.jpg,https://www.google.com/s2/favicons?domain=up.edu&sz=256,https://www.up.edu/admissions-aid/find-your-admissions-counselor/index.html,https://www.up.edu/,"University of Portland is a private nonprofit institution in Portland, OR. This LivingWiki brings together federal education data and current official sources for academics, admissions, costs, campus life, and outcomes.",official-campus-fallback,,Find Your Admissions Counselor | University of Portland,1920,1280,2026-08-19T00:19:18.445Z
197133,00289500,Vassar College,Poughkeepsie,NY,https://www.vassar.edu/,Middle States Commission on Higher Education,Private nonprofit,Bachelor degree,41.686895,-73.895088,2444,0.1857,0.9108,0.949,39343,71366,77.56,2026,146,us-doe-scorecard-featured-500-2026.1,https://collegescorecard.ed.gov/data/,2026-08-11T00:00:00.000Z,https://www.vassar.edu/sites/default/files/styles/hero_slideshow_xl/public/2026-07/26_06_11_group_peace_copfp_01_hp_edit1.jpg?itok=JJJnZDpn,https://www.google.com/s2/favicons?domain=vassar.edu&sz=256,https://www.vassar.edu/,https://www.vassar.edu/,"Vassar College is a private nonprofit institution in Poughkeepsie, NY. This LivingWiki brings together federal education data and current official sources for academics, admissions, costs, campus life, and outcomes.",official-campus-fallback,,Vassar College | Top Northeastern US Liberal Arts College,2400,1000,2026-08-19T00:19:18.445Z
215293,00337900,University of Pittsburgh-Pittsburgh Campus,Pittsburgh,PA,https://www.pitt.edu/,Middle States Commission on Higher Education,Public,Graduate degree,40.444388,-79.953254,20370,0.5808,0.855,0.9199,30434,66125,77.5,2026,147,us-doe-scorecard-featured-500-2026.1,https://collegescorecard.ed.gov/data/,2026-08-11T00:00:00.000Z,https://upload.wikimedia.org/wikipedia/commons/thumb/9/99/Cathedral_of_Learning_Armenian_Classroom_%2816207071364%29.jpg/1920px-Cathedral_of_Learning_Armenian_Classroom_%2816207071364%29.jpg?utm_source=commons.wikimedia.org&utm_campaign=imageinfo&utm_content=thumbnail,https://www.google.com/s2/favicons?domain=pitt.edu&sz=256,https://commons.wikimedia.org/wiki/File:Cathedral_of_Learning_Armenian_Classroom_(16207071364).jpg,https://www.pitt.edu/,"University of Pittsburgh-Pittsburgh Campus is a public institution in Pittsburgh, PA. This LivingWiki brings together federal education data and current official sources for academics, admissions, costs, campus life, and outcomes.",campus-fallback-wikimedia,CC BY-SA 2.0,Cathedral of Learning Armenian Classroom (16207071364).jpg,1920,2880,2026-08-19T01:08:32.025Z
191241,00272200,Fordham University,Bronx,NY,https://www.fordham.edu/,Middle States Commission on Higher Education,Private nonprofit,Graduate degree,40.859354,-73.882705,10512,0.5931,0.8191,0.8852,44338,85569,77.37,2026,148,us-doe-scorecard-featured-500-2026.1,https://collegescorecard.ed.gov/data/,2026-08-11T00:00:00.000Z,https://www.fordham.edu/media/home/commonly-used-images/Students-Cheering-at-Football-Game.jpg,https://www.google.com/s2/favicons?domain=fordham.edu&sz=256,https://www.fordham.edu/,https://www.fordham.edu/,"Fordham University is a private nonprofit institution in Bronx, NY. This LivingWiki brings together federal education data and current official sources for academics, admissions, costs, campus life, and outcomes.",official-campus-fallback,,Fordham University,1800,865,2026-08-19T00:19:18.445Z
167835,00220900,Smith College,Northampton,MA,https://www.smith.edu/,New England Commission on Higher Education,Private nonprofit,Graduate degree,42.318111,-72.638097,2544,0.21,0.8905,0.943,27579,64027,77.37,2026,149,us-doe-scorecard-featured-500-2026.1,https://collegescorecard.ed.gov/data/,2026-08-11T00:00:00.000Z,https://www.smith.edu/sites/default/files/styles/content_teaser_landscape_xlarge/public/2026-05/pond_spring_2026.jpg.webp?itok=rkwOfvYF,https://www.google.com/s2/favicons?domain=smith.edu&sz=256,https://www.smith.edu/,https://www.smith.edu/,"Smith College is a private nonprofit institution in Northampton, MA. This LivingWiki brings together federal education data and current official sources for academics, admissions, costs, campus life, and outcomes.",official-campus-fallback,,Home: Smith College | Smith College,1280,840,2026-08-19T00:19:18.445Z
202480,00312700,University of Dayton,Dayton,OH,https://udayton.edu/,Higher Learning Commission,Private nonprofit,Graduate degree,39.739547,-84.176113,7682,0.6545,0.8018,0.8906,29533,75537,77.36,2026,150,us-doe-scorecard-featured-500-2026.1,https://collegescorecard.ed.gov/data/,2026-08-11T00:00:00.000Z,https://upload.wikimedia.org/wikipedia/en/thumb/0/02/University_of_Dayton.svg/500px-University_of_Dayton.svg.png?utm_source=en.wikipedia.org&utm_campaign=api&utm_content=thumbnail,https://www.google.com/s2/favicons?domain=udayton.edu&sz=256,https://en.wikipedia.org/wiki/University_of_Dayton,https://udayton.edu/,"University of Dayton is a private nonprofit institution in Dayton, OH. This LivingWiki brings together federal education data and current official sources for academics, admissions, costs, campus life, and outcomes.",,,,,,
218663,00344800,University of South Carolina-Columbia,Columbia,SC,https://www.sc.edu/,Southern Association of Colleges and Schools Commission on Colleges,Public,Graduate degree,33.996788,-81.026935,29820,0.6015,0.7882,0.922,22811,62177,77.29,2026,151,us-doe-scorecard-featured-500-2026.1,https://collegescorecard.ed.gov/data/,2026-08-11T00:00:00.000Z,https://www.sc.edu/imgs/social_cards/social_south_carolina.jpg,https://www.google.com/s2/favicons?domain=sc.edu&sz=256,https://www.sc.edu/about/directory/,https://www.sc.edu/,"University of South Carolina-Columbia is a public institution in Columbia, SC. This LivingWiki brings together federal education data and current official sources for academics, admissions, costs, campus life, and outcomes.",official-campus-fallback,,Campus Directories | University of South Carolina,1200,600,2026-08-19T00:19:18.445Z
217864,00342300,Citadel Military College of South Carolina,Charleston,SC,https://citadel.edu/,Southern Association of Colleges and Schools Commission on Colleges,Public,Graduate degree,32.797183,-79.958775,2705,0.2272,0.75,0.8578,20723,72085,77.25,2026,152,us-doe-scorecard-featured-500-2026.1,https://collegescorecard.ed.gov/data/,2026-08-11T00:00:00.000Z,https://www.citadel.edu/wp-content/uploads/ringday.jpg,https://www.google.com/s2/favicons?domain=citadel.edu&sz=256,https://www.citadel.edu/,https://citadel.edu/,"Citadel Military College of South Carolina is a public institution in Charleston, SC. This LivingWiki brings together federal education data and current official sources for academics, admissions, costs, campus life, and outcomes.",official-campus-fallback,,The Citadel - The Military College of South Carolina,1400,933,2026-08-19T00:19:18.445Z
221759,00353000,The University of Tennessee-Knoxville,Knoxville,TN,https://www.utk.edu/,Southern Association of Colleges and Schools Commission on Colleges,Public,Graduate degree,35.952082,-83.925852,30418,0.416,0.7392,0.919,18976,60249,77.13,2026,153,us-doe-scorecard-featured-500-2026.1,https://collegescorecard.ed.gov/data/,2026-08-11T00:00:00.000Z,https://www.utk.edu/wp-content/uploads/2025/09/hero-student-life-3.jpg,https://www.google.com/s2/favicons?domain=utk.edu&sz=256,https://www.utk.edu/,https://www.utk.edu/,"The University of Tennessee-Knoxville is a public institution in Knoxville, TN. This LivingWiki brings together federal education data and current official sources for academics, admissions, costs, campus life, and outcomes.",official-campus-fallback,,"University of Tennessee, Knoxville",2560,1708,2026-08-19T00:19:18.445Z
228875,00363600,Texas Christian University,Fort Worth,TX,https://www.tcu.edu/,Southern Association of Colleges and Schools Commission on Colleges,Private nonprofit,Graduate degree,32.70961,-97.364758,11026,0.4449,0.8551,0.9287,36660,68424,77.12,2026,154,us-doe-scorecard-featured-500-2026.1,https://collegescorecard.ed.gov/data/,2026-08-11T00:00:00.000Z,https://www.tcu.edu/images/1200x630-social-share.jpg,https://www.google.com/s2/favicons?domain=tcu.edu&sz=256,https://www.tcu.edu/about/mission-vision-values.php,https://www.tcu.edu/,"Texas Christian University is a private nonprofit institution in Fort Worth, TX. This LivingWiki brings together federal education data and current official sources for academics, admissions, costs, campus life, and outcomes.",official-campus-fallback,,"Mission, Vision & Values of Texas Christian University",1200,630,2026-08-19T00:19:18.445Z
160977,00203600,Bates College,Lewiston,ME,https://www.bates.edu/,New England Commission on Higher Education,Private nonprofit,Bachelor degree,44.105299,-70.203333,1760,0.1332,0.8969,0.9129,29351,69498,77.11,2026,155,us-doe-scorecard-featured-500-2026.1,https://collegescorecard.ed.gov/data/,2026-08-11T00:00:00.000Z,https://www.bates.edu/wp-content/uploads/2014/05/hathorn_bates_6637390405_f95e0a72d6_b.jpg?1375818119,https://www.google.com/s2/favicons?domain=bates.edu&sz=256,https://www.bates.edu/,https://www.bates.edu/,"Bates College is a private nonprofit institution in Lewiston, ME. This LivingWiki brings together federal education data and current official sources for academics, admissions, costs, campus life, and outcomes.",official-campus-fallback,,"Bates College | Lewiston, Maine",1024,683,2026-08-19T00:19:18.445Z
166692,00218100,Massachusetts Maritime Academy,Buzzards Bay,MA,https://www.maritime.edu/,New England Commission on Higher Education,Public,Graduate degree,41.739072,-70.624084,1395,0.947,0.7406,0.868,21582,82392,77.08,2026,156,us-doe-scorecard-featured-500-2026.1,https://collegescorecard.ed.gov/data/,2026-08-11T00:00:00.000Z,https://upload.wikimedia.org/wikipedia/commons/thumb/0/08/TS_Kennedy.jpg/1920px-TS_Kennedy.jpg?utm_source=commons.wikimedia.org&utm_campaign=imageinfo&utm_content=thumbnail,https://www.google.com/s2/favicons?domain=maritime.edu&sz=256,https://commons.wikimedia.org/wiki/File:TS_Kennedy.jpg,https://www.maritime.edu/,"Massachusetts Maritime Academy is a public institution in Buzzards Bay, MA. This LivingWiki brings together federal education data and current official sources for academics, admissions, costs, campus life, and outcomes.",campus-fallback-wikimedia,CC BY-SA 4.0,TS Kennedy.jpg,1920,1440,2026-08-19T01:03:48.666Z
212054,00325600,Drexel University,Philadelphia,PA,https://drexel.edu/,Middle States Commission on Higher Education,Private nonprofit,Graduate degree,39.955217,-75.190051,13233,0.7944,0.7816,0.8951,38509,84648,77.04,2026,157,us-doe-scorecard-featured-500-2026.1,https://collegescorecard.ed.gov/data/,2026-08-11T00:00:00.000Z,https://upload.wikimedia.org/wikipedia/commons/thumb/2/22/Main_Building_-_Drexel_University_%2853590618820%29.jpg/1920px-Main_Building_-_Drexel_University_%2853590618820%29.jpg,https://www.google.com/s2/favicons?domain=drexel.edu&sz=256,https://commons.wikimedia.org/wiki/File:Main_Building_-_Drexel_University_(53590618820).jpg,https://drexel.edu/,"Drexel University is a private nonprofit institution in Philadelphia, PA. This LivingWiki brings together federal education data and current official sources for academics, admissions, costs, campus life, and outcomes.",wikimedia-manual-campus-override,CC BY 2.0,Main Building at Drexel University,1920,1080,2026-08-19T01:44:39.466Z
156408,00196100,Centre College,Danville,KY,https://www.centre.edu/,Southern Association of Colleges and Schools Commission on Colleges,Private nonprofit,Bachelor degree,37.645709,-84.779392,1400,0.5436,0.8067,0.875,20781,66240,76.95,2026,158,us-doe-scorecard-featured-500-2026.1,https://collegescorecard.ed.gov/data/,2026-08-11T00:00:00.000Z,https://www.centre.edu/sites/default/files/styles/1900x1069/public/2022-09/1900-798_apply-crounse-aerial.jpg?h=d0d6dc2a&itok=81CJNkjf,https://www.google.com/s2/favicons?domain=centre.edu&sz=256,https://www.centre.edu/,https://www.centre.edu/,"Centre College is a private nonprofit institution in Danville, KY. This LivingWiki brings together federal education data and current official sources for academics, admissions, costs, campus life, and outcomes.",official-campus-fallback,,"Centre College | Your future, front and centre.",1900,1069,2026-08-19T00:19:18.445Z
445188,04127100,University of California-Merced,Merced,CA,https://ucmerced.edu/,Western Association of Schools and Colleges Senior Colleges and University Commission,Public,Graduate degree,37.366237,-120.424944,8372,0.9053,0.6872,0.8213,11983,64368,76.82,2026,159,us-doe-scorecard-featured-500-2026.1,https://collegescorecard.ed.gov/data/,2026-08-11T00:00:00.000Z,https://upload.wikimedia.org/wikipedia/commons/thumb/3/35/P051609SA-0759_%283566979662%29.jpg/1920px-P051609SA-0759_%283566979662%29.jpg?utm_source=commons.wikimedia.org&utm_campaign=imageinfo&utm_content=thumbnail,https://www.google.com/s2/favicons?domain=ucmerced.edu&sz=256,https://commons.wikimedia.org/wiki/File:P051609SA-0759_(3566979662).jpg,https://ucmerced.edu/,"University of California-Merced is a public institution in Merced, CA. This LivingWiki brings together federal education data and current official sources for academics, admissions, costs, campus life, and outcomes.",campus-fallback-wikimedia,Public domain,P051609SA-0759 (3566979662).jpg,1920,1280,2026-08-19T00:57:55.426Z
165015,00213300,Brandeis University,Waltham,MA,https://www.brandeis.edu/,New England Commission on Higher Education,Private nonprofit,Graduate degree,42.365727,-71.260155,3618,0.405,0.8603,0.8702,35736,77231,76.81,2026,160,us-doe-scorecard-featured-500-2026.1,https://collegescorecard.ed.gov/data/,2026-08-11T00:00:00.000Z,https://upload.wikimedia.org/wikipedia/commons/thumb/2/2f/Brandeis_University_Shapiro_Campus_Center.jpg/1920px-Brandeis_University_Shapiro_Campus_Center.jpg?utm_source=commons.wikimedia.org&utm_campaign=imageinfo&utm_content=thumbnail,https://www.google.com/s2/favicons?domain=brandeis.edu&sz=256,https://commons.wikimedia.org/wiki/File:Brandeis_University_Shapiro_Campus_Center.jpg,https://www.brandeis.edu/,"Brandeis University is a private nonprofit institution in Waltham, MA. This LivingWiki brings together federal education data and current official sources for academics, admissions, costs, campus life, and outcomes.",campus-fallback-wikimedia,CC BY-SA 4.0,Brandeis University Shapiro Campus Center.jpg,1920,2560,2026-08-19T01:03:46.691Z
196167,00284500,SUNY College at Geneseo,Geneseo,NY,https://www.geneseo.edu/,Middle States Commission on Higher Education,Public,Graduate degree,42.796645,-77.821894,3869,0.6645,0.7145,0.8699,18211,67316,76.78,2026,161,us-doe-scorecard-featured-500-2026.1,https://collegescorecard.ed.gov/data/,2026-08-11T00:00:00.000Z,https://www.geneseo.edu/wp-content/uploads/2025/08/screencapture-map-geneseo-edu-2025-08-18-13_58_45.jpg,https://www.google.com/s2/favicons?domain=geneseo.edu&sz=256,https://www.geneseo.edu/about/campus-map/,https://www.geneseo.edu/,"SUNY College at Geneseo is a public institution in Geneseo, NY. This LivingWiki brings together federal education data and current official sources for academics, admissions, costs, campus life, and outcomes.",official-campus-fallback,,Campus Map - SUNY Geneseo,1000,642,2026-08-19T00:19:18.445Z
214777,00332900,Pennsylvania State University-Main Campus,University Park,PA,https://psu.edu/,Middle States Commission on Higher Education,Public,Graduate degree,40.7965,-77.862848,42284,0.6056,0.8609,0.9264,32875,63435,76.61,2026,162,us-doe-scorecard-featured-500-2026.1,https://collegescorecard.ed.gov/data/,2026-08-11T00:00:00.000Z,https://images.ctfassets.net/ni9rh5nu0d99/7aVwroYXl3CQkyfQwEK1bG/999f75fe46e3cbbd2bea829866abe21a/traditions-lion-shrine.jpg?fm=webp&w=3840&q=75,https://www.google.com/s2/favicons?domain=psu.edu&sz=256,https://www.psu.edu/,https://psu.edu/,"Pennsylvania State University-Main Campus is a public institution in University Park, PA. This LivingWiki brings together federal education data and current official sources for academics, admissions, costs, campus life, and outcomes.",official-campus-fallback,,The Pennsylvania State University | Penn State,900,600,2026-08-19T00:19:18.445Z
126614,00137000,University of Colorado Boulder,Boulder,CO,https://www.colorado.edu/,Higher Learning Commission,Public,Graduate degree,40.008781,-105.270823,31939,0.7808,0.7419,0.9015,25346,69738,76.61,2026,163,us-doe-scorecard-featured-500-2026.1,https://collegescorecard.ed.gov/data/,2026-08-11T00:00:00.000Z,https://www.colorado.edu/sites/default/files/2026-06/R1%20-%20NAVY.png,https://www.google.com/s2/favicons?domain=colorado.edu&sz=256,https://www.colorado.edu/about,https://www.colorado.edu/,"University of Colorado Boulder is a public institution in Boulder, CO. This LivingWiki brings together federal education data and current official sources for academics, admissions, costs, campus life, and outcomes.",official-campus-fallback,,About CU Boulder | University of Colorado Boulder,1400,1385,2026-08-19T00:19:18.445Z
153658,00189200,University of Iowa,Iowa City,IA,https://uiowa.edu/,Higher Learning Commission,Public,Graduate degree,41.661935,-91.536425,22264,0.8362,0.7463,0.9036,22531,64762,76.61,2026,164,us-doe-scorecard-featured-500-2026.1,https://collegescorecard.ed.gov/data/,2026-08-11T00:00:00.000Z,https://uiowa.edu/sites/uiowa.edu/files/styles/widescreen__2592_x_1458/public/2026-06/2025_05_08-Cap-and-Gown-Commercial-Shoot-May-2025-jatorner-2647.jpg?h=26b29af5&itok=1XaZ6t27,https://www.google.com/s2/favicons?domain=uiowa.edu&sz=256,https://uiowa.edu/,https://uiowa.edu/,"University of Iowa is a public institution in Iowa City, IA. This LivingWiki brings together federal education data and current official sources for academics, admissions, costs, campus life, and outcomes.",official-campus-fallback,,The University of Iowa,2592,1458,2026-08-19T00:19:18.445Z
196866,00288900,Union College,Schenectady,NY,https://www.union.edu/,Middle States Commission on Higher Education,Private nonprofit,Bachelor degree,42.818097,-73.928788,2046,0.4392,0.8039,0.9018,34561,88604,76.55,2026,165,us-doe-scorecard-featured-500-2026.1,https://collegescorecard.ed.gov/data/,2026-08-11T00:00:00.000Z,https://www.union.edu/sites/default/files/styles/hero/public/union-marketing-layer/202607/homepage-image004aa.jpg?itok=NnSpRTjP,https://www.google.com/s2/favicons?domain=union.edu&sz=256,https://www.union.edu/,https://www.union.edu/,"Union College is a private nonprofit institution in Schenectady, NY. This LivingWiki brings together federal education data and current official sources for academics, admissions, costs, campus life, and outcomes.",official-campus-fallback,,Union College,1920,1122,2026-08-19T00:19:18.445Z
178411,00251700,Missouri University of Science and Technology,Rolla,MO,https://www.mst.edu/,Higher Learning Commission,Public,Graduate degree,37.954444,-91.77311,5521,0.7255,0.6437,0.8656,16298,82957,76.44,2026,166,us-doe-scorecard-featured-500-2026.1,https://collegescorecard.ed.gov/data/,2026-08-11T00:00:00.000Z,https://www.mst.edu/media/universityadvancement/www/images/gateway-refresh/20240422%20Innovation%20Atrium%2010%20(1)%20(1)%20(1).jpg,https://www.google.com/s2/favicons?domain=mst.edu&sz=256,https://www.mst.edu/,https://www.mst.edu/,"Missouri University of Science and Technology is a public institution in Rolla, MO. This LivingWiki brings together federal education data and current official sources for academics, admissions, costs, campus life, and outcomes.",official-campus-fallback,,&ndash; Missouri University of Science and Technology | Missouri S&T,1200,800,2026-08-19T00:19:18.445Z
163046,00207800,Loyola University Maryland,Baltimore,MD,https://www.loyola.edu/,Middle States Commission on Higher Education,Private nonprofit,Graduate degree,39.346358,-76.621872,3869,0.7549,0.7919,0.8711,30574,82652,76.42,2026,167,us-doe-scorecard-featured-500-2026.1,https://collegescorecard.ed.gov/data/,2026-08-11T00:00:00.000Z,https://upload.wikimedia.org/wikipedia/en/thumb/0/06/Loyola_University_Maryland_shield.svg/120px-Loyola_University_Maryland_shield.svg.png?utm_source=en.wikipedia.org&utm_campaign=api&utm_content=thumbnail,https://www.google.com/s2/favicons?domain=loyola.edu&sz=256,https://en.wikipedia.org/wiki/Loyola_University_Maryland,https://www.loyola.edu/,"Loyola University Maryland is a private nonprofit institution in Baltimore, MD. This LivingWiki brings together federal education data and current official sources for academics, admissions, costs, campus life, and outcomes.",,,,,,
198516,00292700,Elon University,Elon,NC,https://www.elon.edu/,Southern Association of Colleges and Schools Commission on Colleges,Private nonprofit,Graduate degree,36.104148,-79.50344,6452,0.6635,0.8404,0.898,41555,74545,76.41,2026,168,us-doe-scorecard-featured-500-2026.1,https://collegescorecard.ed.gov/data/,2026-08-11T00:00:00.000Z,https://www.elon.edu/u/wp-content/themes/ElonUniversity-Base/assets/img/global/og-image-2020.png,https://www.google.com/s2/favicons?domain=elon.edu&sz=256,https://www.elon.edu/u/admissions/undergraduate/global-study/,https://www.elon.edu/,"Elon University is a private nonprofit institution in Elon, NC. This LivingWiki brings together federal education data and current official sources for academics, admissions, costs, campus life, and outcomes.",official-campus-fallback,,What is the best study abroad program? | Elon University,1200,628,2026-08-19T00:19:18.445Z
104151,00108100,Arizona State University Campus Immersion,Tempe,AZ,https://www.asu.edu/,Higher Learning Commission,Public,Graduate degree,33.417721,-111.934383,64674,0.8989,0.6804,0.8664,14967,62668,76.33,2026,169,us-doe-scorecard-featured-500-2026.1,https://collegescorecard.ed.gov/data/,2026-08-11T00:00:00.000Z,https://www.asu.edu/sites/default/files/2025-09/2026RepeatedlyRanked.png,https://www.google.com/s2/favicons?domain=asu.edu&sz=256,https://www.asu.edu/,https://www.asu.edu/,"Arizona State University Campus Immersion is a public institution in Tempe, AZ. This LivingWiki brings together federal education data and current official sources for academics, admissions, costs, campus life, and outcomes.",official-campus-fallback,,ASU Homepage | Arizona State University,2250,2250,2026-08-19T00:19:18.445Z
152318,00183000,Rose-Hulman Institute of Technology,Terre Haute,IN,https://www.rose-hulman.edu/,Higher Learning Commission,Private nonprofit,Graduate degree,39.483602,-87.326749,2309,0.7686,0.7816,0.9167,42513,101253,76.15,2026,170,us-doe-scorecard-featured-500-2026.1,https://collegescorecard.ed.gov/data/,2026-08-11T00:00:00.000Z,https://www.rose-hulman.edu/assets/images/homepage/Top/2020/RHIT-HPage-hero-2020-Start-Med.jpg,https://www.google.com/s2/favicons?domain=rose-hulman.edu&sz=256,https://www.rose-hulman.edu/,https://www.rose-hulman.edu/,"Rose-Hulman Institute of Technology is a private nonprofit institution in Terre Haute, IN. This LivingWiki brings together federal education data and current official sources for academics, admissions, costs, campus life, and outcomes.",official-campus-fallback,,Rose-Hulman Institute of Technology,1920,640,2026-08-19T00:19:18.445Z
217484,00341400,University of Rhode Island,Kingston,RI,https://web.uri.edu/,New England Commission on Higher Education,Public,Graduate degree,41.484691,-71.527356,13381,0.7216,0.7331,0.8362,21440,69743,76.05,2026,171,us-doe-scorecard-featured-500-2026.1,https://collegescorecard.ed.gov/data/,2026-08-11T00:00:00.000Z,https://www.uri.edu/wp-content/uploads/home/2026/05/2026_hero_text.png,https://www.google.com/s2/favicons?domain=web.uri.edu&sz=256,https://www.uri.edu/,https://web.uri.edu/,"University of Rhode Island is a public institution in Kingston, RI. This LivingWiki brings together federal education data and current official sources for academics, admissions, costs, campus life, and outcomes.",official-campus-fallback,,The University of Rhode Island,2000,657,2026-08-19T00:19:18.445Z
183044,00258900,University of New Hampshire-Main Campus,Durham,NH,https://www.unh.edu/,New England Commission on Higher Education,Public,Graduate degree,43.135934,-70.932465,11261,0.8816,0.7607,0.8727,23805,66479,76,2026,172,us-doe-scorecard-featured-500-2026.1,https://collegescorecard.ed.gov/data/,2026-08-11T00:00:00.000Z,https://www.unh.edu/sites/default/files/styles/square_1920x1920/public/media/2025-10/homepage-hero-2030.webp?h=cd2a7045&itok=9QNacHfH,https://www.google.com/s2/favicons?domain=unh.edu&sz=256,https://www.unh.edu/,https://www.unh.edu/,"University of New Hampshire-Main Campus is a public institution in Durham, NH. This LivingWiki brings together federal education data and current official sources for academics, admissions, costs, campus life, and outcomes.",official-campus-fallback,,University of New Hampshire [UNH] | University of New Hampshire,1920,1920,2026-08-19T00:19:18.445Z
121150,01014900,Pepperdine University,Malibu,CA,https://www.pepperdine.edu/,Western Association of Schools and Colleges Senior Colleges and University Commission,Private nonprofit,Graduate degree,34.037786,-118.707077,3553,0.6286,0.8335,0.8757,58098,82939,75.87,2026,173,us-doe-scorecard-featured-500-2026.1,https://collegescorecard.ed.gov/data/,2026-08-11T00:00:00.000Z,https://upload.wikimedia.org/wikipedia/commons/thumb/c/c3/Malibu_Pepperdine_University_P4070311.jpg/1920px-Malibu_Pepperdine_University_P4070311.jpg?utm_source=commons.wikimedia.org&utm_campaign=imageinfo&utm_content=thumbnail,https://www.google.com/s2/favicons?domain=pepperdine.edu&sz=256,https://commons.wikimedia.org/wiki/File:Malibu_Pepperdine_University_P4070311.jpg,https://www.pepperdine.edu/,"Pepperdine University is a private nonprofit institution in Malibu, CA. This LivingWiki brings together federal education data and current official sources for academics, admissions, costs, campus life, and outcomes.",campus-fallback-wikimedia,CC BY-SA 4.0,Malibu Pepperdine University P4070311.jpg,1920,1437,2026-08-19T01:03:48.341Z
204635,00308900,Ohio Northern University,Ada,OH,https://www.onu.edu/,Higher Learning Commission,Private nonprofit,Graduate degree,40.7662,-83.827441,2489,0.744,0.7548,0.8433,24478,80928,75.83,2026,174,us-doe-scorecard-featured-500-2026.1,https://collegescorecard.ed.gov/data/,2026-08-11T00:00:00.000Z,https://www.onu.edu/sites/default/files/styles/hero_slide_image/public/2022-06/homepage_banner_hero.jpg?itok=JF7siQ-9,https://www.google.com/s2/favicons?domain=onu.edu&sz=256,https://www.onu.edu/,https://www.onu.edu/,"Ohio Northern University is a private nonprofit institution in Ada, OH. This LivingWiki brings together federal education data and current official sources for academics, admissions, costs, campus life, and outcomes.",official-campus-fallback,,Ohio Northern University | Ohio Northern University,1242,700,2026-08-19T00:19:18.445Z
150400,00179200,DePauw University,Greencastle,IN,https://www.depauw.edu/,Higher Learning Commission,Private nonprofit,Bachelor degree,39.640904,-86.860363,1905,0.5719,0.7469,0.8858,22264,70527,75.77,2026,175,us-doe-scorecard-featured-500-2026.1,https://collegescorecard.ed.gov/data/,2026-08-11T00:00:00.000Z,https://www.depauw.edu/images/magazine/social/dsc_4906.jpg,https://www.google.com/s2/favicons?domain=depauw.edu&sz=256,https://www.depauw.edu/,https://www.depauw.edu/,"DePauw University is a private nonprofit institution in Greencastle, IN. This LivingWiki brings together federal education data and current official sources for academics, admissions, costs, campus life, and outcomes.",official-campus-fallback,,DePauw University - A Private Liberal Arts College,1200,675,2026-08-19T00:19:18.445Z
149781,00178100,Wheaton College,Wheaton,IL,https://www.wheaton.edu/,Higher Learning Commission,Private nonprofit,Graduate degree,41.870176,-88.099643,2121,0.874,0.8475,0.9259,26975,63756,75.59,2026,176,us-doe-scorecard-featured-500-2026.1,https://collegescorecard.ed.gov/data/,2026-08-11T00:00:00.000Z,https://upload.wikimedia.org/wikipedia/commons/thumb/4/4e/Blanchard_Hall_%285978664560%29.jpg/1920px-Blanchard_Hall_%285978664560%29.jpg?utm_source=commons.wikimedia.org&utm_campaign=imageinfo&utm_content=thumbnail,https://www.google.com/s2/favicons?domain=wheaton.edu&sz=256,https://commons.wikimedia.org/wiki/File:Blanchard_Hall_(5978664560).jpg,https://www.wheaton.edu/,"Wheaton College is a private nonprofit institution in Wheaton, IL. This LivingWiki brings together federal education data and current official sources for academics, admissions, costs, campus life, and outcomes.",campus-fallback-wikimedia,CC BY-SA 2.0,Blanchard Hall (5978664560).jpg,1920,1436,2026-08-19T01:03:46.727Z
217165,00340200,Bryant University,Smithfield,RI,https://www.bryant.edu/,New England Commission on Higher Education,Private nonprofit,Graduate degree,41.920092,-71.539547,3194,0.6546,0.7975,0.8691,41219,90008,75.56,2026,177,us-doe-scorecard-featured-500-2026.1,https://collegescorecard.ed.gov/data/,2026-08-11T00:00:00.000Z,https://www.bryant.edu/sites/web2024/files/img/hero-fall-2025-1920x1076.jpg,https://www.google.com/s2/favicons?domain=bryant.edu&sz=256,https://www.bryant.edu/undergraduate/campus-life,https://www.bryant.edu/,"Bryant University is a private nonprofit institution in Smithfield, RI. This LivingWiki brings together federal education data and current official sources for academics, admissions, costs, campus life, and outcomes.",official-campus-fallback,,Campus Life | Bryant University,1920,1076,2026-08-19T00:19:18.445Z
212577,00326500,Franklin and Marshall College,Lancaster,PA,https://www.fandm.edu/,Middle States Commission on Higher Education,Private nonprofit,Bachelor degree,40.048045,-76.319037,1799,0.2819,0.8377,0.9024,36425,76124,75.56,2026,178,us-doe-scorecard-featured-500-2026.1,https://collegescorecard.ed.gov/data/,2026-08-11T00:00:00.000Z,https://www.fandm.edu/_resources/images/BASE.mp4.01_00_06_19.Still004-lg.jpg,https://www.google.com/s2/favicons?domain=fandm.edu&sz=256,https://www.fandm.edu/,https://www.fandm.edu/,"Franklin and Marshall College is a private nonprofit institution in Lancaster, PA. This LivingWiki brings together federal education data and current official sources for academics, admissions, costs, campus life, and outcomes.",official-campus-fallback,,Franklin & Marshall College | Home,1200,675,2026-08-19T00:19:18.445Z
221351,00351900,Rhodes College,Memphis,TN,https://www.rhodes.edu/,Southern Association of Colleges and Schools Commission on Colleges,Private nonprofit,Graduate degree,35.154405,-89.990803,1836,0.5035,0.8453,0.9232,28585,66651,75.56,2026,179,us-doe-scorecard-featured-500-2026.1,https://collegescorecard.ed.gov/data/,2026-08-11T00:00:00.000Z,https://www.rhodes.edu/sites/default/files/2024-10/Home%20Page%20Video%20Reel%20v17%20Fallback%20image.png,https://www.google.com/s2/favicons?domain=rhodes.edu&sz=256,https://www.rhodes.edu/,https://www.rhodes.edu/,"Rhodes College is a private nonprofit institution in Memphis, TN. This LivingWiki brings together federal education data and current official sources for academics, admissions, costs, campus life, and outcomes.",official-campus-fallback,,Rhodes College | Rhodes College,1280,720,2026-08-19T00:19:18.445Z
209542,00321000,Oregon State University,Corvallis,OR,https://oregonstate.edu/,Northwest Commission on Colleges and Universities,Public,Graduate degree,44.56395,-123.274723,30743,0.773,0.7011,0.8776,19604,64010,75.53,2026,180,us-doe-scorecard-featured-500-2026.1,https://collegescorecard.ed.gov/data/,2026-08-11T00:00:00.000Z,https://oregonstate.edu/sites/default/files/paragraphs/linc-quad_0.jpg,https://www.google.com/s2/favicons?domain=oregonstate.edu&sz=256,https://oregonstate.edu/,https://oregonstate.edu/,"Oregon State University is a public institution in Corvallis, OR. This LivingWiki brings together federal education data and current official sources for academics, admissions, costs, campus life, and outcomes.",official-campus-fallback,,Oregon State University,1200,707,2026-08-19T00:19:18.445Z
240329,00391900,University of Wisconsin-La Crosse,La Crosse,WI,https://www.uwlax.edu/,Higher Learning Commission,Public,Graduate degree,43.81568,-91.23186,9277,0.755,0.7096,0.8651,16210,60378,75.52,2026,181,us-doe-scorecard-featured-500-2026.1,https://collegescorecard.ed.gov/data/,2026-08-11T00:00:00.000Z,https://upload.wikimedia.org/wikipedia/commons/thumb/c/c4/SideGraffMainHallUWL.JPG/1920px-SideGraffMainHallUWL.JPG?utm_source=commons.wikimedia.org&utm_campaign=imageinfo&utm_content=thumbnail,https://www.google.com/s2/favicons?domain=uwlax.edu&sz=256,https://commons.wikimedia.org/wiki/File:SideGraffMainHallUWL.JPG,https://www.uwlax.edu/,"University of Wisconsin-La Crosse is a public institution in La Crosse, WI. This LivingWiki brings together federal education data and current official sources for academics, admissions, costs, campus life, and outcomes.",campus-fallback-wikimedia,CC BY-SA 3.0,SideGraffMainHallUWL.JPG,1920,1201,2026-08-19T00:19:21.860Z
174914,00234500,University of St Thomas,Saint Paul,MN,https://www.stthomas.edu/,Higher Learning Commission,Private nonprofit,Graduate degree,44.943439,-93.188986,6245,0.8536,0.7638,0.8845,29155,73739,75.51,2026,182,us-doe-scorecard-featured-500-2026.1,https://collegescorecard.ed.gov/data/,2026-08-11T00:00:00.000Z,https://www.stthomas.edu/_media-library/_images/commencement/graduates-throw-caps-in-air.jpg,https://www.google.com/s2/favicons?domain=stthomas.edu&sz=256,https://www.stthomas.edu/,https://www.stthomas.edu/,"University of St Thomas is a private nonprofit institution in Saint Paul, MN. This LivingWiki brings together federal education data and current official sources for academics, admissions, costs, campus life, and outcomes.",,,,,,
217493,00340900,Rhode Island School of Design,Providence,RI,https://www.risd.edu/,New England Commission on Higher Education,Private nonprofit,Graduate degree,41.827114,-71.409309,2084,0.1866,0.8877,0.9504,50507,68140,75.47,2026,183,us-doe-scorecard-featured-500-2026.1,https://collegescorecard.ed.gov/data/,2026-08-11T00:00:00.000Z,https://upload.wikimedia.org/wikipedia/commons/5/54/Dirck_van_Delen_-_Architectural_Interior_at_Night_with_the_Priests_of_Bel_-_55.153.1_-_Rhode_Island_School_of_Design_Museum.jpg?utm_source=commons.wikimedia.org&utm_campaign=imageinfo&utm_content=thumbnail_unscaled,https://www.google.com/s2/favicons?domain=risd.edu&sz=256,https://commons.wikimedia.org/wiki/File:Dirck_van_Delen_-_Architectural_Interior_at_Night_with_the_Priests_of_Bel_-_55.153.1_-_Rhode_Island_School_of_Design_Museum.jpg,https://www.risd.edu/,"Rhode Island School of Design is a private nonprofit institution in Providence, RI. This LivingWiki brings together federal education data and current official sources for academics, admissions, costs, campus life, and outcomes.",campus-fallback-wikimedia,Public domain,Dirck van Delen - Architectural Interior at Night with the Priests of Bel - 55.153.1 - Rhode Island School of Design Museum.jpg,1024,722,2026-08-19T00:19:22.429Z
150163,00178800,Butler University,Indianapolis,IN,https://www.butler.edu/,Higher Learning Commission,Private nonprofit,Graduate degree,39.8374,-86.172167,4317,0.8508,0.8038,0.8749,36041,77235,75.4,2026,184,us-doe-scorecard-featured-500-2026.1,https://collegescorecard.ed.gov/data/,2026-08-11T00:00:00.000Z,https://img.youtube.com/vi/K5rifsT9YNM/maxresdefault.jpg,https://www.google.com/s2/favicons?domain=butler.edu&sz=256,https://www.butler.edu/,https://www.butler.edu/,"Butler University is a private nonprofit institution in Indianapolis, IN. This LivingWiki brings together federal education data and current official sources for academics, admissions, costs, campus life, and outcomes.",official-campus-fallback,,Butler University,1280,720,2026-08-19T00:19:18.464Z
130226,00140200,Quinnipiac University,Hamden,CT,https://www.qu.edu/,New England Commission on Higher Education,Private nonprofit,Graduate degree,41.418915,-72.894117,6531,0.7215,0.757,0.8912,40675,83759,75.36,2026,185,us-doe-scorecard-featured-500-2026.1,https://collegescorecard.ed.gov/data/,2026-08-11T00:00:00.000Z,https://www.qu.edu/4af39e/globalassets/global/media/qu/photography/0_university-wide/mount-carmel-campus/mount-carmel-1000x719-20191001-campus-images-001.jpg,https://www.google.com/s2/favicons?domain=qu.edu&sz=256,https://www.qu.edu/academics/about-our-programs/accelerated-dual-degree/,https://www.qu.edu/,"Quinnipiac University is a private nonprofit institution in Hamden, CT. This LivingWiki brings together federal education data and current official sources for academics, admissions, costs, campus life, and outcomes.",official-campus-fallback,,Accelerated Dual-Degree (3&#x2B;) Programs | Quinnipiac University,1000,719,2026-08-19T00:19:18.464Z
123165,00117400,Scripps College,Claremont,CA,https://www.scrippscollege.edu/,Western Association of Schools and Colleges Senior Colleges and University Commission,Private nonprofit,Graduate degree,34.104147,-117.711294,1113,0.3829,0.8254,0.9382,36294,77539,75.36,2026,186,us-doe-scorecard-featured-500-2026.1,https://collegescorecard.ed.gov/data/,2026-08-11T00:00:00.000Z,https://www.scrippscollege.edu/wp-content/uploads/ETL-daytime-with-students-1440x620-1.jpg,https://www.google.com/s2/favicons?domain=scrippscollege.edu&sz=256,https://www.scrippscollege.edu/,https://www.scrippscollege.edu/,"Scripps College is a private nonprofit institution in Claremont, CA. This LivingWiki brings together federal education data and current official sources for academics, admissions, costs, campus life, and outcomes.",official-campus-fallback,,"Scripps College | A Women&#039;s Liberal Arts College in Claremont, California",1440,620,2026-08-19T00:19:18.464Z
211273,00323700,Bryn Mawr College,Bryn Mawr,PA,https://www.brynmawr.edu/,Middle States Commission on Higher Education,Private nonprofit,Graduate degree,40.02736,-75.313223,1359,0.2943,0.8179,0.9224,31759,75217,75.27,2026,187,us-doe-scorecard-featured-500-2026.1,https://collegescorecard.ed.gov/data/,2026-08-11T00:00:00.000Z,https://upload.wikimedia.org/wikipedia/commons/thumb/5/50/Deanery_Interior_View_Bryn_Mawr_College.jpg/1920px-Deanery_Interior_View_Bryn_Mawr_College.jpg?utm_source=commons.wikimedia.org&utm_campaign=imageinfo&utm_content=thumbnail,https://www.google.com/s2/favicons?domain=brynmawr.edu&sz=256,https://commons.wikimedia.org/wiki/File:Deanery_Interior_View_Bryn_Mawr_College.jpg,https://www.brynmawr.edu/,"Bryn Mawr College is a private nonprofit institution in Bryn Mawr, PA. This LivingWiki brings together federal education data and current official sources for academics, admissions, costs, campus life, and outcomes.",campus-fallback-wikimedia,Public domain,Deanery Interior View Bryn Mawr College.jpg,1920,1436,2026-08-19T00:19:20.541Z
212674,00326800,Gettysburg College,Gettysburg,PA,https://www.gettysburg.edu/,Middle States Commission on Higher Education,Private nonprofit,Graduate degree,39.836597,-77.236792,2099,0.389,0.8253,0.9121,31490,71517,75.21,2026,188,us-doe-scorecard-featured-500-2026.1,https://collegescorecard.ed.gov/data/,2026-08-11T00:00:00.000Z,https://upload.wikimedia.org/wikipedia/commons/6/6d/Gettysburg_College_sign.jpg?utm_source=commons.wikimedia.org&utm_campaign=imageinfo&utm_content=thumbnail_unscaled,https://www.google.com/s2/favicons?domain=gettysburg.edu&sz=256,https://commons.wikimedia.org/wiki/File:Gettysburg_College_sign.jpg,https://www.gettysburg.edu/,"Gettysburg College is a private nonprofit institution in Gettysburg, PA. This LivingWiki brings together federal education data and current official sources for academics, admissions, costs, campus life, and outcomes.",campus-fallback-wikimedia,Public domain,Gettysburg College sign.jpg,1017,763,2026-08-19T00:19:20.330Z
117946,01164900,Loyola Marymount University,Los Angeles,CA,https://www.lmu.edu/,Western Association of Schools and Colleges Senior Colleges and University Commission,Private nonprofit,Graduate degree,33.97085,-118.415744,7094,0.4508,0.7887,0.8858,48381,78349,75.19,2026,189,us-doe-scorecard-featured-500-2026.1,https://collegescorecard.ed.gov/data/,2026-08-11T00:00:00.000Z,https://upload.wikimedia.org/wikipedia/en/7/72/Loyola_Marymount_University_%28LMU%29_ceremonial_mark.png?utm_source=en.wikipedia.org&utm_campaign=api&utm_content=thumbnail_unscaled,https://www.google.com/s2/favicons?domain=lmu.edu&sz=256,https://en.wikipedia.org/wiki/Loyola_Marymount_University,https://www.lmu.edu/,"Loyola Marymount University is a private nonprofit institution in Los Angeles, CA. This LivingWiki brings together federal education data and current official sources for academics, admissions, costs, campus life, and outcomes.",,,,,,
111948,00116400,Chapman University,Orange,CA,https://www.chapman.edu/,Western Association of Schools and Colleges Senior Colleges and University Commission,Private nonprofit,Graduate degree,33.79302,-117.852518,7478,0.6543,0.8188,0.9181,46555,70070,75.06,2026,190,us-doe-scorecard-featured-500-2026.1,https://collegescorecard.ed.gov/data/,2026-08-11T00:00:00.000Z,https://upload.wikimedia.org/wikipedia/commons/thumb/c/c7/Chapman-University-Williams-Hall-Sept2008.jpg/1920px-Chapman-University-Williams-Hall-Sept2008.jpg?utm_source=commons.wikimedia.org&utm_campaign=imageinfo&utm_content=thumbnail,https://www.google.com/s2/favicons?domain=chapman.edu&sz=256,https://commons.wikimedia.org/wiki/File:Chapman-University-Williams-Hall-Sept2008.jpg,https://www.chapman.edu/,"Chapman University is a private nonprofit institution in Orange, CA. This LivingWiki brings together federal education data and current official sources for academics, admissions, costs, campus life, and outcomes.",campus-fallback-wikimedia,CC BY-SA 2.0,Chapman-University-Williams-Hall-Sept2008.jpg,1920,1275,2026-08-19T00:19:20.631Z
126678,00134700,Colorado College,Colorado Springs,CO,https://www.coloradocollege.edu/,Higher Learning Commission,Private nonprofit,Graduate degree,38.84886,-104.822697,2014,0.1847,0.8766,0.9362,33375,65222,75.06,2026,191,us-doe-scorecard-featured-500-2026.1,https://collegescorecard.ed.gov/data/,2026-08-11T00:00:00.000Z,https://upload.wikimedia.org/wikipedia/commons/thumb/1/1d/Cutler_Hall.JPG/1920px-Cutler_Hall.JPG?utm_source=commons.wikimedia.org&utm_campaign=imageinfo&utm_content=thumbnail,https://www.google.com/s2/favicons?domain=coloradocollege.edu&sz=256,https://commons.wikimedia.org/wiki/File:Cutler_Hall.JPG,https://www.coloradocollege.edu/,"Colorado College is a private nonprofit institution in Colorado Springs, CO. This LivingWiki brings together federal education data and current official sources for academics, admissions, costs, campus life, and outcomes.",campus-fallback-wikimedia,CC BY-SA 3.0,Cutler Hall.JPG,1920,1247,2026-08-19T00:19:20.536Z
152673,00184400,Wabash College,Crawfordsville,IN,https://www.wabash.edu/,Higher Learning Commission,Private nonprofit,Bachelor degree,40.037588,-86.906,866,0.633,0.7701,0.9295,24336,69952,74.97,2026,192,us-doe-scorecard-featured-500-2026.1,https://collegescorecard.ed.gov/data/,2026-08-11T00:00:00.000Z,https://upload.wikimedia.org/wikipedia/commons/thumb/e/ec/ChapelSing.jpg/1920px-ChapelSing.jpg?utm_source=commons.wikimedia.org&utm_campaign=imageinfo&utm_content=thumbnail,https://www.google.com/s2/favicons?domain=wabash.edu&sz=256,https://commons.wikimedia.org/wiki/File:ChapelSing.jpg,https://www.wabash.edu/,"Wabash College is a private nonprofit institution in Crawfordsville, IN. This LivingWiki brings together federal education data and current official sources for academics, admissions, costs, campus life, and outcomes.",campus-fallback-wikimedia,CC BY-SA 4.0,ChapelSing.jpg,1920,1280,2026-08-19T00:19:20.453Z
170532,00227500,Kalamazoo College,Kalamazoo,MI,https://www.kzoo.edu/,Higher Learning Commission,Private nonprofit,Bachelor degree,42.290789,-85.601857,1149,0.7532,0.7598,0.8455,19072,65590,74.96,2026,193,us-doe-scorecard-featured-500-2026.1,https://collegescorecard.ed.gov/data/,2026-08-11T00:00:00.000Z,https://www.kzoo.edu/wp-content/uploads/2026/08/Untitled-design-3.jpg,https://www.google.com/s2/favicons?domain=kzoo.edu&sz=256,https://www.kzoo.edu/,https://www.kzoo.edu/,"Kalamazoo College is a private nonprofit institution in Kalamazoo, MI. This LivingWiki brings together federal education data and current official sources for academics, admissions, costs, campus life, and outcomes.",official-campus-fallback,,Kalamazoo College &#8211; Kalamazoo College,1792,1008,2026-08-19T00:19:44.524Z
169716,00232300,University of Detroit Mercy,Detroit,MI,https://www.udmercy.edu/,Higher Learning Commission,Private nonprofit,Graduate degree,42.414222,-83.139158,2438,0.7542,0.672,0.8349,15232,71030,74.8,2026,194,us-doe-scorecard-featured-500-2026.1,https://collegescorecard.ed.gov/data/,2026-08-11T00:00:00.000Z,https://www.udmercy.edu/admission/files/2026-Admissions-Homepage-Header.jpg,https://www.google.com/s2/favicons?domain=udmercy.edu&sz=256,https://www.udmercy.edu/admission/index.php,https://www.udmercy.edu/,"University of Detroit Mercy is a private nonprofit institution in Detroit, MI. This LivingWiki brings together federal education data and current official sources for academics, admissions, costs, campus life, and outcomes.",official-campus-fallback,,Admission & Aid | University of Detroit Mercy,3800,1842,2026-08-19T00:19:59.255Z
160755,00202900,Tulane University of Louisiana,New Orleans,LA,https://tulane.edu/,Southern Association of Colleges and Schools Commission on Colleges,Private nonprofit,Graduate degree,29.940069,-90.122144,7767,0.1398,0.8614,0.9255,39949,63268,74.75,2026,195,us-doe-scorecard-featured-500-2026.1,https://collegescorecard.ed.gov/data/,2026-08-11T00:00:00.000Z,https://tulane.edu/sites/default/files/2026-03/GibsonSignage.jpg,https://www.google.com/s2/favicons?domain=tulane.edu&sz=256,https://tulane.edu/,https://tulane.edu/,"Tulane University of Louisiana is a private nonprofit institution in New Orleans, LA. This LivingWiki brings together federal education data and current official sources for academics, admissions, costs, campus life, and outcomes.",official-campus-fallback,,Tulane University: Leading Research & Education in New Orleans,800,532,2026-08-19T00:19:24.690Z
128902,00137900,Connecticut College,New London,CT,https://www.conncoll.edu/,New England Commission on Higher Education,Private nonprofit,Bachelor degree,41.379833,-72.107321,1937,0.3704,0.8205,0.8973,36175,75001,74.71,2026,196,us-doe-scorecard-featured-500-2026.1,https://collegescorecard.ed.gov/data/,2026-08-11T00:00:00.000Z,https://www.conncoll.edu/media/news/2026/july-MIP-sprout1-banner.jpg,https://www.google.com/s2/favicons?domain=conncoll.edu&sz=256,https://www.conncoll.edu/,https://www.conncoll.edu/,"Connecticut College is a private nonprofit institution in New London, CT. This LivingWiki brings together federal education data and current official sources for academics, admissions, costs, campus life, and outcomes.",official-campus-fallback,,Home &middot; Connecticut College,5760,2400,2026-08-19T00:19:51.580Z
214175,00330400,Muhlenberg College,Allentown,PA,https://www.muhlenberg.edu/,Middle States Commission on Higher Education,Private nonprofit,Graduate degree,40.596416,-75.508502,1727,0.7199,0.8223,0.8993,28905,69107,74.7,2026,197,us-doe-scorecard-featured-500-2026.1,https://collegescorecard.ed.gov/data/,2026-08-11T00:00:00.000Z,https://www.muhlenberg.edu/wp-content/uploads/Header-Images_0029_Hulvat-3355.jpg,https://www.google.com/s2/favicons?domain=muhlenberg.edu&sz=256,https://www.muhlenberg.edu/admissions-aid/,https://www.muhlenberg.edu/,"Muhlenberg College is a private nonprofit institution in Allentown, PA. This LivingWiki brings together federal education data and current official sources for academics, admissions, costs, campus life, and outcomes.",official-campus-fallback,,Muhlenberg College | College Admissions & Financial Aid | Muhlenberg College,1400,700,2026-08-19T00:19:44.681Z
131283,00143700,The Catholic University of America,Washington,DC,https://www.catholic.edu/,Middle States Commission on Higher Education,Private nonprofit,Graduate degree,38.933651,-76.997909,3154,0.8278,0.7947,0.8651,29561,73250,74.7,2026,198,us-doe-scorecard-featured-500-2026.1,https://collegescorecard.ed.gov/data/,2026-08-11T00:00:00.000Z,https://upload.wikimedia.org/wikipedia/commons/thumb/7/7a/CUA_campus_1.JPG/1920px-CUA_campus_1.JPG,https://www.google.com/s2/favicons?domain=catholic.edu&sz=256,https://commons.wikimedia.org/wiki/File:CUA_campus_1.JPG,https://www.catholic.edu/,"The Catholic University of America is a private nonprofit institution in Washington, DC. This LivingWiki brings together federal education data and current official sources for academics, admissions, costs, campus life, and outcomes.",wikimedia-manual-campus-override,CC0,Catholic University of America campus,1920,1440,2026-08-19T01:16:59.208Z
230764,00367500,University of Utah,Salt Lake City,UT,https://www.utah.edu/,Northwest Commission on Colleges and Universities,Public,Graduate degree,40.762484,-111.846044,27264,0.8598,0.6505,0.8619,16200,67170,74.67,2026,199,us-doe-scorecard-featured-500-2026.1,https://collegescorecard.ed.gov/data/,2026-08-11T00:00:00.000Z,https://www.utah.edu/_resources/images/social-default.jpg,https://www.google.com/s2/favicons?domain=utah.edu&sz=256,https://www.utah.edu/,https://www.utah.edu/,"University of Utah is a public institution in Salt Lake City, UT. This LivingWiki brings together federal education data and current official sources for academics, admissions, costs, campus life, and outcomes.",official-campus-fallback,,The University of Utah,1200,630,2026-08-19T00:19:41.939Z
195526,00281400,Skidmore College,Saratoga Springs,NY,https://www.skidmore.edu/,Middle States Commission on Higher Education,Private nonprofit,Bachelor degree,43.097035,-73.785335,2694,0.2105,0.8257,0.8965,32297,69363,74.66,2026,200,us-doe-scorecard-featured-500-2026.1,https://collegescorecard.ed.gov/data/,2026-08-11T00:00:00.000Z,https://www.skidmore.edu/images/home-panel-oliver-sculpture.jpg,https://www.google.com/s2/favicons?domain=skidmore.edu&sz=256,https://www.skidmore.edu/,https://www.skidmore.edu/,"Skidmore College is a private nonprofit institution in Saratoga Springs, NY. This LivingWiki brings together federal education data and current official sources for academics, admissions, costs, campus life, and outcomes.",official-campus-fallback,,Skidmore College | Top liberal arts college for creative thinkers,1200,845,2026-08-19T00:19:36.942Z
186201,00934400,Ramapo College of New Jersey,Mahwah,NJ,https://www.ramapo.edu/,Middle States Commission on Higher Education,Public,Graduate degree,41.080942,-74.174086,4898,0.7064,0.6981,0.8361,18173,67541,74.6,2026,201,us-doe-scorecard-featured-500-2026.1,https://collegescorecard.ed.gov/data/,2026-08-11T00:00:00.000Z,https://www.ramapo.edu/wp-content/uploads/2015/12/17216059398_034c188d58_o-spring.jpg,https://www.google.com/s2/favicons?domain=ramapo.edu&sz=256,https://www.ramapo.edu/,https://www.ramapo.edu/,"Ramapo College of New Jersey is a public institution in Mahwah, NJ. This LivingWiki brings together federal education data and current official sources for academics, admissions, costs, campus life, and outcomes.",official-campus-fallback,,Ramapo College of New Jersey - New Jersey&#039;s Public Liberal Arts College,1024,512,2026-08-19T00:19:23.081Z
164076,00209900,Towson University,Towson,MD,https://www.towson.edu/,Middle States Commission on Higher Education,Public,Graduate degree,39.393622,-76.611164,16136,0.8197,0.6946,0.8277,17413,64390,74.55,2026,202,us-doe-scorecard-featured-500-2026.1,https://collegescorecard.ed.gov/data/,2026-08-11T00:00:00.000Z,https://www.towson.edu/_resources/images/split-callout-foregroud.png,https://www.google.com/s2/favicons?domain=towson.edu&sz=256,https://www.towson.edu/,https://www.towson.edu/,"Towson University is a public institution in Towson, MD. This LivingWiki brings together federal education data and current official sources for academics, admissions, costs, campus life, and outcomes.",official-campus-fallback,,Towson University | Maryland’s University of Opportunities,924,1042,2026-08-19T00:19:49.064Z
173902,00235800,Macalester College,Saint Paul,MN,https://www.macalester.edu/,Higher Learning Commission,Private nonprofit,Bachelor degree,44.938565,-93.168053,2131,0.2852,0.871,0.9228,32149,63878,74.47,2026,203,us-doe-scorecard-featured-500-2026.1,https://collegescorecard.ed.gov/data/,2026-08-11T00:00:00.000Z,https://www.macalester.edu/wp-content/uploads/2020/02/admissions-admitted-hero-e1648069978971.jpg,https://www.google.com/s2/favicons?domain=macalester.edu&sz=256,https://www.macalester.edu/,https://www.macalester.edu/,"Macalester College is a private nonprofit institution in Saint Paul, MN. This LivingWiki brings together federal education data and current official sources for academics, admissions, costs, campus life, and outcomes.",official-campus-fallback,,Macalester College,2560,1439,2026-08-19T00:19:39.357Z
120254,00124900,Occidental College,Los Angeles,CA,https://www.oxy.edu/,Western Association of Schools and Colleges Senior Colleges and University Commission,Private nonprofit,Bachelor degree,34.127124,-118.210908,1877,0.4417,0.8088,0.8985,38263,75951,74.4,2026,204,us-doe-scorecard-featured-500-2026.1,https://collegescorecard.ed.gov/data/,2026-08-11T00:00:00.000Z,https://www.oxy.edu/sites/default/files/styles/hero_1440x800/public/Orientation-Welcome_1440x800.jpg,https://www.google.com/s2/favicons?domain=oxy.edu&sz=256,https://www.oxy.edu/,https://www.oxy.edu/,"Occidental College is a private nonprofit institution in Los Angeles, CA. This LivingWiki brings together federal education data and current official sources for academics, admissions, costs, campus life, and outcomes.",official-campus-fallback,,Occidental College | The Liberal Arts College in Los Angeles,1440,800,2026-08-19T00:19:42.869Z
197708,00290300,Yeshiva University,New York,NY,https://www.yu.edu/,Middle States Commission on Higher Education,Private nonprofit,Graduate degree,40.850605,-73.929873,2852,0.5562,0.832,0.9153,49965,71353,74.39,2026,205,us-doe-scorecard-featured-500-2026.1,https://collegescorecard.ed.gov/data/,2026-08-11T00:00:00.000Z,https://upload.wikimedia.org/wikipedia/en/thumb/c/c2/Yeshiva_University.svg/330px-Yeshiva_University.svg.png?utm_source=en.wikipedia.org&utm_campaign=api&utm_content=thumbnail,https://www.google.com/s2/favicons?domain=yu.edu&sz=256,https://en.wikipedia.org/wiki/Yeshiva_University,https://www.yu.edu/,"Yeshiva University is a private nonprofit institution in New York, NY. This LivingWiki brings together federal education data and current official sources for academics, admissions, costs, campus life, and outcomes.",,,,,,
173647,00235300,Gustavus Adolphus College,Saint Peter,MN,https://gustavus.edu/,Higher Learning Commission,Private nonprofit,Bachelor degree,44.323626,-93.972196,1878,0.6099,0.7665,0.8798,22900,65607,74.37,2026,206,us-doe-scorecard-featured-500-2026.1,https://collegescorecard.ed.gov/data/,2026-08-11T00:00:00.000Z,https://gustavus.edu/sites/default/files/styles/featured_media_crop/public/2025-07/home-page-5.jpg?h=79ec96d3&itok=YtICEmBg,https://www.google.com/s2/favicons?domain=gustavus.edu&sz=256,https://gustavus.edu/,https://gustavus.edu/,"Gustavus Adolphus College is a private nonprofit institution in Saint Peter, MN. This LivingWiki brings together federal education data and current official sources for academics, admissions, costs, campus life, and outcomes.",official-campus-fallback,,Gustavus Adolphus College,1400,900,2026-08-19T00:19:59.727Z
192819,00276500,Marist University,Poughkeepsie,NY,https://www.marist.edu/,Middle States Commission on Higher Education,Private nonprofit,Graduate degree,41.720937,-73.935484,5182,0.5651,0.796,0.8609,41544,77819,74.32,2026,207,us-doe-scorecard-featured-500-2026.1,https://collegescorecard.ed.gov/data/,2026-08-11T00:00:00.000Z,https://www.marist.edu/documents/d/guest/marist-university-studentsatorientation-1200x625,https://www.google.com/s2/favicons?domain=marist.edu&sz=256,https://www.marist.edu/,https://www.marist.edu/,"Marist University is a private nonprofit institution in Poughkeepsie, NY. This LivingWiki brings together federal education data and current official sources for academics, admissions, costs, campus life, and outcomes.",official-campus-fallback,,Inspired to do More - Marist University,1200,628,2026-08-19T00:19:46.406Z
121257,00117200,Pitzer College,Claremont,CA,https://www.pitzer.edu/,Western Association of Schools and Colleges Senior Colleges and University Commission,Private nonprofit,Bachelor degree,34.104107,-117.706675,1227,0.2516,0.8339,0.938,34191,69512,74.28,2026,208,us-doe-scorecard-featured-500-2026.1,https://collegescorecard.ed.gov/data/,2026-08-11T00:00:00.000Z,https://www.pitzer.edu/sites/default/files/2025-08/pitzer-walk-1600x1015FJG-PITZER-4651.jpg,https://www.google.com/s2/favicons?domain=pitzer.edu&sz=256,https://www.pitzer.edu/,https://www.pitzer.edu/,"Pitzer College is a private nonprofit institution in Claremont, CA. This LivingWiki brings together federal education data and current official sources for academics, admissions, costs, campus life, and outcomes.",official-campus-fallback,,Pitzer College | A Top-Ranked Liberal Arts College,1600,1015,2026-08-19T00:19:34.624Z
155317,00194800,University of Kansas,Lawrence,KS,https://ku.edu/,Higher Learning Commission,Public,Graduate degree,38.958549,-95.247567,21217,0.9348,0.6881,0.8649,18059,61945,74.25,2026,209,us-doe-scorecard-featured-500-2026.1,https://collegescorecard.ed.gov/data/,2026-08-11T00:00:00.000Z,https://www.ku.edu/sites/ku_new_homepage/files/images/metadata_img.png,https://www.google.com/s2/favicons?domain=ku.edu&sz=256,https://ku.edu/about-lawrence,https://ku.edu/,"University of Kansas is a public institution in Lawrence, KS. This LivingWiki brings together federal education data and current official sources for academics, admissions, costs, campus life, and outcomes.",official-campus-fallback,,About Lawrence | The University of Kansas,1600,840,2026-08-19T00:19:50.933Z
215929,00338400,University of Scranton,Scranton,PA,https://www.scranton.edu/,Middle States Commission on Higher Education,Private nonprofit,Graduate degree,41.406556,-75.656915,3554,0.8123,0.7979,0.8538,32568,74652,74.25,2026,210,us-doe-scorecard-featured-500-2026.1,https://collegescorecard.ed.gov/data/,2026-08-11T00:00:00.000Z,https://scranton.edu/homeimages/2026/homepage-banner-visit-800x800px.webp,https://www.google.com/s2/favicons?domain=scranton.edu&sz=256,https://www.scranton.edu/,https://www.scranton.edu/,"University of Scranton is a private nonprofit institution in Scranton, PA. This LivingWiki brings together federal education data and current official sources for academics, admissions, costs, campus life, and outcomes.",official-campus-fallback,,University of Scranton | Home,800,800,2026-08-19T00:19:51.119Z
136172,00984100,University of North Florida,Jacksonville,FL,https://www.unf.edu/,Southern Association of Colleges and Schools Commission on Colleges,Public,Graduate degree,30.27194,-81.509144,13359,0.5324,0.6921,0.8466,10154,56343,74.1,2026,211,us-doe-scorecard-featured-500-2026.1,https://collegescorecard.ed.gov/data/,2026-08-11T00:00:00.000Z,https://www.unf.edu/images/learn-to-soar/student-meta-image.jpg,https://www.google.com/s2/favicons?domain=unf.edu&sz=256,https://www.unf.edu/,https://www.unf.edu/,"University of North Florida is a public institution in Jacksonville, FL. This LivingWiki brings together federal education data and current official sources for academics, admissions, costs, campus life, and outcomes.",official-campus-fallback,,University of North Florida,1200,630,2026-08-19T00:19:46.025Z
225511,00365200,University of Houston,Houston,TX,https://www.uh.edu/,Southern Association of Colleges and Schools Commission on Colleges,Public,Graduate degree,29.720393,-95.343537,38380,0.7392,0.6456,0.8699,14276,62377,74.06,2026,212,us-doe-scorecard-featured-500-2026.1,https://collegescorecard.ed.gov/data/,2026-08-11T00:00:00.000Z,https://www.uh.edu/_images/_homepage/banner.jpg,https://www.google.com/s2/favicons?domain=uh.edu&sz=256,https://www.uh.edu/,https://www.uh.edu/,"University of Houston is a public institution in Houston, TX. This LivingWiki brings together federal education data and current official sources for academics, admissions, costs, campus life, and outcomes.",official-campus-fallback,,University of Houston,1920,946,2026-08-19T00:20:11.017Z
203535,00306500,Kenyon College,Gambier,OH,https://www.kenyon.edu/,Higher Learning Commission,Private nonprofit,Bachelor degree,40.374408,-82.397977,1732,0.3103,0.8234,0.9163,38512,71830,74.03,2026,213,us-doe-scorecard-featured-500-2026.1,https://collegescorecard.ed.gov/data/,2026-08-11T00:00:00.000Z,https://www.kenyon.edu/files/home-features/wide-xlrg-kenyonspring2024-0152-2.jpg,https://www.google.com/s2/favicons?domain=kenyon.edu&sz=256,https://www.kenyon.edu/,https://www.kenyon.edu/,"Kenyon College is a private nonprofit institution in Gambier, OH. This LivingWiki brings together federal education data and current official sources for academics, admissions, costs, campus life, and outcomes.",official-campus-fallback,,Kenyon | A Top Liberal Arts College with a Global Reach,1440,810,2026-08-19T00:20:04.134Z
174792,00237900,Saint Johns University,Collegeville,MN,https://csbsju.edu/,Higher Learning Commission,Private nonprofit,Graduate degree,45.580075,-94.393621,1395,0.9062,0.7538,0.8575,25672,76786,74.03,2026,214,us-doe-scorecard-featured-500-2026.1,https://collegescorecard.ed.gov/data/,2026-08-11T00:00:00.000Z,https://www.csbsju.edu/wp-content/uploads/2026/05/2025-08-18-Collegebound-Lake-Day-014-1536x1024.jpg,https://www.google.com/s2/favicons?domain=csbsju.edu&sz=256,https://www.csbsju.edu/,https://csbsju.edu/,"Saint Johns University is a private nonprofit institution in Collegeville, MN. This LivingWiki brings together federal education data and current official sources for academics, admissions, costs, campus life, and outcomes.",official-campus-fallback,,College of Saint Benedict and Saint John&#039;s University,1536,1024,2026-08-19T00:19:54.311Z
131159,00143400,American University,Washington,DC,https://www.american.edu/,Middle States Commission on Higher Education,Private nonprofit,Graduate degree,38.936005,-77.088875,7266,0.6196,0.7549,0.882,41943,77370,73.95,2026,215,us-doe-scorecard-featured-500-2026.1,https://collegescorecard.ed.gov/data/,2026-08-11T00:00:00.000Z,https://upload.wikimedia.org/wikipedia/commons/thumb/f/ff/AUaerial.jpg/1920px-AUaerial.jpg?utm_source=commons.wikimedia.org&utm_campaign=imageinfo&utm_content=thumbnail,https://www.google.com/s2/favicons?domain=american.edu&sz=256,https://commons.wikimedia.org/wiki/File:AUaerial.jpg,https://www.american.edu/,"American University is a private nonprofit institution in Washington, DC. This LivingWiki brings together federal education data and current official sources for academics, admissions, costs, campus life, and outcomes.",campus-fallback-wikimedia,Public domain,AUaerial.jpg,1920,1440,2026-08-19T01:03:46.528Z
223232,00354500,Baylor University,Waco,TX,https://www.baylor.edu/,Southern Association of Colleges and Schools Commission on Colleges,Private nonprofit,Graduate degree,31.546872,-97.121041,14785,0.5128,0.7999,0.9095,41104,65793,73.86,2026,216,us-doe-scorecard-featured-500-2026.1,https://collegescorecard.ed.gov/data/,2026-08-11T00:00:00.000Z,https://www.baylor.edu/images/bu/bayloruniversity_social-media.png,https://www.google.com/s2/favicons?domain=baylor.edu&sz=256,https://www.baylor.edu/,https://www.baylor.edu/,"Baylor University is a private nonprofit institution in Waco, TX. This LivingWiki brings together federal education data and current official sources for academics, admissions, costs, campus life, and outcomes.",official-campus-fallback,,"Baylor University | A Nationally Ranked Christian University, Undergraduate & Graduate Research Colleges Universities Schools in Texas",1200,630,2026-08-19T00:20:06.495Z
190044,00269900,Clarkson University,Potsdam,NY,https://www.clarkson.edu/,Middle States Commission on Higher Education,Private nonprofit,Graduate degree,44.662716,-74.999359,2196,0.7736,0.7491,0.8478,30305,89696,73.83,2026,217,us-doe-scorecard-featured-500-2026.1,https://collegescorecard.ed.gov/data/,2026-08-11T00:00:00.000Z,https://www.clarkson.edu/sites/default/files/2026-04/2026%20US%20NEWS%20Top-Tier%20Nat%27l%20Univ.png,https://www.google.com/s2/favicons?domain=clarkson.edu&sz=256,https://www.clarkson.edu/,https://www.clarkson.edu/,"Clarkson University is a private nonprofit institution in Potsdam, NY. This LivingWiki brings together federal education data and current official sources for academics, admissions, costs, campus life, and outcomes.",official-campus-fallback,,Home | Clarkson University,1800,1800,2026-08-19T00:20:05.035Z
183239,00258700,Saint Anselm College,Manchester,NH,https://www.anselm.edu/,New England Commission on Higher Education,Private nonprofit,Graduate degree,42.986889,-71.503622,2087,0.7805,0.8003,0.8813,34779,73371,73.7,2026,218,us-doe-scorecard-featured-500-2026.1,https://collegescorecard.ed.gov/data/,2026-08-11T00:00:00.000Z,https://www.anselm.edu/sites/default/files/styles/responsive_3000w/public/Images/Portraits/Fa-WI%202021/fallwin21-OTHwelcomecenterexterior-innerhero.jpg?itok=1iYfucpR,https://www.google.com/s2/favicons?domain=anselm.edu&sz=256,https://www.anselm.edu/,https://www.anselm.edu/,"Saint Anselm College is a private nonprofit institution in Manchester, NH. This LivingWiki brings together federal education data and current official sources for academics, admissions, costs, campus life, and outcomes.",official-campus-fallback,,Homepage | Saint Anselm College,3000,2140,2026-08-19T00:20:14.132Z
195216,00282900,St Lawrence University,Canton,NY,https://www.stlawu.edu/,Middle States Commission on Higher Education,Private nonprofit,Graduate degree,44.589879,-75.161343,1918,0.5434,0.7906,0.9083,28651,67258,73.65,2026,219,us-doe-scorecard-featured-500-2026.1,https://collegescorecard.ed.gov/data/,2026-08-11T00:00:00.000Z,https://www.stlawu.edu/sites/default/files/styles/1900x1900/public/2025-10/geology%20st%20lawrence%20mp%20hero.jpg?h=e695f0e6&itok=zV6_4BM0,https://www.google.com/s2/favicons?domain=stlawu.edu&sz=256,https://www.stlawu.edu/,https://www.stlawu.edu/,"St Lawrence University is a private nonprofit institution in Canton, NY. This LivingWiki brings together federal education data and current official sources for academics, admissions, costs, campus life, and outcomes.",official-campus-fallback,,St. Lawrence University,1900,1900,2026-08-19T00:20:05.979Z
212009,00325300,Dickinson College,Carlisle,PA,https://www.dickinson.edu/,Middle States Commission on Higher Education,Private nonprofit,Graduate degree,40.202796,-77.197854,2273,0.4209,0.7978,0.9198,37607,70204,73.63,2026,220,us-doe-scorecard-featured-500-2026.1,https://collegescorecard.ed.gov/data/,2026-08-11T00:00:00.000Z,https://upload.wikimedia.org/wikipedia/commons/a/a5/Dickinson_College_18.jpg?utm_source=commons.wikimedia.org&utm_campaign=imageinfo&utm_content=thumbnail_unscaled,https://www.google.com/s2/favicons?domain=dickinson.edu&sz=256,https://commons.wikimedia.org/wiki/File:Dickinson_College_18.jpg,https://www.dickinson.edu/,"Dickinson College is a private nonprofit institution in Carlisle, PA. This LivingWiki brings together federal education data and current official sources for academics, admissions, costs, campus life, and outcomes.",campus-fallback-wikimedia,CC0,Dickinson College 18.jpg,1270,871,2026-08-19T00:19:54.995Z
218070,00343400,Furman University,Greenville,SC,https://www.furman.edu/,Southern Association of Colleges and Schools Commission on Colleges,Private nonprofit,Graduate degree,34.924676,-82.440458,2379,0.4295,0.7876,0.9061,30308,68635,73.61,2026,221,us-doe-scorecard-featured-500-2026.1,https://collegescorecard.ed.gov/data/,2026-08-11T00:00:00.000Z,https://upload.wikimedia.org/wikipedia/commons/8/81/Furman_-_Geer_Hall.jpg?utm_source=commons.wikimedia.org&utm_campaign=imageinfo&utm_content=thumbnail_unscaled,https://www.google.com/s2/favicons?domain=furman.edu&sz=256,https://commons.wikimedia.org/wiki/File:Furman_-_Geer_Hall.jpg,https://www.furman.edu/,"Furman University is a private nonprofit institution in Greenville, SC. This LivingWiki brings together federal education data and current official sources for academics, admissions, costs, campus life, and outcomes.",campus-fallback-wikimedia,Public domain,Furman - Geer Hall.jpg,1472,961,2026-08-19T00:20:00.782Z
143358,00164100,Bradley University,Peoria,IL,https://www.bradley.edu/,Higher Learning Commission,Private nonprofit,Graduate degree,40.696896,-89.616786,3574,0.7676,0.7617,0.8265,22719,66852,73.6,2026,222,us-doe-scorecard-featured-500-2026.1,https://collegescorecard.ed.gov/data/,2026-08-11T00:00:00.000Z,https://www.bradley.edu/wp-content/themes/bradley/images/fall-in-the-quad.webp,https://www.google.com/s2/favicons?domain=bradley.edu&sz=256,https://www.bradley.edu/,https://www.bradley.edu/,"Bradley University is a private nonprofit institution in Peoria, IL. This LivingWiki brings together federal education data and current official sources for academics, admissions, costs, campus life, and outcomes.",official-campus-fallback,,Bradley University,2400,1080,2026-08-19T00:20:17.439Z
157085,00198900,University of Kentucky,Lexington,KY,https://www.uky.edu/,Southern Association of Colleges and Schools Commission on Colleges,Public,Graduate degree,38.038911,-84.504747,24763,0.9294,0.7142,0.8684,18851,59025,73.58,2026,223,us-doe-scorecard-featured-500-2026.1,https://collegescorecard.ed.gov/data/,2026-08-11T00:00:00.000Z,https://www.uky.edu/sites/default/files/styles/big_16x7/public/2026-07/ag-research-bldg-opening-hero.jpg?h=5d8399f9&itok=llgYBjAm,https://www.google.com/s2/favicons?domain=uky.edu&sz=256,https://www.uky.edu/,https://www.uky.edu/,"University of Kentucky is a public institution in Lexington, KY. This LivingWiki brings together federal education data and current official sources for academics, admissions, costs, campus life, and outcomes.",official-campus-fallback,,Home | University of Kentucky,1600,700,2026-08-19T00:20:20.466Z
145600,00177600,University of Illinois Chicago,Chicago,IL,https://www.uic.edu/,Higher Learning Commission,Public,Graduate degree,41.871837,-87.650503,22170,0.7735,0.6162,0.8021,10974,68740,73.45,2026,224,us-doe-scorecard-featured-500-2026.1,https://collegescorecard.ed.gov/data/,2026-08-11T00:00:00.000Z,https://upload.wikimedia.org/wikipedia/commons/thumb/6/69/Chicago_20041004_29_UIC_Campus_%40_Taylor_St._%288595872259%29.jpg/1920px-Chicago_20041004_29_UIC_Campus_%40_Taylor_St._%288595872259%29.jpg?utm_source=commons.wikimedia.org&utm_campaign=imageinfo&utm_content=thumbnail,https://www.google.com/s2/favicons?domain=uic.edu&sz=256,https://commons.wikimedia.org/wiki/File:Chicago_20041004_29_UIC_Campus_@_Taylor_St._(8595872259).jpg,https://www.uic.edu/,"University of Illinois Chicago is a public institution in Chicago, IL. This LivingWiki brings together federal education data and current official sources for academics, admissions, costs, campus life, and outcomes.",campus-fallback-wikimedia,CC BY 2.0,Chicago 20041004 29 UIC Campus @ Taylor St. (8595872259).jpg,1920,1440,2026-08-19T01:08:34.880Z
127060,00137100,University of Denver,Denver,CO,https://www.du.edu/,Higher Learning Commission,Private nonprofit,Graduate degree,39.678005,-104.963259,6025,0.7781,0.756,0.8894,36131,71155,73.35,2026,225,us-doe-scorecard-featured-500-2026.1,https://collegescorecard.ed.gov/data/,2026-08-11T00:00:00.000Z,https://upload.wikimedia.org/wikipedia/commons/thumb/6/6a/Air_Force%E2%80%99s_Chase_Borntreger_brings_the_ball_up_field_during_a_home_game_against_University_of_Denver_at_the_Academy%E2%80%99s_Cadet_Soccer_Stadium_in_Colorado_Springs%2C_Colorado%2C_August_14%2C_2025.jpg/1920px-thumbnail.jpg?utm_source=commons.wikimedia.org&utm_campaign=imageinfo&utm_content=thumbnail,https://www.google.com/s2/favicons?domain=du.edu&sz=256,"https://commons.wikimedia.org/wiki/File:Air_Force%E2%80%99s_Chase_Borntreger_brings_the_ball_up_field_during_a_home_game_against_University_of_Denver_at_the_Academy%E2%80%99s_Cadet_Soccer_Stadium_in_Colorado_Springs,_Colorado,_August_14,_2025.jpg",https://www.du.edu/,"University of Denver is a private nonprofit institution in Denver, CO. This LivingWiki brings together federal education data and current official sources for academics, admissions, costs, campus life, and outcomes.",campus-fallback-wikimedia,Public domain,"Air Force’s Chase Borntreger brings the ball up field during a home game against University of Denver at the Academy’s Cadet Soccer Stadium in Colorado Springs, Colorado, August 14, 2025.jpg",1920,1280,2026-08-19T01:01:03.604Z
120883,00132900,University of the Pacific,Stockton,CA,https://www.pacific.edu/,Western Association of Schools and Colleges Senior Colleges and University Commission,Private nonprofit,Graduate degree,37.981424,-121.312301,3204,0.7132,0.6905,0.8846,25447,78445,73.31,2026,226,us-doe-scorecard-featured-500-2026.1,https://collegescorecard.ed.gov/data/,2026-08-11T00:00:00.000Z,https://www.pacific.edu/sites/default/files/default_images/default-header.jpg,https://www.google.com/s2/favicons?domain=pacific.edu&sz=256,https://www.pacific.edu/,https://www.pacific.edu/,"University of the Pacific is a private nonprofit institution in Stockton, CA. This LivingWiki brings together federal education data and current official sources for academics, admissions, costs, campus life, and outcomes.",,,,,,
229115,00364400,Texas Tech University,Lubbock,TX,https://www.ttu.edu/,Southern Association of Colleges and Schools Commission on Colleges,Public,Graduate degree,33.583448,-101.874783,32394,0.7265,0.6869,0.8495,19070,62454,73.28,2026,227,us-doe-scorecard-featured-500-2026.1,https://collegescorecard.ed.gov/data/,2026-08-11T00:00:00.000Z,https://upload.wikimedia.org/wikipedia/commons/thumb/b/b1/HALL_drum_band_photos_2024-27.jpg/1920px-HALL_drum_band_photos_2024-27.jpg?utm_source=commons.wikimedia.org&utm_campaign=imageinfo&utm_content=thumbnail,https://www.google.com/s2/favicons?domain=ttu.edu&sz=256,https://commons.wikimedia.org/wiki/File:HALL_drum_band_photos_2024-27.jpg,https://www.ttu.edu/,"Texas Tech University is a public institution in Lubbock, TX. This LivingWiki brings together federal education data and current official sources for academics, admissions, costs, campus life, and outcomes.",campus-fallback-wikimedia,CC BY 2.0,HALL drum band photos 2024-27.jpg,1920,1280,2026-08-19T01:01:02.840Z
193292,00277500,Molloy University,Rockville Centre,NY,https://www.molloy.edu/,Middle States Commission on Higher Education,Private nonprofit,Graduate degree,40.685941,-73.626183,3162,0.8174,0.6993,0.8517,24347,77789,73.03,2026,228,us-doe-scorecard-featured-500-2026.1,https://collegescorecard.ed.gov/data/,2026-08-11T00:00:00.000Z,https://www.molloy.edu/_images/homepage/homepage-featured.jpg,https://www.google.com/s2/favicons?domain=molloy.edu&sz=256,https://www.molloy.edu/,https://www.molloy.edu/,"Molloy University is a private nonprofit institution in Rockville Centre, NY. This LivingWiki brings together federal education data and current official sources for academics, admissions, costs, campus life, and outcomes.",official-campus-fallback,,Home,836,836,2026-08-19T00:20:18.335Z
169983,00226200,Kettering University,Flint,MI,https://www.kettering.edu/,Higher Learning Commission,Private nonprofit,Graduate degree,43.012468,-83.71282,1205,0.7867,0.708,0.943,34660,94823,72.99,2026,229,us-doe-scorecard-featured-500-2026.1,https://collegescorecard.ed.gov/data/,2026-08-11T00:00:00.000Z,https://www.kettering.edu/sites/default/files/2024-10/kettering-university-homepage-student-electrical-engineering-batteries.jpg,https://www.google.com/s2/favicons?domain=kettering.edu&sz=256,https://www.kettering.edu/,https://www.kettering.edu/,"Kettering University is a private nonprofit institution in Flint, MI. This LivingWiki brings together federal education data and current official sources for academics, admissions, costs, campus life, and outcomes.",official-campus-fallback,,Kettering University | Start Ahead. Stay There.,1200,1500,2026-08-19T00:20:11.629Z
100751,00105100,The University of Alabama,Tuscaloosa,AL,https://www.ua.edu/,Southern Association of Colleges and Schools Commission on Colleges,Public,Graduate degree,33.211875,-87.545978,33227,0.7665,0.7337,0.8949,22420,59221,72.99,2026,230,us-doe-scorecard-featured-500-2026.1,https://collegescorecard.ed.gov/data/,2026-08-11T00:00:00.000Z,https://live-ua-home.pantheonsite.io/wp-content/uploads/script-a-1.png,https://www.google.com/s2/favicons?domain=ua.edu&sz=256,https://www.ua.edu/,https://www.ua.edu/,"The University of Alabama is a public institution in Tuscaloosa, AL. This LivingWiki brings together federal education data and current official sources for academics, admissions, costs, campus life, and outcomes.",official-campus-fallback,,The University of Alabama,1188,1097,2026-08-19T00:20:10.655Z
113698,00119600,Dominican University of California,San Rafael,CA,https://www.dominican.edu/,Western Association of Schools and Colleges Senior Colleges and University Commission,Private nonprofit,Graduate degree,37.981279,-122.512051,1114,0.835,0.7805,0.8548,35333,84713,72.82,2026,231,us-doe-scorecard-featured-500-2026.1,https://collegescorecard.ed.gov/data/,2026-08-11T00:00:00.000Z,https://upload.wikimedia.org/wikipedia/en/4/45/Dominican_University_of_California_%28shield%29.gif?utm_source=en.wikipedia.org&utm_campaign=api&utm_content=thumbnail_unscaled,https://www.google.com/s2/favicons?domain=dominican.edu&sz=256,https://en.wikipedia.org/wiki/Dominican_University_of_California,https://www.dominican.edu/,"Dominican University of California is a private nonprofit institution in San Rafael, CA. This LivingWiki brings together federal education data and current official sources for academics, admissions, costs, campus life, and outcomes.",,,,,,
212106,00325800,Duquesne University,Pittsburgh,PA,https://www.duq.edu/,Middle States Commission on Higher Education,Private nonprofit,Graduate degree,40.43589,-79.993123,5350,0.8356,0.7749,0.8415,37730,74742,72.81,2026,232,us-doe-scorecard-featured-500-2026.1,https://collegescorecard.ed.gov/data/,2026-08-11T00:00:00.000Z,https://www.duq.edu/images/home-page/ug-homepage-callout.jpg,https://www.google.com/s2/favicons?domain=duq.edu&sz=256,https://www.duq.edu/,https://www.duq.edu/,"Duquesne University is a private nonprofit institution in Pittsburgh, PA. This LivingWiki brings together federal education data and current official sources for academics, admissions, costs, campus life, and outcomes.",official-campus-fallback,,Duquesne University,1250,833,2026-08-19T00:20:37.426Z
221519,00353400,The University of the South,Sewanee,TN,https://www.sewanee.edu/,Southern Association of Colleges and Schools Commission on Colleges,Private nonprofit,Graduate degree,35.204719,-85.920179,1607,0.569,0.7979,0.8886,27872,64911,72.8,2026,233,us-doe-scorecard-featured-500-2026.1,https://collegescorecard.ed.gov/data/,2026-08-11T00:00:00.000Z,https://new.sewanee.edu/files/resources/fulford-at-sunset-2-1.jpg,https://www.google.com/s2/favicons?domain=sewanee.edu&sz=256,https://new.sewanee.edu/,https://www.sewanee.edu/,"The University of the South is a private nonprofit institution in Sewanee, TN. This LivingWiki brings together federal education data and current official sources for academics, admissions, costs, campus life, and outcomes.",official-campus-fallback,,Sewanee,3000,1500,2026-08-19T00:20:28.125Z
209551,00322300,University of Oregon,Eugene,OR,https://www.uoregon.edu/,Northwest Commission on Colleges and Universities,Public,Graduate degree,44.045146,-123.075792,20497,0.883,0.7169,0.864,22182,61324,72.73,2026,234,us-doe-scorecard-featured-500-2026.1,https://collegescorecard.ed.gov/data/,2026-08-11T00:00:00.000Z,https://www.uoregon.edu/sites/default/files/2025-08/duck-with-student-teaser-image_0.jpg,https://www.google.com/s2/favicons?domain=uoregon.edu&sz=256,https://www.uoregon.edu/,https://www.uoregon.edu/,"University of Oregon is a public institution in Eugene, OR. This LivingWiki brings together federal education data and current official sources for academics, admissions, costs, campus life, and outcomes.",official-campus-fallback,,University of Oregon | Academic and Research Excellence,1200,630,2026-08-19T00:20:31.599Z
106397,00110800,University of Arkansas,Fayetteville,AR,https://www.uark.edu/,Higher Learning Commission,Public,Graduate degree,36.070009,-94.176981,28677,0.743,0.7052,0.8637,18209,58191,72.69,2026,235,us-doe-scorecard-featured-500-2026.1,https://collegescorecard.ed.gov/data/,2026-08-11T00:00:00.000Z,https://www.uark.edu/_resources/images/dedicated-backdrop2.jpg,https://www.google.com/s2/favicons?domain=uark.edu&sz=256,https://www.uark.edu/,https://www.uark.edu/,"University of Arkansas is a public institution in Fayetteville, AR. This LivingWiki brings together federal education data and current official sources for academics, admissions, costs, campus life, and outcomes.",official-campus-fallback,,University of Arkansas,2000,1230,2026-08-19T00:20:43.631Z
167996,00221700,Stonehill College,Easton,MA,https://www.stonehill.edu/,New England Commission on Higher Education,Private nonprofit,Graduate degree,42.05905,-71.080632,2528,0.6628,0.76,0.8396,33016,77745,72.49,2026,236,us-doe-scorecard-featured-500-2026.1,https://collegescorecard.ed.gov/data/,2026-08-11T00:00:00.000Z,https://www.stonehill.edu/images/DefaultSearchImage-2022.jpg,https://www.google.com/s2/favicons?domain=stonehill.edu&sz=256,https://www.stonehill.edu/about-stonehill/accolades/,https://www.stonehill.edu/,"Stonehill College is a private nonprofit institution in Easton, MA. This LivingWiki brings together federal education data and current official sources for academics, admissions, costs, campus life, and outcomes.",official-campus-fallback,,Accolades | Stonehill College,1200,630,2026-08-19T00:20:13.376Z
239318,00386800,Milwaukee School of Engineering,Milwaukee,WI,https://www.msoe.edu/,Higher Learning Commission,Private nonprofit,Graduate degree,43.045364,-87.907691,2654,0.5893,0.6711,0.8378,22453,89070,72.47,2026,237,us-doe-scorecard-featured-500-2026.1,https://collegescorecard.ed.gov/data/,2026-08-11T00:00:00.000Z,https://www.msoe.edu/images/social-rectangle.png,https://www.google.com/s2/favicons?domain=msoe.edu&sz=256,https://www.msoe.edu/,https://www.msoe.edu/,"Milwaukee School of Engineering is a private nonprofit institution in Milwaukee, WI. This LivingWiki brings together federal education data and current official sources for academics, admissions, costs, campus life, and outcomes.",official-campus-fallback,,Milwaukee School of Engineering,1200,630,2026-08-19T00:20:12.827Z
159391,00201000,Louisiana State University and Agricultural & Mechanical College,Baton Rouge,LA,https://www.lsu.edu/,Southern Association of Colleges and Schools Commission on Colleges,Public,Graduate degree,30.414986,-91.178921,30594,0.7333,0.6881,0.8474,19151,61251,72.45,2026,238,us-doe-scorecard-featured-500-2026.1,https://collegescorecard.ed.gov/data/,2026-08-11T00:00:00.000Z,https://www.lsu.edu/images/2024/lsu2401-david-vinyard-students-discussing-research-in-lab.jpg,https://www.google.com/s2/favicons?domain=lsu.edu&sz=256,https://www.lsu.edu/,https://www.lsu.edu/,"Louisiana State University and Agricultural & Mechanical College is a public institution in Baton Rouge, LA. This LivingWiki brings together federal education data and current official sources for academics, admissions, costs, campus life, and outcomes.",official-campus-fallback,,"Welcome to LSU, a top research university | Baton Rouge, La.",2000,1333,2026-08-19T00:20:16.424Z
199139,00297500,University of North Carolina at Charlotte,Charlotte,NC,https://www.charlotte.edu/,Southern Association of Colleges and Schools Commission on Colleges,Public,Graduate degree,35.306022,-80.730919,24453,0.796,0.6897,0.8498,15435,57289,72.37,2026,239,us-doe-scorecard-featured-500-2026.1,https://collegescorecard.ed.gov/data/,2026-08-11T00:00:00.000Z,https://www.charlotte.edu/wp-content/uploads/2025/02/UNCChar_23001_Track-Chem-Student_1-rh-scaled-e1738606694150.jpg,https://www.google.com/s2/favicons?domain=charlotte.edu&sz=256,https://www.charlotte.edu/,https://www.charlotte.edu/,"University of North Carolina at Charlotte is a public institution in Charlotte, NC. This LivingWiki brings together federal education data and current official sources for academics, admissions, costs, campus life, and outcomes.",official-campus-fallback,,The University of North Carolina at Charlotte Homepage,1954,1707,2026-08-19T00:20:41.373Z
236595,00379000,Seattle University,Seattle,WA,https://www.seattleu.edu/,Northwest Commission on Colleges and Universities,Private nonprofit,Graduate degree,47.608859,-122.318851,4062,0.7692,0.7551,0.8422,34662,75272,72.36,2026,240,us-doe-scorecard-featured-500-2026.1,https://collegescorecard.ed.gov/data/,2026-08-11T00:00:00.000Z,https://www.seattleu.edu/media/seattle-university/testing123/Template-2400x1350_white.png,https://www.google.com/s2/favicons?domain=seattleu.edu&sz=256,https://www.seattleu.edu/,https://www.seattleu.edu/,"Seattle University is a private nonprofit institution in Seattle, WA. This LivingWiki brings together federal education data and current official sources for academics, admissions, costs, campus life, and outcomes.",official-campus-fallback,,Seattle University,2400,1350,2026-08-19T00:20:35.868Z
195003,00280600,Rochester Institute of Technology,Rochester,NY,https://www.rit.edu/,Middle States Commission on Higher Education,Private nonprofit,Graduate degree,43.084188,-77.67386,13215,0.6693,0.6989,0.8879,34906,76571,72,2026,241,us-doe-scorecard-featured-500-2026.1,https://collegescorecard.ed.gov/data/,2026-08-11T00:00:00.000Z,https://www.rit.edu/_assets/images/og-image.jpg,https://www.google.com/s2/favicons?domain=rit.edu&sz=256,https://www.rit.edu/,https://www.rit.edu/,"Rochester Institute of Technology is a private nonprofit institution in Rochester, NY. This LivingWiki brings together federal education data and current official sources for academics, admissions, costs, campus life, and outcomes.",official-campus-fallback,,Rochester Institute of Technology | RIT,1200,630,2026-08-19T00:20:37.581Z
166513,00216100,University of Massachusetts-Lowell,Lowell,MA,https://www.uml.edu/,New England Commission on Higher Education,Public,Graduate degree,42.652864,-71.326809,11434,0.8304,0.6482,0.8399,17163,64874,71.92,2026,242,us-doe-scorecard-featured-500-2026.1,https://collegescorecard.ed.gov/data/,2026-08-11T00:00:00.000Z,https://www.uml.edu/images/cd-visit%5b1%5d_tcm18-317614.jpg?w=x,https://www.google.com/s2/favicons?domain=uml.edu&sz=256,https://www.uml.edu/admissions/visit/,https://www.uml.edu/,"University of Massachusetts-Lowell is a public institution in Lowell, MA. This LivingWiki brings together federal education data and current official sources for academics, admissions, costs, campus life, and outcomes.",official-campus-fallback,,Visit Campus | Undergraduate Admissions | UMass Lowell,1400,800,2026-08-19T00:20:42.690Z
164562,00211800,Assumption University,Worcester,MA,https://www.assumption.edu/,New England Commission on Higher Education,Private nonprofit,Graduate degree,42.294226,-71.828991,1669,0.8298,0.7523,0.8392,29498,74895,71.58,2026,243,us-doe-scorecard-featured-500-2026.1,https://collegescorecard.ed.gov/data/,2026-08-11T00:00:00.000Z,https://www.assumption.edu/wp-content/uploads/2024/01/Assumption_Social_Share_Image-scaled.jpg,https://www.google.com/s2/favicons?domain=assumption.edu&sz=256,https://www.assumption.edu/,https://www.assumption.edu/,"Assumption University is a private nonprofit institution in Worcester, MA. This LivingWiki brings together federal education data and current official sources for academics, admissions, costs, campus life, and outcomes.",,,,,,
202523,00304200,Denison University,Granville,OH,https://www.denison.edu/,Higher Learning Commission,Private nonprofit,Bachelor degree,40.071505,-82.523272,2380,0.1739,0.789,0.8852,40007,67753,71.57,2026,244,us-doe-scorecard-featured-500-2026.1,https://collegescorecard.ed.gov/data/,2026-08-11T00:00:00.000Z,https://upload.wikimedia.org/wikipedia/commons/thumb/1/1c/ChapelWalkDenisonUniversityGranvilleOhio.jpg/1920px-ChapelWalkDenisonUniversityGranvilleOhio.jpg?utm_source=commons.wikimedia.org&utm_campaign=imageinfo&utm_content=thumbnail,https://www.google.com/s2/favicons?domain=denison.edu&sz=256,https://commons.wikimedia.org/wiki/File:ChapelWalkDenisonUniversityGranvilleOhio.jpg,https://www.denison.edu/,"Denison University is a private nonprofit institution in Granville, OH. This LivingWiki brings together federal education data and current official sources for academics, admissions, costs, campus life, and outcomes.",campus-fallback-wikimedia,CC BY-SA 3.0,ChapelWalkDenisonUniversityGranvilleOhio.jpg,1920,1277,2026-08-19T01:08:32.817Z
104179,00108300,University of Arizona,Tucson,AZ,https://www.arizona.edu/,Western Association of Schools and Colleges Senior Colleges and University Commission,Public,Graduate degree,32.232672,-110.950815,42537,0.8614,0.6752,0.8278,16674,59979,71.52,2026,245,us-doe-scorecard-featured-500-2026.1,https://collegescorecard.ed.gov/data/,2026-08-11T00:00:00.000Z,https://www.arizona.edu/sites/default/files/styles/az_large/public/images/2026-Academy-Feature.jpg.webp?itok=SBLeuI5t,https://www.google.com/s2/favicons?domain=arizona.edu&sz=256,https://www.arizona.edu/,https://www.arizona.edu/,"University of Arizona is a public institution in Tucson, AZ. This LivingWiki brings together federal education data and current official sources for academics, admissions, costs, campus life, and outcomes.",official-campus-fallback,,"University of Arizona in Tucson, AZ",1140,855,2026-08-19T00:20:40.950Z
166939,00219200,Mount Holyoke College,South Hadley,MA,https://www.mtholyoke.edu/,New England Commission on Higher Education,Private nonprofit,Graduate degree,42.25489,-72.573916,2169,0.3603,0.8439,0.8859,26441,58418,71.46,2026,246,us-doe-scorecard-featured-500-2026.1,https://collegescorecard.ed.gov/data/,2026-08-11T00:00:00.000Z,https://www.mtholyoke.edu/sites/default/files/2026-08/MHC-11-4-25-Campus-Beauty-Fall-2025-026.webp,https://www.google.com/s2/favicons?domain=mtholyoke.edu&sz=256,https://www.mtholyoke.edu/,https://www.mtholyoke.edu/,"Mount Holyoke College is a private nonprofit institution in South Hadley, MA. This LivingWiki brings together federal education data and current official sources for academics, admissions, costs, campus life, and outcomes.",official-campus-fallback,,Mount Holyoke College | Liberal Arts College in New England,1900,1266,2026-08-19T00:20:43.966Z
237057,00380300,Whitman College,Walla Walla,WA,https://www.whitman.edu/,Northwest Commission on Colleges and Universities,Private nonprofit,Bachelor degree,46.069815,-118.331546,1531,0.3815,0.8052,0.8671,33313,67589,71.46,2026,247,us-doe-scorecard-featured-500-2026.1,https://collegescorecard.ed.gov/data/,2026-08-11T00:00:00.000Z,https://www.whitman.edu/images/academics/majors/art-history/2023/painting-colorful-abstract-sq.jpg,https://www.google.com/s2/favicons?domain=whitman.edu&sz=256,https://www.whitman.edu/,https://www.whitman.edu/,"Whitman College is a private nonprofit institution in Walla Walla, WA. This LivingWiki brings together federal education data and current official sources for academics, admissions, costs, campus life, and outcomes.",official-campus-fallback,,Whitman College,800,800,2026-08-19T00:20:39.472Z
191630,00273100,Hobart William Smith Colleges,Geneva,NY,https://www.hws.edu/,New England Commission on Higher Education,Private nonprofit,Graduate degree,42.858131,-76.985516,1786,0.6399,0.7725,0.8636,31563,68831,71.39,2026,248,us-doe-scorecard-featured-500-2026.1,https://collegescorecard.ed.gov/data/,2026-08-11T00:00:00.000Z,https://www.hws.edu/_resources/images/events/default-list.png,https://www.google.com/s2/favicons?domain=hws.edu&sz=256,https://www.hws.edu/about/default.aspx,https://www.hws.edu/,"Hobart William Smith Colleges is a private nonprofit institution in Geneva, NY. This LivingWiki brings together federal education data and current official sources for academics, admissions, costs, campus life, and outcomes.",official-campus-fallback,,About Us | Hobart and William Smith Colleges,1280,640,2026-08-19T00:20:29.524Z
196176,00284600,State University of New York at New Paltz,New Paltz,NY,https://www.newpaltz.edu/,Middle States Commission on Higher Education,Public,Graduate degree,41.740936,-74.082188,6086,0.6161,0.716,0.8502,18809,58073,71.33,2026,249,us-doe-scorecard-featured-500-2026.1,https://collegescorecard.ed.gov/data/,2026-08-11T00:00:00.000Z,https://www.newpaltz.edu/media/home-page/home_accelerated_pathways_programs_pic.jpg,https://www.google.com/s2/favicons?domain=newpaltz.edu&sz=256,https://www.newpaltz.edu/,https://www.newpaltz.edu/,"State University of New York at New Paltz is a public institution in New Paltz, NY. This LivingWiki brings together federal education data and current official sources for academics, admissions, costs, campus life, and outcomes.",official-campus-fallback,,SUNY New Paltz | The State University of New York at New Paltz,986,567,2026-08-19T00:20:53.573Z
109651,00111600,Art Center College of Design,Pasadena,CA,https://www.artcenter.edu/,Western Association of Schools and Colleges Senior Colleges and University Commission,Private nonprofit,Graduate degree,34.169031,-118.185102,2017,0.7454,0.7917,0.8594,48661,71958,71.3,2026,250,us-doe-scorecard-featured-500-2026.1,https://collegescorecard.ed.gov/data/,2026-08-11T00:00:00.000Z,https://upload.wikimedia.org/wikipedia/commons/a/a3/ACCD_front.png?utm_source=en.wikipedia.org&utm_campaign=api&utm_content=thumbnail_unscaled,https://www.google.com/s2/favicons?domain=artcenter.edu&sz=256,https://en.wikipedia.org/wiki/ArtCenter_College_of_Design,https://www.artcenter.edu/,"Art Center College of Design is a private nonprofit institution in Pasadena, CA. This LivingWiki brings together federal education data and current official sources for academics, admissions, costs, campus life, and outcomes.",,,,,,
153269,00186000,Drake University,Des Moines,IA,https://www.drake.edu/,Higher Learning Commission,Private nonprofit,Graduate degree,41.60129,-93.652163,2543,0.6385,0.7403,0.8409,29127,71901,71.3,2026,251,us-doe-scorecard-featured-500-2026.1,https://collegescorecard.ed.gov/data/,2026-08-11T00:00:00.000Z,https://www.drake.edu/images/modal-bg.jpg,https://www.google.com/s2/favicons?domain=drake.edu&sz=256,https://www.drake.edu/about/at-a-glance,https://www.drake.edu/,"Drake University is a private nonprofit institution in Des Moines, IA. This LivingWiki brings together federal education data and current official sources for academics, admissions, costs, campus life, and outcomes.",official-campus-fallback,,Drake at a Glance | Drake University,1200,630,2026-08-19T00:20:53.720Z
195474,00281600,Siena University,Loudonville,NY,https://www.siena.edu/,Middle States Commission on Higher Education,Private nonprofit,Graduate degree,42.717602,-73.7526,3409,0.6902,0.7473,0.8269,33733,76079,71.14,2026,252,us-doe-scorecard-featured-500-2026.1,https://collegescorecard.ed.gov/data/,2026-08-11T00:00:00.000Z,https://www.siena.edu/images/og-default.jpg,https://www.google.com/s2/favicons?domain=siena.edu&sz=256,https://www.siena.edu/,https://www.siena.edu/,"Siena University is a private nonprofit institution in Loudonville, NY. This LivingWiki brings together federal education data and current official sources for academics, admissions, costs, campus life, and outcomes.",,,,,,
216524,00338500,Ursinus College,Collegeville,PA,https://www.ursinus.edu/,Middle States Commission on Higher Education,Private nonprofit,Bachelor degree,40.193023,-75.456505,1491,0.9177,0.7328,0.8691,30536,73721,70.92,2026,253,us-doe-scorecard-featured-500-2026.1,https://collegescorecard.ed.gov/data/,2026-08-11T00:00:00.000Z,https://www.ursinus.edu/live/image/gid/4/width/1260/height/630/crop/1/52606_20260511_Ursinus_Marketing_Margo_Reed_Studio-139.rev.1782308878.jpg,https://www.google.com/s2/favicons?domain=ursinus.edu&sz=256,https://www.ursinus.edu/,https://www.ursinus.edu/,"Ursinus College is a private nonprofit institution in Collegeville, PA. This LivingWiki brings together federal education data and current official sources for academics, admissions, costs, campus life, and outcomes.",official-campus-fallback,,Ursinus College | Homepage | Ursinus College,1260,630,2026-08-19T00:20:50.454Z
155399,00192800,Kansas State University,Manhattan,KS,https://www.k-state.edu/,Higher Learning Commission,Public,Graduate degree,39.188648,-96.581077,15142,0.8169,0.7108,0.8559,19406,57262,70.87,2026,254,us-doe-scorecard-featured-500-2026.1,https://collegescorecard.ed.gov/data/,2026-08-11T00:00:00.000Z,https://www.k-state.edu/home/images/2023/programs.jpg,https://www.google.com/s2/favicons?domain=k-state.edu&sz=256,https://www.k-state.edu/,https://www.k-state.edu/,"Kansas State University is a public institution in Manhattan, KS. This LivingWiki brings together federal education data and current official sources for academics, admissions, costs, campus life, and outcomes.",official-campus-fallback,,K-State | Kansas State University,1120,650,2026-08-19T00:21:00.624Z
213011,00327600,Immaculata University,Immaculata,PA,https://www.immaculata.edu/,Middle States Commission on Higher Education,Private nonprofit,Graduate degree,40.027981,-75.570711,1320,0.8576,0.7104,0.8303,24258,75701,70.86,2026,255,us-doe-scorecard-featured-500-2026.1,https://collegescorecard.ed.gov/data/,2026-08-11T00:00:00.000Z,https://www.immaculata.edu/wp-content/uploads/2023/08/immaculata-summer.jpeg,https://www.google.com/s2/favicons?domain=immaculata.edu&sz=256,https://www.immaculata.edu/,https://www.immaculata.edu/,"Immaculata University is a private nonprofit institution in Immaculata, PA. This LivingWiki brings together federal education data and current official sources for academics, admissions, costs, campus life, and outcomes.",official-campus-fallback,,Immaculata University: Affordable Outcome-Oriented Education,804,534,2026-08-19T00:20:53.363Z
216278,00336900,Susquehanna University,Selinsgrove,PA,https://www.susqu.edu/,Middle States Commission on Higher Education,Private nonprofit,Graduate degree,40.797502,-76.875329,2163,0.8143,0.8174,0.8633,28819,61723,70.84,2026,256,us-doe-scorecard-featured-500-2026.1,https://collegescorecard.ed.gov/data/,2026-08-11T00:00:00.000Z,https://www.susqu.edu/wp-content/uploads/2024/09/12335_alanis-castro-pacheco-fea.rev_.1721228208-1536x758.webp?ver=1749860076,https://www.google.com/s2/favicons?domain=susqu.edu&sz=256,https://www.susqu.edu/,https://www.susqu.edu/,"Susquehanna University is a private nonprofit institution in Selinsgrove, PA. This LivingWiki brings together federal education data and current official sources for academics, admissions, costs, campus life, and outcomes.",official-campus-fallback,,Susquehanna University of Pennsylvania,1536,758,2026-08-19T00:20:50.290Z
216339,00337100,Temple University,Philadelphia,PA,https://www.temple.edu/,Middle States Commission on Higher Education,Public,Graduate degree,39.980546,-75.156859,20970,0.8041,0.7505,0.8261,28198,63727,70.81,2026,257,us-doe-scorecard-featured-500-2026.1,https://collegescorecard.ed.gov/data/,2026-08-11T00:00:00.000Z,https://upload.wikimedia.org/wikipedia/commons/thumb/a/a7/GLAM_Cafe_09082015_1.JPG/1920px-GLAM_Cafe_09082015_1.JPG?utm_source=commons.wikimedia.org&utm_campaign=imageinfo&utm_content=thumbnail,https://www.google.com/s2/favicons?domain=temple.edu&sz=256,https://commons.wikimedia.org/wiki/File:GLAM_Cafe_09082015_1.JPG,https://www.temple.edu/,"Temple University is a public institution in Philadelphia, PA. This LivingWiki brings together federal education data and current official sources for academics, admissions, costs, campus life, and outcomes.",campus-fallback-wikimedia,CC BY-SA 4.0,GLAM Cafe 09082015 1.JPG,1920,1440,2026-08-19T00:21:15.668Z
195720,00282100,St. John Fisher University,Rochester,NY,https://www.sjf.edu/,Middle States Commission on Higher Education,Private nonprofit,Graduate degree,43.116259,-77.513056,2565,0.664,0.7417,0.8642,28945,66944,70.78,2026,258,us-doe-scorecard-featured-500-2026.1,https://collegescorecard.ed.gov/data/,2026-08-11T00:00:00.000Z,https://www.sjf.edu/media/sized-image-library/homepage-slider-images-1920-x-1080/Summer_Library.jpg,https://www.google.com/s2/favicons?domain=sjf.edu&sz=256,https://www.sjf.edu/,https://www.sjf.edu/,"St. John Fisher University is a private nonprofit institution in Rochester, NY. This LivingWiki brings together federal education data and current official sources for academics, admissions, costs, campus life, and outcomes.",official-campus-fallback,,"St. John Fisher University, Rochester, NY",1920,1080,2026-08-19T00:20:41.974Z
192323,00274800,Le Moyne College,Syracuse,NY,https://www.lemoyne.edu/,Middle States Commission on Higher Education,Private nonprofit,Graduate degree,43.049192,-76.090435,2439,0.8298,0.7313,0.8355,22277,62731,70.77,2026,259,us-doe-scorecard-featured-500-2026.1,https://collegescorecard.ed.gov/data/,2026-08-11T00:00:00.000Z,https://upload.wikimedia.org/wikipedia/commons/7/7c/Lemoyne_Sign.jpg?utm_source=commons.wikimedia.org&utm_campaign=imageinfo&utm_content=thumbnail_unscaled,https://www.google.com/s2/favicons?domain=lemoyne.edu&sz=256,https://commons.wikimedia.org/wiki/File:Lemoyne_Sign.jpg,https://www.lemoyne.edu/,"Le Moyne College is a private nonprofit institution in Syracuse, NY. This LivingWiki brings together federal education data and current official sources for academics, admissions, costs, campus life, and outcomes.",campus-fallback-wikimedia,Public domain,Lemoyne Sign.jpg,1436,1260,2026-08-19T00:20:47.862Z
110538,00114600,California State University-Chico,Chico,CA,https://www.csuchico.edu/,Western Association of Schools and Colleges Senior Colleges and University Commission,Public,Graduate degree,39.729712,-121.844859,13631,0.9272,0.6278,0.8163,14480,64172,70.76,2026,260,us-doe-scorecard-featured-500-2026.1,https://collegescorecard.ed.gov/data/,2026-08-11T00:00:00.000Z,https://upload.wikimedia.org/wikipedia/commons/thumb/3/39/2016_E_Kika_De_La_Garza_Fellowship_Recognition_Ceremony_%2820160622-DM-LSC-0023%29.jpg/1920px-2016_E_Kika_De_La_Garza_Fellowship_Recognition_Ceremony_%2820160622-DM-LSC-0023%29.jpg?utm_source=commons.wikimedia.org&utm_campaign=imageinfo&utm_content=thumbnail,https://www.google.com/s2/favicons?domain=csuchico.edu&sz=256,https://commons.wikimedia.org/wiki/File:2016_E_Kika_De_La_Garza_Fellowship_Recognition_Ceremony_(20160622-DM-LSC-0023).jpg,https://www.csuchico.edu/,"California State University-Chico is a public institution in Chico, CA. This LivingWiki brings together federal education data and current official sources for academics, admissions, costs, campus life, and outcomes.",campus-fallback-wikimedia,Public domain,2016 E Kika De La Garza Fellowship Recognition Ceremony (20160622-DM-LSC-0023).jpg,1920,1526,2026-08-19T00:21:14.918Z
176017,00244000,University of Mississippi,University,MS,https://www.olemiss.edu/,Southern Association of Colleges and Schools Commission on Colleges,Public,Graduate degree,34.365529,-89.537434,21473,0.9658,0.7174,0.8721,13314,50994,70.75,2026,261,us-doe-scorecard-featured-500-2026.1,https://collegescorecard.ed.gov/data/,2026-08-11T00:00:00.000Z,https://upload.wikimedia.org/wikipedia/commons/6/69/Luckyday_Residential_College_Ole_Miss.jpg?utm_source=commons.wikimedia.org&utm_campaign=imageinfo&utm_content=thumbnail_unscaled,https://www.google.com/s2/favicons?domain=olemiss.edu&sz=256,https://commons.wikimedia.org/wiki/File:Luckyday_Residential_College_Ole_Miss.jpg,https://www.olemiss.edu/,"University of Mississippi is a public institution in University, MS. This LivingWiki brings together federal education data and current official sources for academics, admissions, costs, campus life, and outcomes.",campus-fallback-wikimedia,CC0,Luckyday Residential College Ole Miss.jpg,1920,1280,2026-08-19T00:21:13.463Z
146481,00170600,Lake Forest College,Lake Forest,IL,https://www.lakeforest.edu/,Higher Learning Commission,Private nonprofit,Graduate degree,42.249574,-87.827454,1813,0.5681,0.7778,0.8988,28673,61825,70.7,2026,262,us-doe-scorecard-featured-500-2026.1,https://collegescorecard.ed.gov/data/,2026-08-11T00:00:00.000Z,https://www.lakeforest.edu/Public/OCM/Homepage%20Videos%20and%20First%20Frames/homepage_campus_video_frame.jpg,https://www.google.com/s2/favicons?domain=lakeforest.edu&sz=256,https://www.lakeforest.edu/,https://www.lakeforest.edu/,"Lake Forest College is a private nonprofit institution in Lake Forest, IL. This LivingWiki brings together federal education data and current official sources for academics, admissions, costs, campus life, and outcomes.",official-campus-fallback,,Lake Forest College | Lake Forest College,1280,720,2026-08-19T00:21:18.290Z
236230,00378500,Pacific Lutheran University,Tacoma,WA,https://www.plu.edu/,Northwest Commission on Colleges and Universities,Private nonprofit,Graduate degree,47.14516,-122.440421,2401,0.7802,0.6857,0.8194,19589,66990,70.63,2026,263,us-doe-scorecard-featured-500-2026.1,https://collegescorecard.ed.gov/data/,2026-08-11T00:00:00.000Z,https://upload.wikimedia.org/wikipedia/commons/thumb/b/bc/George_Fox_Womens_Soccer_-_Nov_2%2C_2008_%283015270400%29.jpg/1920px-George_Fox_Womens_Soccer_-_Nov_2%2C_2008_%283015270400%29.jpg?utm_source=commons.wikimedia.org&utm_campaign=imageinfo&utm_content=thumbnail,https://www.google.com/s2/favicons?domain=plu.edu&sz=256,"https://commons.wikimedia.org/wiki/File:George_Fox_Womens_Soccer_-_Nov_2,_2008_(3015270400).jpg",https://www.plu.edu/,"Pacific Lutheran University is a private nonprofit institution in Tacoma, WA. This LivingWiki brings together federal education data and current official sources for academics, admissions, costs, campus life, and outcomes.",campus-fallback-wikimedia,CC BY 2.0,"George Fox Womens Soccer - Nov 2, 2008 (3015270400).jpg",1920,1278,2026-08-19T00:21:13.460Z
174747,00234100,College of Saint Benedict,Saint Joseph,MN,https://csbsju.edu/,Higher Learning Commission,Private nonprofit,Graduate degree,45.561792,-94.319888,1370,0.9152,0.7712,0.8628,26640,63260,70.58,2026,264,us-doe-scorecard-featured-500-2026.1,https://collegescorecard.ed.gov/data/,2026-08-11T00:00:00.000Z,https://www.csbsju.edu/wp-content/uploads/2026/05/2025-08-18-Collegebound-Lake-Day-014-1536x1024.jpg,https://www.google.com/s2/favicons?domain=csbsju.edu&sz=256,https://www.csbsju.edu/,https://csbsju.edu/,"College of Saint Benedict is a private nonprofit institution in Saint Joseph, MN. This LivingWiki brings together federal education data and current official sources for academics, admissions, costs, campus life, and outcomes.",official-campus-fallback,,College of Saint Benedict and Saint John&#039;s University,1536,1024,2026-08-19T00:21:18.698Z
178615,00249500,Truman State University,Kirksville,MO,https://www.truman.edu/,Higher Learning Commission,Public,Graduate degree,40.188267,-92.581658,2513,0.8377,0.6853,0.8474,12780,56280,70.52,2026,265,us-doe-scorecard-featured-500-2026.1,https://collegescorecard.ed.gov/data/,2026-08-11T00:00:00.000Z,https://upload.wikimedia.org/wikipedia/commons/thumb/e/e9/CharlieMillerHolmanSpeaker2015-20.jpg/1920px-CharlieMillerHolmanSpeaker2015-20.jpg?utm_source=commons.wikimedia.org&utm_campaign=imageinfo&utm_content=thumbnail,https://www.google.com/s2/favicons?domain=truman.edu&sz=256,https://commons.wikimedia.org/wiki/File:CharlieMillerHolmanSpeaker2015-20.jpg,https://www.truman.edu/,"Truman State University is a public institution in Kirksville, MO. This LivingWiki brings together federal education data and current official sources for academics, admissions, costs, campus life, and outcomes.",campus-fallback-wikimedia,CC BY-SA 4.0,CharlieMillerHolmanSpeaker2015-20.jpg,1920,1280,2026-08-19T00:21:13.484Z
196060,00283500,University at Albany,Albany,NY,https://www.albany.edu/,Middle States Commission on Higher Education,Public,Graduate degree,42.685489,-73.824662,12564,0.691,0.6145,0.8344,17167,67979,70.44,2026,266,us-doe-scorecard-featured-500-2026.1,https://collegescorecard.ed.gov/data/,2026-08-11T00:00:00.000Z,https://upload.wikimedia.org/wikipedia/commons/thumb/b/b7/Gesprek_tweede_kamer_met_Virginia_Eubanks_%2833140421058%29.jpg/1920px-Gesprek_tweede_kamer_met_Virginia_Eubanks_%2833140421058%29.jpg?utm_source=commons.wikimedia.org&utm_campaign=imageinfo&utm_content=thumbnail,https://www.google.com/s2/favicons?domain=albany.edu&sz=256,https://commons.wikimedia.org/wiki/File:Gesprek_tweede_kamer_met_Virginia_Eubanks_(33140421058).jpg,https://www.albany.edu/,"University at Albany is a public institution in Albany, NY. This LivingWiki brings together federal education data and current official sources for academics, admissions, costs, campus life, and outcomes.",campus-fallback-wikimedia,CC BY 2.0,Gesprek tweede kamer met Virginia Eubanks (33140421058).jpg,1920,1280,2026-08-19T00:21:13.354Z
163912,00209500,St. Mary's College of Maryland,St. Mary's City,MD,https://www.smcm.edu/,Middle States Commission on Higher Education,Public,Graduate degree,38.188047,-76.430994,1603,0.6863,0.6995,0.8575,18441,60110,70.41,2026,267,us-doe-scorecard-featured-500-2026.1,https://collegescorecard.ed.gov/data/,2026-08-11T00:00:00.000Z,https://upload.wikimedia.org/wikipedia/commons/thumb/9/9e/43.StMarysCollege.SMC.MD.14June2011.jpg/1920px-43.StMarysCollege.SMC.MD.14June2011.jpg?utm_source=commons.wikimedia.org&utm_campaign=imageinfo&utm_content=thumbnail,https://www.google.com/s2/favicons?domain=smcm.edu&sz=256,https://commons.wikimedia.org/wiki/File:43.StMarysCollege.SMC.MD.14June2011.jpg,https://www.smcm.edu/,"St. Mary's College of Maryland is a public institution in St. Mary's City, MD. This LivingWiki brings together federal education data and current official sources for academics, admissions, costs, campus life, and outcomes.",campus-fallback-wikimedia,CC BY-SA 2.0,43.StMarysCollege.SMC.MD.14June2011.jpg,1920,1280,2026-08-19T00:21:14.329Z
170301,00227300,Hope College,Holland,MI,https://hope.edu/,Higher Learning Commission,Private nonprofit,Bachelor degree,42.787247,-86.100971,3288,0.7924,0.7995,0.8837,27182,58427,70.38,2026,268,us-doe-scorecard-featured-500-2026.1,https://collegescorecard.ed.gov/data/,2026-08-11T00:00:00.000Z,https://upload.wikimedia.org/wikipedia/commons/thumb/7/7c/HopeDeVosFieldhouse2.jpg/1920px-HopeDeVosFieldhouse2.jpg?utm_source=commons.wikimedia.org&utm_campaign=imageinfo&utm_content=thumbnail,https://www.google.com/s2/favicons?domain=hope.edu&sz=256,https://commons.wikimedia.org/wiki/File:HopeDeVosFieldhouse2.jpg,https://hope.edu/,"Hope College is a private nonprofit institution in Holland, MI. This LivingWiki brings together federal education data and current official sources for academics, admissions, costs, campus life, and outcomes.",campus-fallback-wikimedia,CC BY-SA 3.0,HopeDeVosFieldhouse2.jpg,1920,1371,2026-08-19T00:21:13.397Z
195544,00282500,St. Joseph's University-New York,Brooklyn,NY,https://www.sjny.edu/,Middle States Commission on Higher Education,Private nonprofit,Graduate degree,40.690418,-73.967664,3144,0.7205,0.6878,0.807,19035,63905,70.35,2026,269,us-doe-scorecard-featured-500-2026.1,https://collegescorecard.ed.gov/data/,2026-08-11T00:00:00.000Z,https://upload.wikimedia.org/wikipedia/commons/thumb/8/82/St._Joseph%27s_College_Bouncy_Castle.jpg/1920px-St._Joseph%27s_College_Bouncy_Castle.jpg?utm_source=commons.wikimedia.org&utm_campaign=imageinfo&utm_content=thumbnail,https://www.google.com/s2/favicons?domain=sjny.edu&sz=256,https://commons.wikimedia.org/wiki/File:St._Joseph%27s_College_Bouncy_Castle.jpg,https://www.sjny.edu/,"St. Joseph's University-New York is a private nonprofit institution in Brooklyn, NY. This LivingWiki brings together federal education data and current official sources for academics, admissions, costs, campus life, and outcomes.",campus-fallback-wikimedia,CC BY-SA 4.0,St. Joseph's College Bouncy Castle.jpg,1920,2560,2026-08-19T01:08:33.011Z
207388,00317000,Oklahoma State University-Main Campus,Stillwater,OK,https://www.okstate.edu/,Higher Learning Commission,Public,Graduate degree,36.123085,-97.069743,21773,0.7504,0.6817,0.8478,17447,57413,70.32,2026,270,us-doe-scorecard-featured-500-2026.1,https://collegescorecard.ed.gov/data/,2026-08-11T00:00:00.000Z,https://upload.wikimedia.org/wikipedia/commons/thumb/5/52/Edmon_Low_Library.jpg/1920px-Edmon_Low_Library.jpg?utm_source=commons.wikimedia.org&utm_campaign=imageinfo&utm_content=thumbnail,https://www.google.com/s2/favicons?domain=okstate.edu&sz=256,https://commons.wikimedia.org/wiki/File:Edmon_Low_Library.jpg,https://www.okstate.edu/,"Oklahoma State University-Main Campus is a public institution in Stillwater, OK. This LivingWiki brings together federal education data and current official sources for academics, admissions, costs, campus life, and outcomes.",campus-fallback-wikimedia,CC BY-SA 3.0,Edmon Low Library.jpg,1920,1440,2026-08-19T01:08:32.322Z
122612,00132500,University of San Francisco,San Francisco,CA,https://www.usfca.edu/,Western Association of Schools and Colleges Senior Colleges and University Commission,Private nonprofit,Graduate degree,37.776618,-122.450477,5287,0.6171,0.7006,0.8369,41431,89812,70.28,2026,271,us-doe-scorecard-featured-500-2026.1,https://collegescorecard.ed.gov/data/,2026-08-11T00:00:00.000Z,https://www.usfca.edu/sites/default/files/styles/1_1_2000x2000/public/2026-03/24.8.20-first-day-_ul_9976.jpg?itok=zjO6,https://www.google.com/s2/favicons?domain=usfca.edu&sz=256,https://www.usfca.edu/,https://www.usfca.edu/,"University of San Francisco is a private nonprofit institution in San Francisco, CA. This LivingWiki brings together federal education data and current official sources for academics, admissions, costs, campus life, and outcomes.",official-campus-fallback,,University of San Francisco Homepage | University of San Francisco,2000,2000,2026-08-19T00:21:36.995Z
123554,00130200,Saint Mary's College of California,Moraga,CA,https://www.stmarys-ca.edu/,Western Association of Schools and Colleges Senior Colleges and University Commission,Private nonprofit,Graduate degree,37.840731,-122.109031,1947,0.8653,0.703,0.8537,30378,78812,70.25,2026,272,us-doe-scorecard-featured-500-2026.1,https://collegescorecard.ed.gov/data/,2026-08-11T00:00:00.000Z,https://upload.wikimedia.org/wikipedia/commons/thumb/d/d4/Campus_of_Saint_Mary%27s_College_of_California_4670.jpg/1920px-Campus_of_Saint_Mary%27s_College_of_California_4670.jpg?utm_source=commons.wikimedia.org&utm_campaign=imageinfo&utm_content=thumbnail,https://www.google.com/s2/favicons?domain=stmarys-ca.edu&sz=256,https://commons.wikimedia.org/wiki/File:Campus_of_Saint_Mary%27s_College_of_California_4670.jpg,https://www.stmarys-ca.edu/,"Saint Mary's College of California is a private nonprofit institution in Moraga, CA. This LivingWiki brings together federal education data and current official sources for academics, admissions, costs, campus life, and outcomes.",campus-fallback-wikimedia,CC BY-SA 4.0,Campus of Saint Mary's College of California 4670.jpg,1920,1440,2026-08-19T00:21:13.504Z
217536,00341100,Salve Regina University,Newport,RI,https://www.salve.edu/,New England Commission on Higher Education,Private nonprofit,Graduate degree,41.471545,-71.30124,2121,0.6817,0.7688,0.8279,36967,72975,70.24,2026,273,us-doe-scorecard-featured-500-2026.1,https://collegescorecard.ed.gov/data/,2026-08-11T00:00:00.000Z,https://upload.wikimedia.org/wikipedia/commons/thumb/6/66/Ochre_Lodge%2C_Salve_Regina_University_-_panoramio.jpg/1920px-Ochre_Lodge%2C_Salve_Regina_University_-_panoramio.jpg?utm_source=commons.wikimedia.org&utm_campaign=imageinfo&utm_content=thumbnail,https://www.google.com/s2/favicons?domain=salve.edu&sz=256,"https://commons.wikimedia.org/wiki/File:Ochre_Lodge,_Salve_Regina_University_-_panoramio.jpg",https://www.salve.edu/,"Salve Regina University is a private nonprofit institution in Newport, RI. This LivingWiki brings together federal education data and current official sources for academics, admissions, costs, campus life, and outcomes.",campus-fallback-wikimedia,CC BY 3.0,"Ochre Lodge, Salve Regina University - panoramio.jpg",1920,1440,2026-08-19T00:21:15.893Z
148584,00166400,University of St Francis,Joliet,IL,https://www.stfrancis.edu/,Higher Learning Commission,Private nonprofit,Graduate degree,41.532225,-88.096057,1223,0.6529,0.6682,0.7876,13006,63926,70.18,2026,274,us-doe-scorecard-featured-500-2026.1,https://collegescorecard.ed.gov/data/,2026-08-11T00:00:00.000Z,https://stfrancis.edu/wp-content/uploads/2019/08/Slide4.jpg,https://www.google.com/s2/favicons?domain=stfrancis.edu&sz=256,https://stfrancis.edu/,https://www.stfrancis.edu/,"University of St Francis is a private nonprofit institution in Joliet, IL. This LivingWiki brings together federal education data and current official sources for academics, admissions, costs, campus life, and outcomes.",official-campus-fallback,,University of St. Francis,1280,720,2026-08-19T00:21:18.752Z
146612,00170700,Lewis University,Romeoville,IL,https://www.lewisu.edu/,Higher Learning Commission,Private nonprofit,Graduate degree,41.605432,-88.079032,4015,0.7129,0.6661,0.7915,17028,66099,70.17,2026,275,us-doe-scorecard-featured-500-2026.1,https://collegescorecard.ed.gov/data/,2026-08-11T00:00:00.000Z,https://upload.wikimedia.org/wikipedia/commons/thumb/c/c4/LewisUniversityAirportControlTower.jpg/1920px-LewisUniversityAirportControlTower.jpg?utm_source=commons.wikimedia.org&utm_campaign=imageinfo&utm_content=thumbnail,https://www.google.com/s2/favicons?domain=lewisu.edu&sz=256,https://commons.wikimedia.org/wiki/File:LewisUniversityAirportControlTower.jpg,https://www.lewisu.edu/,"Lewis University is a private nonprofit institution in Romeoville, IL. This LivingWiki brings together federal education data and current official sources for academics, admissions, costs, campus life, and outcomes.",campus-fallback-wikimedia,CC BY-SA 4.0,LewisUniversityAirportControlTower.jpg,1920,1440,2026-08-19T00:21:15.264Z
130253,00140300,Sacred Heart University,Fairfield,CT,https://www.sacredheart.edu/,New England Commission on Higher Education,Private nonprofit,Graduate degree,41.220893,-73.243332,7087,0.6536,0.7346,0.8308,46174,75059,70.17,2026,276,us-doe-scorecard-featured-500-2026.1,https://collegescorecard.ed.gov/data/,2026-08-11T00:00:00.000Z,https://www.sacredheart.edu/media/shu-media/site-assets/images/Sacred-Heart-OG.png,https://www.google.com/s2/favicons?domain=sacredheart.edu&sz=256,https://www.sacredheart.edu/admissions--aid/undergraduate-admissions/,https://www.sacredheart.edu/,"Sacred Heart University is a private nonprofit institution in Fairfield, CT. This LivingWiki brings together federal education data and current official sources for academics, admissions, costs, campus life, and outcomes.",official-campus-fallback,,Undergraduate Admissions | Sacred Heart University,1200,630,2026-08-19T00:21:42.072Z
133669,00148100,Florida Atlantic University,Boca Raton,FL,https://www.fau.edu/,Southern Association of Colleges and Schools Commission on Colleges,Public,Graduate degree,26.372421,-80.102978,23757,0.6613,0.6257,0.8447,8752,56746,70.14,2026,277,us-doe-scorecard-featured-500-2026.1,https://collegescorecard.ed.gov/data/,2026-08-11T00:00:00.000Z,https://www.fau.edu/images/marketing/homepage/graduation-cap-gown-2025.webp,https://www.google.com/s2/favicons?domain=fau.edu&sz=256,https://www.fau.edu/,https://www.fau.edu/,"Florida Atlantic University is a public institution in Boca Raton, FL. This LivingWiki brings together federal education data and current official sources for academics, admissions, costs, campus life, and outcomes.",official-campus-fallback,,Florida Atlantic University | Florida Atlantic University,1920,1082,2026-08-19T00:21:46.418Z
141060,00159400,Spelman College,Atlanta,GA,https://www.spelman.edu/,Southern Association of Colleges and Schools Commission on Colleges,Private nonprofit,Bachelor degree,33.745279,-84.411527,3414,0.2487,0.7846,0.9409,38967,59993,70.06,2026,278,us-doe-scorecard-featured-500-2026.1,https://collegescorecard.ed.gov/data/,2026-08-11T00:00:00.000Z,https://www.spelman.edu/_2-Images/_homepage-banners/12-with-the-12.jpg,https://www.google.com/s2/favicons?domain=spelman.edu&sz=256,https://www.spelman.edu/,https://www.spelman.edu/,"Spelman College is a private nonprofit institution in Atlanta, GA. This LivingWiki brings together federal education data and current official sources for academics, admissions, costs, campus life, and outcomes.",official-campus-fallback,,"Spelman College | Atlanta, GA",1600,995,2026-08-19T00:21:46.566Z
165334,00213900,Clark University,Worcester,MA,https://www.clarku.edu/,New England Commission on Higher Education,Private nonprofit,Graduate degree,42.249987,-71.823356,2214,0.3954,0.7694,0.8617,28714,62381,70.01,2026,279,us-doe-scorecard-featured-500-2026.1,https://collegescorecard.ed.gov/data/,2026-08-11T00:00:00.000Z,https://cdn.clarku.edu/wp-content/uploads/2026/05/jonas-clark-hall.jpg,https://www.google.com/s2/favicons?domain=clarku.edu&sz=256,https://www.clarku.edu/,https://www.clarku.edu/,"Clark University is a private nonprofit institution in Worcester, MA. This LivingWiki brings together federal education data and current official sources for academics, admissions, costs, campus life, and outcomes.",official-campus-fallback,,Clark University | Challenge Convention. Change Our World.,900,900,2026-08-19T00:21:24.335Z
146719,00171000,Loyola University Chicago,Chicago,IL,https://www.luc.edu/,Higher Learning Commission,Private nonprofit,Graduate degree,42.000765,-87.656872,11737,0.816,0.7304,0.8167,36079,71530,69.83,2026,280,us-doe-scorecard-featured-500-2026.1,https://collegescorecard.ed.gov/data/,2026-08-11T00:00:00.000Z,https://pxl-lucedu.terminalfour.net/fit-in/1200x800/prod01/cdn/media/luc-redesign-2026/homepage-assets/routing-panel.jpg,https://www.google.com/s2/favicons?domain=luc.edu&sz=256,https://www.luc.edu/,https://www.luc.edu/,"Loyola University Chicago is a private nonprofit institution in Chicago, IL. This LivingWiki brings together federal education data and current official sources for academics, admissions, costs, campus life, and outcomes.",official-campus-fallback,,Loyola University Chicago | | Loyola University Chicago,1200,800,2026-08-19T00:21:27.112Z
143084,00163300,Augustana College,Rock Island,IL,https://www.augustana.edu/,Higher Learning Commission,Private nonprofit,Graduate degree,41.502365,-90.55057,2490,0.6268,0.7286,0.8211,22736,62971,69.68,2026,281,us-doe-scorecard-featured-500-2026.1,https://collegescorecard.ed.gov/data/,2026-08-11T00:00:00.000Z,https://www.augustana.edu/files/2024-03/old_main_og.jpg,https://www.google.com/s2/favicons?domain=augustana.edu&sz=256,https://www.augustana.edu/,https://www.augustana.edu/,"Augustana College is a private nonprofit institution in Rock Island, IL. This LivingWiki brings together federal education data and current official sources for academics, admissions, costs, campus life, and outcomes.",,,,,,
191968,00273900,Ithaca College,Ithaca,NY,https://www.ithaca.edu/,Middle States Commission on Higher Education,Private nonprofit,Graduate degree,42.422154,-76.494136,4242,0.6901,0.7623,0.8467,33926,63548,69.65,2026,282,us-doe-scorecard-featured-500-2026.1,https://collegescorecard.ed.gov/data/,2026-08-11T00:00:00.000Z,https://www.ithaca.edu/sites/default/files/styles/hero/public/2026-08/20201014_af_1517.jpg.webp?h=9778d8b4&itok=Pwx34gqC,https://www.google.com/s2/favicons?domain=ithaca.edu&sz=256,https://www.ithaca.edu/,https://www.ithaca.edu/,"Ithaca College is a private nonprofit institution in Ithaca, NY. This LivingWiki brings together federal education data and current official sources for academics, admissions, costs, campus life, and outcomes.",official-campus-fallback,,Ithaca College | Tops in Undergraduate Teaching,2500,1174,2026-08-19T00:21:42.466Z
169080,00224100,Calvin University,Grand Rapids,MI,https://www.calvin.edu/,Higher Learning Commission,Private nonprofit,Graduate degree,42.929916,-85.587548,3193,0.7091,0.7406,0.8676,22992,58375,69.58,2026,283,us-doe-scorecard-featured-500-2026.1,https://collegescorecard.ed.gov/data/,2026-08-11T00:00:00.000Z,https://upload.wikimedia.org/wikipedia/commons/thumb/f/f8/The_Milk_Carton_Kids_Calvin_College_Grand_Rapids_MI_May_2014.jpg/1920px-The_Milk_Carton_Kids_Calvin_College_Grand_Rapids_MI_May_2014.jpg?utm_source=commons.wikimedia.org&utm_campaign=imageinfo&utm_content=thumbnail,https://www.google.com/s2/favicons?domain=calvin.edu&sz=256,https://commons.wikimedia.org/wiki/File:The_Milk_Carton_Kids_Calvin_College_Grand_Rapids_MI_May_2014.jpg,https://www.calvin.edu/,"Calvin University is a private nonprofit institution in Grand Rapids, MI. This LivingWiki brings together federal education data and current official sources for academics, admissions, costs, campus life, and outcomes.",campus-fallback-wikimedia,CC BY 2.0,The Milk Carton Kids Calvin College Grand Rapids MI May 2014.jpg,1920,1081,2026-08-19T00:21:26.151Z
121309,00126200,Point Loma Nazarene University,San Diego,CA,https://www.pointloma.edu/,Western Association of Schools and Colleges Senior Colleges and University Commission,Private nonprofit,Graduate degree,32.718391,-117.250265,3188,0.8368,0.7717,0.8554,38729,63998,69.56,2026,284,us-doe-scorecard-featured-500-2026.1,https://collegescorecard.ed.gov/data/,2026-08-11T00:00:00.000Z,https://upload.wikimedia.org/wikipedia/commons/6/62/PL-amphitheater.jpg?utm_source=commons.wikimedia.org&utm_campaign=imageinfo&utm_content=thumbnail_unscaled,https://www.google.com/s2/favicons?domain=pointloma.edu&sz=256,https://commons.wikimedia.org/wiki/File:PL-amphitheater.jpg,https://www.pointloma.edu/,"Point Loma Nazarene University is a private nonprofit institution in San Diego, CA. This LivingWiki brings together federal education data and current official sources for academics, admissions, costs, campus life, and outcomes.",campus-fallback-wikimedia,Attribution,PL-amphitheater.jpg,1536,1024,2026-08-19T00:21:21.254Z
190567,00268800,CUNY City College,New York,NY,https://www.ccny.cuny.edu/,Middle States Commission on Higher Education,Public,Graduate degree,40.819846,-73.948542,12505,0.6002,0.5682,0.7926,3776,66039,69.52,2026,285,us-doe-scorecard-featured-500-2026.1,https://collegescorecard.ed.gov/data/,2026-08-11T00:00:00.000Z,https://upload.wikimedia.org/wikipedia/commons/thumb/4/43/CCNY_141-Convent_gate_jeh.JPG/1920px-CCNY_141-Convent_gate_jeh.JPG?utm_source=commons.wikimedia.org&utm_campaign=imageinfo&utm_content=thumbnail,https://www.google.com/s2/favicons?domain=ccny.cuny.edu&sz=256,https://commons.wikimedia.org/wiki/File:CCNY_141-Convent_gate_jeh.JPG,https://www.ccny.cuny.edu/,"CUNY City College is a public institution in New York, NY. This LivingWiki brings together federal education data and current official sources for academics, admissions, costs, campus life, and outcomes.",campus-fallback-wikimedia,Public domain,CCNY 141-Convent gate jeh.JPG,1920,1440,2026-08-19T01:01:03.297Z
196291,00285300,SUNY Maritime College,Throggs Neck,NY,https://www.sunymaritime.edu/,Middle States Commission on Higher Education,Public,Graduate degree,40.807217,-73.795309,1285,0.7241,0.6439,0.8346,22367,95951,69.49,2026,286,us-doe-scorecard-featured-500-2026.1,https://collegescorecard.ed.gov/data/,2026-08-11T00:00:00.000Z,https://www.sunymaritime.edu/sites/default/files/2025-03/regiment_of_cadets.jpeg,https://www.google.com/s2/favicons?domain=sunymaritime.edu&sz=256,https://www.sunymaritime.edu/,https://www.sunymaritime.edu/,"SUNY Maritime College is a public institution in Throggs Neck, NY. This LivingWiki brings together federal education data and current official sources for academics, admissions, costs, campus life, and outcomes.",official-campus-fallback,,SUNY Maritime College | SUNY Maritime College,1620,1080,2026-08-19T00:21:29.734Z
236939,00380000,Washington State University,Pullman,WA,https://wsu.edu/,Northwest Commission on Colleges and Universities,Public,Graduate degree,46.730448,-117.158168,21099,0.8664,0.605,0.7834,14971,68905,69.43,2026,287,us-doe-scorecard-featured-500-2026.1,https://collegescorecard.ed.gov/data/,2026-08-11T00:00:00.000Z,https://s3.wp.wsu.edu/uploads/sites/625/2022/07/Campus-photo-12.jpg,https://www.google.com/s2/favicons?domain=wsu.edu&sz=256,https://wsu.edu/,https://wsu.edu/,"Washington State University is a public institution in Pullman, WA. This LivingWiki brings together federal education data and current official sources for academics, admissions, costs, campus life, and outcomes.",official-campus-fallback,,Washington State University | Washington State University,1727,620,2026-08-19T00:21:44.897Z
110617,00115000,California State University-Sacramento,Sacramento,CA,https://www.csus.edu/,Western Association of Schools and Colleges Senior Colleges and University Commission,Public,Graduate degree,38.559415,-121.423549,28350,0.9399,0.5629,0.8191,9338,64876,69.4,2026,288,us-doe-scorecard-featured-500-2026.1,https://collegescorecard.ed.gov/data/,2026-08-11T00:00:00.000Z,https://www.csus.edu/news/made/stories/2026/7/images/mass-matthew-osivwemu-oke-ap-7-26-25web.jpg,https://www.google.com/s2/favicons?domain=csus.edu&sz=256,https://www.csus.edu/,https://www.csus.edu/,"California State University-Sacramento is a public institution in Sacramento, CA. This LivingWiki brings together federal education data and current official sources for academics, admissions, costs, campus life, and outcomes.",official-campus-fallback,,"California State University, Sacramento | Sacramento State",1920,1280,2026-08-19T00:21:30.389Z
212197,00326200,Elizabethtown College,Elizabethtown,PA,https://www.etown.edu/,Middle States Commission on Higher Education,Private nonprofit,Graduate degree,40.149236,-76.593224,1868,0.7787,0.7617,0.8372,26598,62399,69.38,2026,289,us-doe-scorecard-featured-500-2026.1,https://collegescorecard.ed.gov/data/,2026-08-11T00:00:00.000Z,https://www.etown.edu/images/home/image-one.jpg,https://www.google.com/s2/favicons?domain=etown.edu&sz=256,https://www.etown.edu/,https://www.etown.edu/,"Elizabethtown College is a private nonprofit institution in Elizabethtown, PA. This LivingWiki brings together federal education data and current official sources for academics, admissions, costs, campus life, and outcomes.",official-campus-fallback,,Elizabethtown College | Find Your People. Forge Your Path.,800,533,2026-08-19T00:21:29.039Z
184348,00260300,Drew University,Madison,NJ,https://www.drew.edu/,Middle States Commission on Higher Education,Private nonprofit,Graduate degree,40.761829,-74.424584,1533,0.6783,0.7048,0.8837,24280,63646,69.35,2026,290,us-doe-scorecard-featured-500-2026.1,https://collegescorecard.ed.gov/data/,2026-08-11T00:00:00.000Z,https://upload.wikimedia.org/wikipedia/en/thumb/a/a5/Drew_University_shield.svg/250px-Drew_University_shield.svg.png?utm_source=en.wikipedia.org&utm_campaign=api&utm_content=thumbnail,https://www.google.com/s2/favicons?domain=drew.edu&sz=256,https://en.wikipedia.org/wiki/Drew_University,https://www.drew.edu/,"Drew University is a private nonprofit institution in Madison, NJ. This LivingWiki brings together federal education data and current official sources for academics, admissions, costs, campus life, and outcomes.",,,,,,
102049,00103600,Samford University,Birmingham,AL,https://www.samford.edu/,Southern Association of Colleges and Schools Commission on Colleges,Private nonprofit,Graduate degree,33.464128,-86.791799,4206,0.8236,0.7704,0.9287,32622,58469,69.28,2026,291,us-doe-scorecard-featured-500-2026.1,https://collegescorecard.ed.gov/data/,2026-08-11T00:00:00.000Z,https://www.samford.edu/images/banners/responsive/Chase-M.webp,https://www.google.com/s2/favicons?domain=samford.edu&sz=256,https://www.samford.edu/,https://www.samford.edu/,"Samford University is a private nonprofit institution in Birmingham, AL. This LivingWiki brings together federal education data and current official sources for academics, admissions, costs, campus life, and outcomes.",official-campus-fallback,,Samford University - Top-Ranked Private University,1080,1080,2026-08-19T00:21:34.382Z
193973,00278800,Niagara University,Niagara University,NY,https://www.niagara.edu/,Middle States Commission on Higher Education,Private nonprofit,Graduate degree,43.137279,-79.036689,2653,0.8737,0.7451,0.8038,17248,56196,69.22,2026,292,us-doe-scorecard-featured-500-2026.1,https://collegescorecard.ed.gov/data/,2026-08-11T00:00:00.000Z,https://www.niagara.edu/wp-content/uploads/2024/12/Aerial-View-of-the-NU-Campus-1.jpg,https://www.google.com/s2/favicons?domain=niagara.edu&sz=256,https://www.niagara.edu/future-students/admitted-students/,https://www.niagara.edu/,"Niagara University is a private nonprofit institution in Niagara University, NY. This LivingWiki brings together federal education data and current official sources for academics, admissions, costs, campus life, and outcomes.",official-campus-fallback,,Accepted Students | Niagara University,1200,722,2026-08-19T00:21:26.010Z
203368,00305000,John Carroll University,University Heights,OH,https://jcu.edu/,Higher Learning Commission,Private nonprofit,Graduate degree,41.490259,-81.531224,2274,0.809,0.7855,0.8288,28746,62860,69.21,2026,293,us-doe-scorecard-featured-500-2026.1,https://collegescorecard.ed.gov/data/,2026-08-11T00:00:00.000Z,https://jcu.edu/_global/_files/images/share.jpg,https://www.google.com/s2/favicons?domain=jcu.edu&sz=256,https://www.jcu.edu/admission-aid/visit,https://jcu.edu/,"John Carroll University is a private nonprofit institution in University Heights, OH. This LivingWiki brings together federal education data and current official sources for academics, admissions, costs, campus life, and outcomes.",official-campus-fallback,,Visit Our Vibrant Campus | John Carroll University,1200,630,2026-08-19T00:21:40.371Z
133553,00147900,Embry-Riddle Aeronautical University-Daytona Beach,Daytona Beach,FL,https://daytonabeach.erau.edu/,Southern Association of Colleges and Schools Commission on Colleges,Private nonprofit,Graduate degree,29.189903,-81.048367,7860,0.6481,0.6655,0.8806,41272,84131,69.2,2026,294,us-doe-scorecard-featured-500-2026.1,https://collegescorecard.ed.gov/data/,2026-08-11T00:00:00.000Z,https://upload.wikimedia.org/wikipedia/commons/6/69/Embry-Riddle-COA.JPG?utm_source=en.wikipedia.org&utm_campaign=api&utm_content=original,https://www.google.com/s2/favicons?domain=daytonabeach.erau.edu&sz=256,"https://en.wikipedia.org/wiki/Embry%E2%80%93Riddle_Aeronautical_University,_Daytona_Beach",https://daytonabeach.erau.edu/,"Embry-Riddle Aeronautical University-Daytona Beach is a private nonprofit institution in Daytona Beach, FL. This LivingWiki brings together federal education data and current official sources for academics, admissions, costs, campus life, and outcomes.",,,,,,
165662,00214600,Emerson College,Boston,MA,https://www.emerson.edu/,New England Commission on Higher Education,Private nonprofit,Graduate degree,42.352202,-71.065384,3870,0.5131,0.7711,0.8736,49180,62832,69.16,2026,295,us-doe-scorecard-featured-500-2026.1,https://collegescorecard.ed.gov/data/,2026-08-11T00:00:00.000Z,https://emerson.edu/wp-content/themes/emerson-college/public/share-image.jpg,https://www.google.com/s2/favicons?domain=emerson.edu&sz=256,https://emerson.edu/,https://www.emerson.edu/,"Emerson College is a private nonprofit institution in Boston, MA. This LivingWiki brings together federal education data and current official sources for academics, admissions, costs, campus life, and outcomes.",official-campus-fallback,,Emerson College,1200,630,2026-08-19T00:21:44.864Z
216764,00332800,West Chester University of Pennsylvania,West Chester,PA,https://www.wcupa.edu/,Middle States Commission on Higher Education,Public,Graduate degree,39.953398,-75.59812,14164,0.784,0.7051,0.8311,23331,61258,69.13,2026,296,us-doe-scorecard-featured-500-2026.1,https://collegescorecard.ed.gov/data/,2026-08-11T00:00:00.000Z,https://wcupa.edu/_resources/includes/brand/images/homePageImages/hpAcademics.jpg,https://www.google.com/s2/favicons?domain=wcupa.edu&sz=256,https://www.wcupa.edu/,https://www.wcupa.edu/,"West Chester University of Pennsylvania is a public institution in West Chester, PA. This LivingWiki brings together federal education data and current official sources for academics, admissions, costs, campus life, and outcomes.",official-campus-fallback,,West Chester University,998,665,2026-08-19T00:21:47.392Z
167783,00220800,Simmons University,Boston,MA,https://www.simmons.edu/,New England Commission on Higher Education,Private nonprofit,Graduate degree,42.3393,-71.099967,1670,0.6998,0.7234,0.8481,25265,63494,69.09,2026,297,us-doe-scorecard-featured-500-2026.1,https://collegescorecard.ed.gov/data/,2026-08-11T00:00:00.000Z,https://www.simmons.edu/sites/default/files/styles/1900x1088/public/2026-06/main-campus-building-cupola-blue-banner.jpg?h=ea3b6892&itok=pu0xnxqw,https://www.google.com/s2/favicons?domain=simmons.edu&sz=256,https://www.simmons.edu/,https://www.simmons.edu/,"Simmons University is a private nonprofit institution in Boston, MA. This LivingWiki brings together federal education data and current official sources for academics, admissions, costs, campus life, and outcomes.",official-campus-fallback,,Simmons University Homepage | Simmons University,1900,1088,2026-08-19T00:36:59.273Z
204024,00307700,Miami University-Oxford,Oxford,OH,https://miamioh.edu/,Higher Learning Commission,Public,Graduate degree,39.507757,-84.732954,16656,0.754,0.7979,0.9014,28384,55076,69.04,2026,298,us-doe-scorecard-featured-500-2026.1,https://collegescorecard.ed.gov/data/,2026-08-11T00:00:00.000Z,https://miamioh.edu/_home-files/images/2021/08/summer-sunset-crop.jpg,https://www.google.com/s2/favicons?domain=miamioh.edu&sz=256,https://miamioh.edu/,https://miamioh.edu/,"Miami University-Oxford is a public institution in Oxford, OH. This LivingWiki brings together federal education data and current official sources for academics, admissions, costs, campus life, and outcomes.",,,,,,
145646,00169600,Illinois Wesleyan University,Bloomington,IL,https://www.iwu.edu/,Higher Learning Commission,Private nonprofit,Bachelor degree,40.489901,-88.992014,1582,0.3931,0.747,0.8005,28199,70871,69,2026,299,us-doe-scorecard-featured-500-2026.1,https://collegescorecard.ed.gov/data/,2026-08-11T00:00:00.000Z,https://www.iwu.edu/_resources/images/college-tour-3a.jpg,https://www.google.com/s2/favicons?domain=iwu.edu&sz=256,https://www.iwu.edu/,https://www.iwu.edu/,"Illinois Wesleyan University is a private nonprofit institution in Bloomington, IL. This LivingWiki brings together federal education data and current official sources for academics, admissions, costs, campus life, and outcomes.",official-campus-fallback,,"Illinois Wesleyan University | Private Liberal Arts College in Bloomington, Illinois",960,484,2026-08-19T00:21:43.097Z
199218,00298400,University of North Carolina Wilmington,Wilmington,NC,https://www.uncw.edu/,Southern Association of Colleges and Schools Commission on Colleges,Public,Graduate degree,34.225223,-77.875527,14922,0.6424,0.7059,0.8816,20109,54967,68.99,2026,300,us-doe-scorecard-featured-500-2026.1,https://collegescorecard.ed.gov/data/,2026-08-11T00:00:00.000Z,https://www.uncw.edu/feature/uncwelcome/images/2025/2025-20250818-28960-inline.jpg,https://www.google.com/s2/favicons?domain=uncw.edu&sz=256,https://www.uncw.edu/,https://www.uncw.edu/,"University of North Carolina Wilmington is a public institution in Wilmington, NC. This LivingWiki brings together federal education data and current official sources for academics, admissions, costs, campus life, and outcomes.",official-campus-fallback,,University of North Carolina Wilmington | UNCW,1750,1167,2026-08-19T00:37:02.365Z
209065,00319800,Linfield University,McMinnville,OR,https://www.linfield.edu/,Northwest Commission on Colleges and Universities,Private nonprofit,Graduate degree,45.201173,-123.199642,1621,0.8517,0.7046,0.7971,26536,78638,68.98,2026,301,us-doe-scorecard-featured-500-2026.1,https://collegescorecard.ed.gov/data/,2026-08-11T00:00:00.000Z,https://upload.wikimedia.org/wikipedia/commons/thumb/c/c2/Linfield_College%2C_McMinnville_-_DPLA_-_1f7d4bb600a20341b816284d9379a1e1.jpg/1920px-Linfield_College%2C_McMinnville_-_DPLA_-_1f7d4bb600a20341b816284d9379a1e1.jpg?utm_source=commons.wikimedia.org&utm_campaign=imageinfo&utm_content=thumbnail,https://www.google.com/s2/favicons?domain=linfield.edu&sz=256,"https://commons.wikimedia.org/wiki/File:Linfield_College,_McMinnville_-_DPLA_-_1f7d4bb600a20341b816284d9379a1e1.jpg",https://www.linfield.edu/,"Linfield University is a private nonprofit institution in McMinnville, OR. This LivingWiki brings together federal education data and current official sources for academics, admissions, costs, campus life, and outcomes.",campus-fallback-wikimedia,CC BY 4.0,"Linfield College, McMinnville - DPLA - 1f7d4bb600a20341b816284d9379a1e1.jpg",1920,1282,2026-08-19T00:36:59.711Z
216366,01239300,Thomas Jefferson University,Philadelphia,PA,https://www.jefferson.edu/,Middle States Commission on Higher Education,Private nonprofit,Graduate degree,39.948274,-75.158266,3755,0.8097,0.6857,0.8246,28928,77449,68.95,2026,302,us-doe-scorecard-featured-500-2026.1,https://collegescorecard.ed.gov/data/,2026-08-11T00:00:00.000Z,https://www.jefferson.edu/index/_jcr_content/root/article/upper_iparsys/home_hero/backgroundImage.coreimg.82.1920.jpeg/1786970441184/skmc-white-coat-2026-5851-1280x853.jpeg,https://www.google.com/s2/favicons?domain=jefferson.edu&sz=256,https://www.jefferson.edu/,https://www.jefferson.edu/,"Thomas Jefferson University is a private nonprofit institution in Philadelphia, PA. This LivingWiki brings together federal education data and current official sources for academics, admissions, costs, campus life, and outcomes.",official-campus-fallback,,Thomas Jefferson University,1280,853,2026-08-19T00:21:46.127Z
181464,00256500,University of Nebraska-Lincoln,Lincoln,NE,https://www.unl.edu/,Higher Learning Commission,Public,Graduate degree,40.817598,-96.700508,19178,0.8749,0.6697,0.8599,17747,56887,68.92,2026,303,us-doe-scorecard-featured-500-2026.1,https://collegescorecard.ed.gov/data/,2026-08-11T00:00:00.000Z,https://upload.wikimedia.org/wikipedia/commons/thumb/b/b6/ENREEC_aerial_2026.jpg/1920px-ENREEC_aerial_2026.jpg?utm_source=commons.wikimedia.org&utm_campaign=imageinfo&utm_content=thumbnail,https://www.google.com/s2/favicons?domain=unl.edu&sz=256,https://commons.wikimedia.org/wiki/File:ENREEC_aerial_2026.jpg,https://www.unl.edu/,"University of Nebraska-Lincoln is a public institution in Lincoln, NE. This LivingWiki brings together federal education data and current official sources for academics, admissions, costs, campus life, and outcomes.",campus-fallback-wikimedia,CC0,ENREEC aerial 2026.jpg,1920,2560,2026-08-19T00:37:02.373Z
197869,00290600,Appalachian State University,Boone,NC,https://www.appstate.edu/,Southern Association of Colleges and Schools Commission on Colleges,Public,Graduate degree,36.215536,-81.680583,19444,0.9014,0.7453,0.8369,16836,51836,68.91,2026,304,us-doe-scorecard-featured-500-2026.1,https://collegescorecard.ed.gov/data/,2026-08-11T00:00:00.000Z,https://upload.wikimedia.org/wikipedia/commons/thumb/e/ef/Appalachian_State_University_-_8622243093.jpg/1920px-Appalachian_State_University_-_8622243093.jpg?utm_source=commons.wikimedia.org&utm_campaign=imageinfo&utm_content=thumbnail,https://www.google.com/s2/favicons?domain=appstate.edu&sz=256,https://commons.wikimedia.org/wiki/File:Appalachian_State_University_-_8622243093.jpg,https://www.appstate.edu/,"Appalachian State University is a public institution in Boone, NC. This LivingWiki brings together federal education data and current official sources for academics, admissions, costs, campus life, and outcomes.",campus-fallback-wikimedia,CC BY-SA 2.0,Appalachian State University - 8622243093.jpg,1920,1440,2026-08-19T01:01:01.434Z
126818,00135000,Colorado State University-Fort Collins,Fort Collins,CO,https://colostate.edu/,Higher Learning Commission,Public,Graduate degree,40.574805,-105.080732,25538,0.8854,0.6651,0.8589,21279,60543,68.89,2026,305,us-doe-scorecard-featured-500-2026.1,https://collegescorecard.ed.gov/data/,2026-08-11T00:00:00.000Z,https://upload.wikimedia.org/wikipedia/commons/thumb/f/f1/CSU_The_Oval.jpg/1920px-CSU_The_Oval.jpg?utm_source=commons.wikimedia.org&utm_campaign=imageinfo&utm_content=thumbnail,https://www.google.com/s2/favicons?domain=colostate.edu&sz=256,https://commons.wikimedia.org/wiki/File:CSU_The_Oval.jpg,https://colostate.edu/,"Colorado State University-Fort Collins is a public institution in Fort Collins, CO. This LivingWiki brings together federal education data and current official sources for academics, admissions, costs, campus life, and outcomes.",campus-fallback-wikimedia,CC BY-SA 3.0,CSU The Oval.jpg,1920,1080,2026-08-19T01:08:46.613Z
215743,00336600,Saint Francis University,Loretto,PA,https://www.francis.edu/,Middle States Commission on Higher Education,Private nonprofit,Graduate degree,40.506734,-78.63904,1557,0.7682,0.7439,0.8302,23526,62101,68.87,2026,306,us-doe-scorecard-featured-500-2026.1,https://collegescorecard.ed.gov/data/,2026-08-11T00:00:00.000Z,https://upload.wikimedia.org/wikipedia/commons/e/e7/Female_dorms_at_Saint_Francis_University.jpg?utm_source=commons.wikimedia.org&utm_campaign=imageinfo&utm_content=thumbnail_unscaled,https://www.google.com/s2/favicons?domain=francis.edu&sz=256,https://commons.wikimedia.org/wiki/File:Female_dorms_at_Saint_Francis_University.jpg,https://www.francis.edu/,"Saint Francis University is a private nonprofit institution in Loretto, PA. This LivingWiki brings together federal education data and current official sources for academics, admissions, costs, campus life, and outcomes.",campus-fallback-wikimedia,Public domain,Female dorms at Saint Francis University.jpg,1024,768,2026-08-19T00:21:46.271Z
168227,00222500,Wentworth Institute of Technology,Boston,MA,https://wit.edu/,New England Commission on Higher Education,Private nonprofit,Graduate degree,42.336632,-71.094983,3747,0.9121,0.6824,0.8376,34170,82721,68.84,2026,307,us-doe-scorecard-featured-500-2026.1,https://collegescorecard.ed.gov/data/,2026-08-11T00:00:00.000Z,https://upload.wikimedia.org/wikipedia/commons/thumb/6/64/Edward-Rogers_Hall_-_Wentworth_Institute_of_Technology_-_DSC09936.jpg/1920px-Edward-Rogers_Hall_-_Wentworth_Institute_of_Technology_-_DSC09936.jpg?utm_source=commons.wikimedia.org&utm_campaign=imageinfo&utm_content=thumbnail,https://www.google.com/s2/favicons?domain=wit.edu&sz=256,https://commons.wikimedia.org/wiki/File:Edward-Rogers_Hall_-_Wentworth_Institute_of_Technology_-_DSC09936.jpg,https://wit.edu/,"Wentworth Institute of Technology is a private nonprofit institution in Boston, MA. This LivingWiki brings together federal education data and current official sources for academics, admissions, costs, campus life, and outcomes.",campus-fallback-wikimedia,Public domain,Edward-Rogers Hall - Wentworth Institute of Technology - DSC09936.jpg,1920,1440,2026-08-19T00:37:01.282Z
164155,00210100,United States Naval Academy,Annapolis,MD,https://www.usna.edu/,NA,Public,Bachelor degree,38.980507,-76.481692,4474,0.0927,0.9294,0.9732,,,68.8,2026,308,us-doe-scorecard-featured-500-2026.1,https://collegescorecard.ed.gov/data/,2026-08-11T00:00:00.000Z,https://www.usna.edu/_files/images/homepage/NewsSlider/iday2026square.jpg,https://www.google.com/s2/favicons?domain=usna.edu&sz=256,https://www.usna.edu/homepage.php,https://www.usna.edu/,"United States Naval Academy is a public institution in Annapolis, MD. This LivingWiki brings together federal education data and current official sources for academics, admissions, costs, campus life, and outcomes.",official-campus-fallback,,USNA Home :: Leaders to Serve the Nation :: USNA,800,800,2026-08-19T00:37:00.063Z
159948,00201900,New Orleans Baptist Theological Seminary,New Orleans,LA,https://www.nobts.edu/,Southern Association of Colleges and Schools Commission on Colleges,Private nonprofit,Graduate degree,30.004336,-90.043439,865,,0.7391,0.92,10829,,68.77,2026,309,us-doe-scorecard-featured-500-2026.1,https://collegescorecard.ed.gov/data/,2026-08-11T00:00:00.000Z,https://www.nobts.edu/news/articles/Admiral-Christian-resized.jpg,https://www.google.com/s2/favicons?domain=nobts.edu&sz=256,https://www.nobts.edu/student-services/default.html,https://www.nobts.edu/,"New Orleans Baptist Theological Seminary is a private nonprofit institution in New Orleans, LA. This LivingWiki brings together federal education data and current official sources for academics, admissions, costs, campus life, and outcomes.",official-campus-fallback,,NOBTS - Spiritual Formation & Student Life,1920,1280,2026-08-19T00:21:58.829Z
238458,00383800,Carroll University,Waukesha,WI,https://www.carrollu.edu/,Higher Learning Commission,Private nonprofit,Graduate degree,43.004527,-88.228114,2523,0.6684,0.707,0.7825,15193,58009,68.76,2026,310,us-doe-scorecard-featured-500-2026.1,https://collegescorecard.ed.gov/data/,2026-08-11T00:00:00.000Z,https://upload.wikimedia.org/wikipedia/commons/thumb/2/2a/Carroll_University_Campus_%2820_October_2023%29_10.jpg/1920px-Carroll_University_Campus_%2820_October_2023%29_10.jpg?utm_source=commons.wikimedia.org&utm_campaign=imageinfo&utm_content=thumbnail,https://www.google.com/s2/favicons?domain=carrollu.edu&sz=256,https://commons.wikimedia.org/wiki/File:Carroll_University_Campus_(20_October_2023)_10.jpg,https://www.carrollu.edu/,"Carroll University is a private nonprofit institution in Waukesha, WI. This LivingWiki brings together federal education data and current official sources for academics, admissions, costs, campus life, and outcomes.",campus-fallback-wikimedia,CC BY-SA 4.0,Carroll University Campus (20 October 2023) 10.jpg,1920,1280,2026-08-19T00:36:58.646Z
204501,00308600,Oberlin College,Oberlin,OH,https://www.oberlin.edu/,Higher Learning Commission,Private nonprofit,Graduate degree,41.291992,-82.216795,2887,0.3418,0.8089,0.91,38645,58343,68.53,2026,311,us-doe-scorecard-featured-500-2026.1,https://collegescorecard.ed.gov/data/,2026-08-11T00:00:00.000Z,https://upload.wikimedia.org/wikipedia/commons/thumb/d/d4/Oberlin_College_-_Cox_Administration_Building.jpg/1920px-Oberlin_College_-_Cox_Administration_Building.jpg?utm_source=commons.wikimedia.org&utm_campaign=imageinfo&utm_content=thumbnail,https://www.google.com/s2/favicons?domain=oberlin.edu&sz=256,https://commons.wikimedia.org/wiki/File:Oberlin_College_-_Cox_Administration_Building.jpg,https://www.oberlin.edu/,"Oberlin College is a private nonprofit institution in Oberlin, OH. This LivingWiki brings together federal education data and current official sources for academics, admissions, costs, campus life, and outcomes.",campus-fallback-wikimedia,Public domain,Oberlin College - Cox Administration Building.jpg,1920,1440,2026-08-19T00:36:58.851Z
209056,00319700,Lewis & Clark College,Portland,OR,https://www.lclark.edu/,Northwest Commission on Colleges and Universities,Private nonprofit,Graduate degree,45.450882,-122.669137,2120,0.7849,0.7536,0.8881,36013,62205,68.51,2026,312,us-doe-scorecard-featured-500-2026.1,https://collegescorecard.ed.gov/data/,2026-08-11T00:00:00.000Z,https://upload.wikimedia.org/wikipedia/commons/thumb/9/92/Lewis_%26_Clark_College%2C_2017_-_13.jpg/1920px-Lewis_%26_Clark_College%2C_2017_-_13.jpg?utm_source=commons.wikimedia.org&utm_campaign=imageinfo&utm_content=thumbnail,https://www.google.com/s2/favicons?domain=lclark.edu&sz=256,"https://commons.wikimedia.org/wiki/File:Lewis_%26_Clark_College,_2017_-_13.jpg",https://www.lclark.edu/,"Lewis & Clark College is a private nonprofit institution in Portland, OR. This LivingWiki brings together federal education data and current official sources for academics, admissions, costs, campus life, and outcomes.",campus-fallback-wikimedia,CC BY-SA 4.0,"Lewis & Clark College, 2017 - 13.jpg",1920,1440,2026-08-19T00:36:58.774Z
163851,00209100,Salisbury University,Salisbury,MD,https://www.salisbury.edu/,Middle States Commission on Higher Education,Public,Graduate degree,38.34648,-75.604815,6057,0.8747,0.6815,0.7766,17743,61515,68.46,2026,313,us-doe-scorecard-featured-500-2026.1,https://collegescorecard.ed.gov/data/,2026-08-11T00:00:00.000Z,https://upload.wikimedia.org/wikipedia/commons/thumb/3/37/CNU_Captains_Classic_Track_and_Field_combined_events_Newport_News_Va._%2826453105526%29.jpg/1920px-CNU_Captains_Classic_Track_and_Field_combined_events_Newport_News_Va._%2826453105526%29.jpg?utm_source=commons.wikimedia.org&utm_campaign=imageinfo&utm_content=thumbnail,https://www.google.com/s2/favicons?domain=salisbury.edu&sz=256,https://commons.wikimedia.org/wiki/File:CNU_Captains_Classic_Track_and_Field_combined_events_Newport_News_Va._(26453105526).jpg,https://www.salisbury.edu/,"Salisbury University is a public institution in Salisbury, MD. This LivingWiki brings together federal education data and current official sources for academics, admissions, costs, campus life, and outcomes.",campus-fallback-wikimedia,CC BY 2.0,CNU Captains Classic Track and Field combined events Newport News Va. (26453105526).jpg,1920,1953,2026-08-19T00:37:01.944Z
200217,00299200,University of Mary,Bismarck,ND,https://www.umary.edu/,Higher Learning Commission,Private nonprofit,Graduate degree,46.723767,-100.75274,2416,0.753,0.666,0.8354,17770,60909,68.41,2026,314,us-doe-scorecard-featured-500-2026.1,https://collegescorecard.ed.gov/data/,2026-08-11T00:00:00.000Z,https://upload.wikimedia.org/wikipedia/commons/0/04/Lumen-Vitae-Entrance-Hero.jpg?utm_source=en.wikipedia.org&utm_campaign=api&utm_content=thumbnail_unscaled,https://www.google.com/s2/favicons?domain=umary.edu&sz=256,https://en.wikipedia.org/wiki/University_of_Mary,https://www.umary.edu/,"University of Mary is a private nonprofit institution in Bismarck, ND. This LivingWiki brings together federal education data and current official sources for academics, admissions, costs, campus life, and outcomes.",,,,,,
110556,00114700,California State University-Fresno,Fresno,CA,https://www.fresnostate.edu/,Western Association of Schools and Colleges Senior Colleges and University Commission,Public,Graduate degree,36.811154,-119.744569,21605,0.9526,0.5696,0.8157,7000,61244,68.38,2026,315,us-doe-scorecard-featured-500-2026.1,https://collegescorecard.ed.gov/data/,2026-08-11T00:00:00.000Z,https://upload.wikimedia.org/wikipedia/commons/thumb/c/cc/CSU_Fresno_Nima_04.JPG/1920px-CSU_Fresno_Nima_04.JPG?utm_source=commons.wikimedia.org&utm_campaign=imageinfo&utm_content=thumbnail,https://www.google.com/s2/favicons?domain=fresnostate.edu&sz=256,https://commons.wikimedia.org/wiki/File:CSU_Fresno_Nima_04.JPG,https://www.fresnostate.edu/,"California State University-Fresno is a public institution in Fresno, CA. This LivingWiki brings together federal education data and current official sources for academics, admissions, costs, campus life, and outcomes.",campus-fallback-wikimedia,CC BY-SA 3.0,CSU Fresno Nima 04.JPG,1920,2220,2026-08-19T00:36:59.534Z
185590,00261700,Montclair State University,Montclair,NJ,https://www.montclair.edu/,Middle States Commission on Higher Education,Public,Graduate degree,40.860414,-74.198141,18376,0.8789,0.6466,0.7789,15566,61415,68.3,2026,316,us-doe-scorecard-featured-500-2026.1,https://collegescorecard.ed.gov/data/,2026-08-11T00:00:00.000Z,https://upload.wikimedia.org/wikipedia/commons/thumb/3/3c/Montclair_State_University_%2812550215195%29.jpg/1920px-Montclair_State_University_%2812550215195%29.jpg?utm_source=commons.wikimedia.org&utm_campaign=imageinfo&utm_content=thumbnail,https://www.google.com/s2/favicons?domain=montclair.edu&sz=256,https://commons.wikimedia.org/wiki/File:Montclair_State_University_(12550215195).jpg,https://www.montclair.edu/,"Montclair State University is a public institution in Montclair, NJ. This LivingWiki brings together federal education data and current official sources for academics, admissions, costs, campus life, and outcomes.",campus-fallback-wikimedia,CC BY-SA 2.0,Montclair State University (12550215195).jpg,1920,1433,2026-08-19T00:37:01.467Z
144740,00167100,DePaul University,Chicago,IL,https://www.depaul.edu/,Higher Learning Commission,Private nonprofit,Graduate degree,41.877618,-87.62724,14090,0.7589,0.678,0.855,30902,68751,68.29,2026,317,us-doe-scorecard-featured-500-2026.1,https://collegescorecard.ed.gov/data/,2026-08-11T00:00:00.000Z,https://upload.wikimedia.org/wikipedia/commons/thumb/e/e5/DePaul_Center%2C_DePaul_University_Loop_Campus%2C_Chicago%2C_Illinois_%289181553724%29.jpg/1920px-DePaul_Center%2C_DePaul_University_Loop_Campus%2C_Chicago%2C_Illinois_%289181553724%29.jpg?utm_source=commons.wikimedia.org&utm_campaign=imageinfo&utm_content=thumbnail,https://www.google.com/s2/favicons?domain=depaul.edu&sz=256,"https://commons.wikimedia.org/wiki/File:DePaul_Center,_DePaul_University_Loop_Campus,_Chicago,_Illinois_(9181553724).jpg",https://www.depaul.edu/,"DePaul University is a private nonprofit institution in Chicago, IL. This LivingWiki brings together federal education data and current official sources for academics, admissions, costs, campus life, and outcomes.",campus-fallback-wikimedia,CC BY-SA 2.0,"DePaul Center, DePaul University Loop Campus, Chicago, Illinois (9181553724).jpg",1920,2560,2026-08-19T00:36:59.126Z
100706,00105500,University of Alabama in Huntsville,Huntsville,AL,https://www.uah.edu/,Southern Association of Colleges and Schools Commission on Colleges,Public,Graduate degree,34.724557,-86.640449,6591,0.6857,0.6429,0.8425,18796,61767,68.26,2026,318,us-doe-scorecard-featured-500-2026.1,https://collegescorecard.ed.gov/data/,2026-08-11T00:00:00.000Z,https://www.uah.edu/socialImages/UAH_white-blue-og.jpg,https://www.google.com/s2/favicons?domain=uah.edu&sz=256,https://www.uah.edu/admissions/undergraduate/discover-uah,https://www.uah.edu/,"University of Alabama in Huntsville is a public institution in Huntsville, AL. This LivingWiki brings together federal education data and current official sources for academics, admissions, costs, campus life, and outcomes.",official-campus-fallback,,UAH | Admission & Aid | Undergraduate Admission | Discover UAH | The University of Alabama in Huntsville,1355,719,2026-08-19T00:37:03.589Z
200332,00299700,North Dakota State University-Main Campus,Fargo,ND,https://www.ndsu.edu/,Higher Learning Commission,Public,Graduate degree,46.893127,-96.800838,9471,0.9496,0.6389,0.7842,15543,62203,68.15,2026,319,us-doe-scorecard-featured-500-2026.1,https://collegescorecard.ed.gov/data/,2026-08-11T00:00:00.000Z,https://www.ndsu.edu/sites/default/files/styles/paragraph_banner_default_xlarge/public/2026-01/250509-students-downtown-3_0.jpg.webp?itok=v5PDrJMo&cb=1200-900,https://www.google.com/s2/favicons?domain=ndsu.edu&sz=256,https://www.ndsu.edu/,https://www.ndsu.edu/,"North Dakota State University-Main Campus is a public institution in Fargo, ND. This LivingWiki brings together federal education data and current official sources for academics, admissions, costs, campus life, and outcomes.",official-campus-fallback,,NDSU - North Dakota State University,2560,1000,2026-08-19T00:37:04.049Z
179043,00249900,Rockhurst University,Kansas City,MO,https://www.rockhurst.edu/,Higher Learning Commission,Private nonprofit,Graduate degree,39.032318,-94.573003,1580,0.6959,0.7456,0.7912,25884,67102,68.14,2026,320,us-doe-scorecard-featured-500-2026.1,https://collegescorecard.ed.gov/data/,2026-08-11T00:00:00.000Z,https://upload.wikimedia.org/wikipedia/commons/9/99/Rockhurst_University_Kansas_City_MO.jpg?utm_source=commons.wikimedia.org&utm_campaign=imageinfo&utm_content=thumbnail_unscaled,https://www.google.com/s2/favicons?domain=rockhurst.edu&sz=256,https://commons.wikimedia.org/wiki/File:Rockhurst_University_Kansas_City_MO.jpg,https://www.rockhurst.edu/,"Rockhurst University is a private nonprofit institution in Kansas City, MO. This LivingWiki brings together federal education data and current official sources for academics, admissions, costs, campus life, and outcomes.",campus-fallback-wikimedia,Public domain,Rockhurst University Kansas City MO.jpg,1275,857,2026-08-19T00:37:03.944Z
219000,00345800,Augustana University,Sioux Falls,SD,https://www.augie.edu/,Higher Learning Commission,Private nonprofit,Graduate degree,43.525148,-96.736975,1965,0.6775,0.7297,0.8612,23894,59217,68.1,2026,321,us-doe-scorecard-featured-500-2026.1,https://collegescorecard.ed.gov/data/,2026-08-11T00:00:00.000Z,https://upload.wikimedia.org/wikipedia/commons/e/e9/Administration_Building_Augustana_1.jpg?utm_source=commons.wikimedia.org&utm_campaign=imageinfo&utm_content=thumbnail_unscaled,https://www.google.com/s2/favicons?domain=augie.edu&sz=256,https://commons.wikimedia.org/wiki/File:Administration_Building_Augustana_1.jpg,https://www.augie.edu/,"Augustana University is a private nonprofit institution in Sioux Falls, SD. This LivingWiki brings together federal education data and current official sources for academics, admissions, costs, campus life, and outcomes.",campus-fallback-wikimedia,CC BY-SA 3.0,Administration Building Augustana 1.jpg,1747,1169,2026-08-19T00:37:05.732Z
197735,01302700,Yeshivath Viznitz,Monsey,NY,https://yeshivathviznitz.com/,Association of Advanced Rabbinical and Talmudic Schools,Private nonprofit,Bachelor degree,41.114682,-74.070243,1159,,0.6932,0.9591,8929,,68.09,2026,322,us-doe-scorecard-featured-500-2026.1,https://collegescorecard.ed.gov/data/,2026-08-11T00:00:00.000Z,"https://img1.wsimg.com/isteam/ip/1c7e1d31-6d53-47be-9233-392312a7611a/15%20Elyon%20Rd.jpg/:/cr=t:5.36%25,l:5.36%25,w:89.29%25,h:89.29%25/rs=w:1200,cg:true,m",https://www.google.com/s2/favicons?domain=yeshivathviznitz.com&sz=256,https://yeshivathviznitz.org/,https://yeshivathviznitz.com/,"Yeshivath Viznitz is a private nonprofit institution in Monsey, NY. This LivingWiki brings together federal education data and current official sources for academics, admissions, costs, campus life, and outcomes.",official-manual-campus-override,,Yeshivath Viznitz at 15 Elyon Road,1200,402,2026-08-19T01:16:59.209Z
168740,00223800,Andrews University,Berrien Springs,MI,https://www.andrews.edu/,Higher Learning Commission,Private nonprofit,Graduate degree,41.963859,-86.355815,1224,0.8185,0.7153,0.8321,12547,53187,67.97,2026,323,us-doe-scorecard-featured-500-2026.1,https://collegescorecard.ed.gov/data/,2026-08-11T00:00:00.000Z,https://upload.wikimedia.org/wikipedia/commons/8/8f/Andrews_University_Welcome_Center.jpg?utm_source=en.wikipedia.org&utm_campaign=api&utm_content=thumbnail_unscaled,https://www.google.com/s2/favicons?domain=andrews.edu&sz=256,https://en.wikipedia.org/wiki/Andrews_University,https://www.andrews.edu/,"Andrews University is a private nonprofit institution in Berrien Springs, MI. This LivingWiki brings together federal education data and current official sources for academics, admissions, costs, campus life, and outcomes.",,,,,,
174233,00238800,University of Minnesota-Duluth,Duluth,MN,https://d.umn.edu/,Higher Learning Commission,Public,Graduate degree,46.817126,-92.084385,7336,0.8875,0.6472,0.8114,18743,62616,67.88,2026,324,us-doe-scorecard-featured-500-2026.1,https://collegescorecard.ed.gov/data/,2026-08-11T00:00:00.000Z,https://d.umn.edu/sites/d.umn.edu/files/styles/scale_1000px/public/2025-07/three-students_social-image.jpg?itok=NOgufzYR,https://www.google.com/s2/favicons?domain=d.umn.edu&sz=256,https://d.umn.edu/,https://d.umn.edu/,"University of Minnesota-Duluth is a public institution in Duluth, MN. This LivingWiki brings together federal education data and current official sources for academics, admissions, costs, campus life, and outcomes.",official-campus-fallback,,University of Minnesota Duluth,1000,525,2026-08-19T00:37:30.186Z
231712,00370600,Christopher Newport University,Newport News,VA,https://cnu.edu/,Southern Association of Colleges and Schools Commission on Colleges,Public,Graduate degree,37.062495,-76.494364,4365,0.8604,0.7164,0.8124,23015,60509,67.83,2026,325,us-doe-scorecard-featured-500-2026.1,https://collegescorecard.ed.gov/data/,2026-08-11T00:00:00.000Z,https://cnu.edu/_images/events/block-party-2023-1270x564.jpg,https://www.google.com/s2/favicons?domain=cnu.edu&sz=256,https://cnu.edu/,https://cnu.edu/,"Christopher Newport University is a public institution in Newport News, VA. This LivingWiki brings together federal education data and current official sources for academics, admissions, costs, campus life, and outcomes.",official-campus-fallback,,Christopher Newport University | Christopher Newport University,1270,564,2026-08-19T00:37:30.467Z
190594,00268900,CUNY Hunter College,New York,NY,https://www.hunter.cuny.edu/,Middle States Commission on Higher Education,Public,Graduate degree,40.768669,-73.964795,16289,0.538,0.5686,0.7765,2984,63163,67.68,2026,326,us-doe-scorecard-featured-500-2026.1,https://collegescorecard.ed.gov/data/,2026-08-11T00:00:00.000Z,https://hunter.cuny.edu/wp-content/uploads/68th-street-subway.jpg,https://www.google.com/s2/favicons?domain=hunter.cuny.edu&sz=256,https://www.hunter.cuny.edu/students/,https://www.hunter.cuny.edu/,"CUNY Hunter College is a public institution in New York, NY. This LivingWiki brings together federal education data and current official sources for academics, admissions, costs, campus life, and outcomes.",official-campus-fallback,,"Student Resources, Services and Information | Hunter College",1600,900,2026-08-19T00:37:29.292Z
173160,00905800,Bethel University,Saint Paul,MN,https://www.bethel.edu/,Higher Learning Commission,Private nonprofit,Graduate degree,45.057655,-93.161663,1871,0.878,0.7138,0.8571,28556,63764,67.66,2026,327,us-doe-scorecard-featured-500-2026.1,https://collegescorecard.ed.gov/data/,2026-08-11T00:00:00.000Z,https://www.bethel.edu/_shared-content/images/social-sharing/social-sharing-image.png,https://www.google.com/s2/favicons?domain=bethel.edu&sz=256,https://www.bethel.edu/,https://www.bethel.edu/,"Bethel University is a private nonprofit institution in Saint Paul, MN. This LivingWiki brings together federal education data and current official sources for academics, admissions, costs, campus life, and outcomes.",,,,,,
124292,02358000,Thomas Aquinas College,Santa Paula,CA,https://thomasaquinas.edu/,Western Association of Schools and Colleges Senior Colleges and University Commission,Private nonprofit,Bachelor degree,34.429009,-119.087141,566,0.8309,0.843,0.9161,26196,55619,67.63,2026,328,us-doe-scorecard-featured-500-2026.1,https://collegescorecard.ed.gov/data/,2026-08-11T00:00:00.000Z,https://upload.wikimedia.org/wikipedia/commons/d/d7/Thomas_Aquinas_Chapel_Facade_2.jpg?utm_source=commons.wikimedia.org&utm_campaign=imageinfo&utm_content=thumbnail_unscaled,https://www.google.com/s2/favicons?domain=thomasaquinas.edu&sz=256,https://commons.wikimedia.org/wiki/File:Thomas_Aquinas_Chapel_Facade_2.jpg,https://thomasaquinas.edu/,"Thomas Aquinas College is a private nonprofit institution in Santa Paula, CA. This LivingWiki brings together federal education data and current official sources for academics, admissions, costs, campus life, and outcomes.",campus-fallback-wikimedia,CC BY 3.0,Thomas Aquinas Chapel Facade 2.jpg,1346,1500,2026-08-19T00:37:04.221Z
168281,00222700,Wheaton College (Massachusetts),Norton,MA,https://www.wheatoncollege.edu/,New England Commission on Higher Education,Private nonprofit,Bachelor degree,41.966637,-71.183979,1773,0.6773,0.7282,0.8218,29822,67725,67.61,2026,329,us-doe-scorecard-featured-500-2026.1,https://collegescorecard.ed.gov/data/,2026-08-11T00:00:00.000Z,https://upload.wikimedia.org/wikipedia/commons/thumb/7/7a/Wallace_Library%2C_Wheaton_College%2C_Massachusetts.jpg/1920px-Wallace_Library%2C_Wheaton_College%2C_Massachusetts.jpg?utm_source=commons.wikimedia.org&utm_campaign=imageinfo&utm_content=thumbnail,https://www.google.com/s2/favicons?domain=wheatoncollege.edu&sz=256,"https://commons.wikimedia.org/wiki/File:Wallace_Library,_Wheaton_College,_Massachusetts.jpg",https://www.wheatoncollege.edu/,"Wheaton College (Massachusetts) is a private nonprofit institution in Norton, MA. This LivingWiki brings together federal education data and current official sources for academics, admissions, costs, campus life, and outcomes.",campus-fallback-wikimedia,CC BY-SA 4.0,"Wallace Library, Wheaton College, Massachusetts.jpg",1920,1440,2026-08-19T00:37:06.164Z
200280,00300500,University of North Dakota,Grand Forks,ND,https://und.edu/,Higher Learning Commission,Public,Graduate degree,47.921654,-97.071738,9981,0.769,0.6048,0.8402,18551,63552,67.56,2026,330,us-doe-scorecard-featured-500-2026.1,https://collegescorecard.ed.gov/data/,2026-08-11T00:00:00.000Z,https://und.edu/_files/images/social-meta/og-und.jpg,https://www.google.com/s2/favicons?domain=und.edu&sz=256,https://und.edu/admissions/request-info-form.html,https://und.edu/,"University of North Dakota is a public institution in Grand Forks, ND. This LivingWiki brings together federal education data and current official sources for academics, admissions, costs, campus life, and outcomes.",official-campus-fallback,,Request More Information | University of North Dakota,1200,630,2026-08-19T00:37:24.364Z
145813,00169200,Illinois State University,Normal,IL,https://illinoisstate.edu/,Higher Learning Commission,Public,Graduate degree,40.509403,-88.990058,19057,0.8815,0.6454,0.8144,19398,62117,67.55,2026,331,us-doe-scorecard-featured-500-2026.1,https://collegescorecard.ed.gov/data/,2026-08-11T00:00:00.000Z,https://cdn.illinoisstate.edu/web/meta/home/homepage.jpg,https://www.google.com/s2/favicons?domain=illinoisstate.edu&sz=256,https://illinoisstate.edu/,https://illinoisstate.edu/,"Illinois State University is a public institution in Normal, IL. This LivingWiki brings together federal education data and current official sources for academics, admissions, costs, campus life, and outcomes.",official-campus-fallback,,Illinois State University - Illinois’ first public university,1200,628,2026-08-19T00:37:34.909Z
152600,00184200,Valparaiso University,Valparaiso,IN,https://www.valpo.edu/,Higher Learning Commission,Private nonprofit,Graduate degree,41.462239,-87.040172,2083,0.8943,0.7037,0.754,18578,63191,67.54,2026,332,us-doe-scorecard-featured-500-2026.1,https://collegescorecard.ed.gov/data/,2026-08-11T00:00:00.000Z,https://www.valpo.edu/wp-content/uploads/2025/06/campus_shot_desktop.webp,https://www.google.com/s2/favicons?domain=valpo.edu&sz=256,https://www.valpo.edu/,https://www.valpo.edu/,"Valparaiso University is a private nonprofit institution in Valparaiso, IN. This LivingWiki brings together federal education data and current official sources for academics, admissions, costs, campus life, and outcomes.",official-campus-fallback,,Valparaiso University,1000,563,2026-08-19T00:37:29.745Z
178059,00248200,Maryville University of Saint Louis,Saint Louis,MO,https://www.maryville.edu/,Higher Learning Commission,Private nonprofit,Graduate degree,38.644774,-90.505998,5658,0.9508,0.6622,0.8467,22066,62105,67.48,2026,333,us-doe-scorecard-featured-500-2026.1,https://collegescorecard.ed.gov/data/,2026-08-11T00:00:00.000Z,https://www.maryville.edu/wp-content/uploads/2025/12/engage02-800x502-1.jpg,https://www.google.com/s2/favicons?domain=maryville.edu&sz=256,https://www.maryville.edu/,https://www.maryville.edu/,"Maryville University of Saint Louis is a private nonprofit institution in Saint Louis, MO. This LivingWiki brings together federal education data and current official sources for academics, admissions, costs, campus life, and outcomes.",official-campus-fallback,,"Maryville University | St. Louis, Missouri | Maryville University",800,502,2026-08-19T00:37:08.917Z
171137,00232600,University of Michigan-Dearborn,Dearborn,MI,https://umdearborn.edu/,Higher Learning Commission,Public,Graduate degree,42.317287,-83.231417,5952,0.5561,0.5798,0.8249,9492,59649,67.44,2026,334,us-doe-scorecard-featured-500-2026.1,https://collegescorecard.ed.gov/data/,2026-08-11T00:00:00.000Z,https://upload.wikimedia.org/wikipedia/commons/thumb/0/06/UniversityofMichDearbornProfEd.jpg/1920px-UniversityofMichDearbornProfEd.jpg?utm_source=commons.wikimedia.org&utm_campaign=imageinfo&utm_content=thumbnail,https://www.google.com/s2/favicons?domain=umdearborn.edu&sz=256,https://commons.wikimedia.org/wiki/File:UniversityofMichDearbornProfEd.jpg,https://umdearborn.edu/,"University of Michigan-Dearborn is a public institution in Dearborn, MI. This LivingWiki brings together federal education data and current official sources for academics, admissions, costs, campus life, and outcomes.",campus-fallback-wikimedia,CC BY 3.0,UniversityofMichDearbornProfEd.jpg,1920,1285,2026-08-19T01:01:04.251Z
128328,00136900,United States Air Force Academy,USAF Academy,CO,https://www.usafa.edu/,Higher Learning Commission,Public,Bachelor degree,39.010957,-104.891358,4114,0.1409,0.8751,0.9655,,,67.43,2026,335,us-doe-scorecard-featured-500-2026.1,https://collegescorecard.ed.gov/data/,2026-08-11T00:00:00.000Z,https://upload.wikimedia.org/wikipedia/commons/thumb/e/ec/US-AirForceAcademy-Shield.svg/960px-US-AirForceAcademy-Shield.svg.png?utm_source=en.wikipedia.org&utm_campaign=api&utm_content=thumbnail,https://www.google.com/s2/favicons?domain=usafa.edu&sz=256,https://en.wikipedia.org/wiki/United_States_Air_Force_Academy,https://www.usafa.edu/,"United States Air Force Academy is a public institution in USAF Academy, CO. This LivingWiki brings together federal education data and current official sources for academics, admissions, costs, campus life, and outcomes.",,,,,,
131520,00144800,Howard University,Washington,DC,https://www.howard.edu/,Middle States Commission on Higher Education,Private nonprofit,Graduate degree,38.922392,-77.018966,10108,0.4134,0.6996,0.9088,50539,63066,67.36,2026,336,us-doe-scorecard-featured-500-2026.1,https://collegescorecard.ed.gov/data/,2026-08-11T00:00:00.000Z,https://howard.edu/sites/home.howard.edu/files/2026-04/commencement_parallax1285x600.jpg,https://www.google.com/s2/favicons?domain=howard.edu&sz=256,https://howard.edu/,https://www.howard.edu/,"Howard University is a private nonprofit institution in Washington, DC. This LivingWiki brings together federal education data and current official sources for academics, admissions, costs, campus life, and outcomes.",official-campus-fallback,,Howard University Home | Excellence in Truth and Service,1285,602,2026-08-19T00:37:44.994Z
188429,00266600,Adelphi University,Garden City,NY,https://www.adelphi.edu/,Middle States Commission on Higher Education,Private nonprofit,Graduate degree,40.721439,-73.653321,5276,0.6591,0.6715,0.8286,30783,75482,67.35,2026,337,us-doe-scorecard-featured-500-2026.1,https://collegescorecard.ed.gov/data/,2026-08-11T00:00:00.000Z,https://www.adelphi.edu/wp-content/uploads/2020/06/Adelphi-campus-1-1024x684.jpg,https://www.google.com/s2/favicons?domain=adelphi.edu&sz=256,https://www.adelphi.edu/news/,https://www.adelphi.edu/,"Adelphi University is a private nonprofit institution in Garden City, NY. This LivingWiki brings together federal education data and current official sources for academics, admissions, costs, campus life, and outcomes.",official-campus-fallback,,News | Adelphi University,1024,684,2026-08-19T00:37:30.341Z
186584,00263200,Seton Hall University,South Orange,NJ,https://www.shu.edu/,Middle States Commission on Higher Education,Private nonprofit,Graduate degree,40.742336,-74.246027,6036,0.7326,0.6949,0.8145,31446,70196,67.26,2026,338,us-doe-scorecard-featured-500-2026.1,https://collegescorecard.ed.gov/data/,2026-08-11T00:00:00.000Z,https://www.shu.edu/images/stem-magazine-feature-1280x660.jpg,https://www.google.com/s2/favicons?domain=shu.edu&sz=256,https://www.shu.edu/,https://www.shu.edu/,"Seton Hall University is a private nonprofit institution in South Orange, NJ. This LivingWiki brings together federal education data and current official sources for academics, admissions, costs, campus life, and outcomes.",official-campus-fallback,,Seton Hall University (SHU) - Seton Hall University,1280,660,2026-08-19T00:37:16.461Z
123572,00115600,Sonoma State University,Rohnert Park,CA,https://sonoma.edu/,Western Association of Schools and Colleges Senior Colleges and University Commission,Public,Graduate degree,38.340274,-122.677066,5166,0.9343,0.5759,0.792,12885,65986,67.25,2026,339,us-doe-scorecard-featured-500-2026.1,https://collegescorecard.ed.gov/data/,2026-08-11T00:00:00.000Z,https://upload.wikimedia.org/wikipedia/commons/thumb/c/c5/GreenMusicCenterPICT2873.JPG/1920px-GreenMusicCenterPICT2873.JPG?utm_source=commons.wikimedia.org&utm_campaign=imageinfo&utm_content=thumbnail,https://www.google.com/s2/favicons?domain=sonoma.edu&sz=256,https://commons.wikimedia.org/wiki/File:GreenMusicCenterPICT2873.JPG,https://sonoma.edu/,"Sonoma State University is a public institution in Rohnert Park, CA. This LivingWiki brings together federal education data and current official sources for academics, admissions, costs, campus life, and outcomes.",campus-fallback-wikimedia,Public domain,GreenMusicCenterPICT2873.JPG,1920,1440,2026-08-19T01:01:02.236Z
232681,00374600,University of Mary Washington,Fredericksburg,VA,https://www.umw.edu/,Southern Association of Colleges and Schools Commission on Colleges,Public,Graduate degree,38.302492,-77.476055,3566,0.7978,0.6641,0.844,20667,60613,67.24,2026,340,us-doe-scorecard-featured-500-2026.1,https://collegescorecard.ed.gov/data/,2026-08-11T00:00:00.000Z,https://upload.wikimedia.org/wikipedia/commons/thumb/4/43/George_Washington_Hall.JPG/1920px-George_Washington_Hall.JPG,https://www.google.com/s2/favicons?domain=umw.edu&sz=256,https://commons.wikimedia.org/wiki/File:George_Washington_Hall.JPG,https://www.umw.edu/,"University of Mary Washington is a public institution in Fredericksburg, VA. This LivingWiki brings together federal education data and current official sources for academics, admissions, costs, campus life, and outcomes.",wikimedia-manual-campus-override,CC BY-SA 3.0,George Washington Hall at the University of Mary Washington,1920,1280,2026-08-19T01:18:03.440Z
185572,00261600,Monmouth University,West Long Branch,NJ,https://www.monmouth.edu/,Middle States Commission on Higher Education,Private nonprofit,Graduate degree,40.280066,-74.006447,3684,0.8902,0.719,0.7986,30988,67991,67.14,2026,341,us-doe-scorecard-featured-500-2026.1,https://collegescorecard.ed.gov/data/,2026-08-11T00:00:00.000Z,https://www.monmouth.edu/wp-content/uploads/2022/08/homepagehero-dekstop.jpg,https://www.google.com/s2/favicons?domain=monmouth.edu&sz=256,https://www.monmouth.edu/,https://www.monmouth.edu/,"Monmouth University is a private nonprofit institution in West Long Branch, NJ. This LivingWiki brings together federal education data and current official sources for academics, admissions, costs, campus life, and outcomes.",official-campus-fallback,,Monmouth University,1280,720,2026-08-19T00:37:14.058Z
197036,00289300,United States Military Academy,West  Point,NY,https://www.westpoint.edu/,EXEMPT,Public,Bachelor degree,41.388988,-73.956772,4408,0.1245,0.8706,0.9463,,,67.14,2026,342,us-doe-scorecard-featured-500-2026.1,https://collegescorecard.ed.gov/data/,2026-08-11T00:00:00.000Z,https://upload.wikimedia.org/wikipedia/commons/d/d2/Cadets_at_West_Point%2C_1976.jpg?utm_source=commons.wikimedia.org&utm_campaign=imageinfo&utm_content=thumbnail_unscaled,https://www.google.com/s2/favicons?domain=westpoint.edu&sz=256,"https://commons.wikimedia.org/wiki/File:Cadets_at_West_Point,_1976.jpg",https://www.westpoint.edu/,"United States Military Academy is a public institution in West  Point, NY. This LivingWiki brings together federal education data and current official sources for academics, admissions, costs, campus life, and outcomes.",campus-fallback-wikimedia,Public domain,"Cadets at West Point, 1976.jpg",800,1000,2026-08-19T00:37:11.646Z
206589,00303700,The College of Wooster,Wooster,OH,https://wooster.edu/,Higher Learning Commission,Private nonprofit,Bachelor degree,40.81046,-81.934674,1730,0.5953,0.7394,0.8208,23458,59629,67.02,2026,343,us-doe-scorecard-featured-500-2026.1,https://collegescorecard.ed.gov/data/,2026-08-11T00:00:00.000Z,https://23526806.fs1.hubspotusercontent-na1.net/hub/23526806/hubfs/Home-page_classroom-outside-on-lawn.jpg?width=2000&name=Home-page_classroom-outside-on-lawn.jpg,https://www.google.com/s2/favicons?domain=wooster.edu&sz=256,https://wooster.edu/,https://wooster.edu/,"The College of Wooster is a private nonprofit institution in Wooster, OH. This LivingWiki brings together federal education data and current official sources for academics, admissions, costs, campus life, and outcomes.",official-campus-fallback,,Home Page,2000,2000,2026-08-19T00:37:28.932Z
191649,00273200,Hofstra University,Hempstead,NY,https://www.hofstra.edu/,Middle States Commission on Higher Education,Private nonprofit,Graduate degree,40.715959,-73.60078,6488,0.6808,0.6854,0.8362,34176,69039,66.92,2026,344,us-doe-scorecard-featured-500-2026.1,https://collegescorecard.ed.gov/data/,2026-08-11T00:00:00.000Z,https://www.hofstra.edu/wp-content/uploads/2026/05/hero-interdisciplinary-001.jpg,https://www.google.com/s2/favicons?domain=hofstra.edu&sz=256,https://www.hofstra.edu/,https://www.hofstra.edu/,"Hofstra University is a private nonprofit institution in Hempstead, NY. This LivingWiki brings together federal education data and current official sources for academics, admissions, costs, campus life, and outcomes.",official-campus-fallback,,Home - Hofstra University,1920,700,2026-08-19T00:37:46.384Z
154095,00189000,University of Northern Iowa,Cedar Falls,IA,https://www.uni.edu/,Higher Learning Commission,Public,Graduate degree,42.514923,-92.459703,7529,0.9274,0.6792,0.8166,15901,55177,66.91,2026,345,us-doe-scorecard-featured-500-2026.1,https://collegescorecard.ed.gov/data/,2026-08-11T00:00:00.000Z,https://www.uni.edu/resources/sites/default/files/styles/full_width_image/public/inline-uploads/Homepage_NeighboringStateRate_2_6.png.webp?h=42e23591&itok=s1QqSo-d,https://www.google.com/s2/favicons?domain=uni.edu&sz=256,https://www.uni.edu/,https://www.uni.edu/,"University of Northern Iowa is a public institution in Cedar Falls, IA. This LivingWiki brings together federal education data and current official sources for academics, admissions, costs, campus life, and outcomes.",official-campus-fallback,,University of Northern Iowa,1110,578,2026-08-19T00:37:46.001Z
201885,00312500,University of Cincinnati-Main Campus,Cincinnati,OH,https://www.uc.edu/,Higher Learning Commission,Public,Graduate degree,39.131159,-84.51428,29882,0.8529,0.7496,0.8535,25648,54810,66.9,2026,346,us-doe-scorecard-featured-500-2026.1,https://collegescorecard.ed.gov/data/,2026-08-11T00:00:00.000Z,https://www.uc.edu/content/dam/refresh/apex-stock/student-life/230731aMullins095.jpg,https://www.google.com/s2/favicons?domain=uc.edu&sz=256,https://www.uc.edu/,https://www.uc.edu/,"University of Cincinnati-Main Campus is a public institution in Cincinnati, OH. This LivingWiki brings together federal education data and current official sources for academics, admissions, costs, campus life, and outcomes.",,,,,,
239017,00385600,Lawrence University,Appleton,WI,https://www.lawrence.edu/,Higher Learning Commission,Private nonprofit,Bachelor degree,44.261323,-88.397822,1396,0.6394,0.7677,0.8657,23401,55789,66.89,2026,347,us-doe-scorecard-featured-500-2026.1,https://collegescorecard.ed.gov/data/,2026-08-11T00:00:00.000Z,https://www.lawrence.edu/wp-content/uploads/2026/07/hero.png,https://www.google.com/s2/favicons?domain=lawrence.edu&sz=256,https://www.lawrence.edu/,https://www.lawrence.edu/,"Lawrence University is a private nonprofit institution in Appleton, WI. This LivingWiki brings together federal education data and current official sources for academics, admissions, costs, campus life, and outcomes.",official-campus-fallback,,"Liberal Arts College | Appleton, WI",1183,757,2026-08-19T00:37:39.291Z
198695,00293300,High Point University,High Point,NC,https://www.highpoint.edu/,Southern Association of Colleges and Schools Commission on Colleges,Private nonprofit,Graduate degree,35.972035,-79.994675,5129,0.7531,0.737,0.8535,38707,61389,66.88,2026,348,us-doe-scorecard-featured-500-2026.1,https://collegescorecard.ed.gov/data/,2026-08-11T00:00:00.000Z,https://www.highpoint.edu/media/home/2023/08/download-our-streaming-service-hpu-plus-by-high-point-university-NORTH-CAROLINA.png,https://www.google.com/s2/favicons?domain=highpoint.edu&sz=256,https://www.highpoint.edu/,https://www.highpoint.edu/,"High Point University is a private nonprofit institution in High Point, NC. This LivingWiki brings together federal education data and current official sources for academics, admissions, costs, campus life, and outcomes.",related-source-page,,High Point University | The Nation&#039;s #1 Best Run College | High Point University,900,800,2026-08-19T01:05:37.458Z
238032,00382700,West Virginia University,Morgantown,WV,https://www.wvu.edu/,Higher Learning Commission,Public,Graduate degree,39.634371,-79.954391,17385,0.89,0.6466,0.8343,15634,55939,66.82,2026,349,us-doe-scorecard-featured-500-2026.1,https://collegescorecard.ed.gov/data/,2026-08-11T00:00:00.000Z,https://upload.wikimedia.org/wikipedia/commons/e/e0/Downtown_library.jpg?utm_source=commons.wikimedia.org&utm_campaign=imageinfo&utm_content=thumbnail_unscaled,https://www.google.com/s2/favicons?domain=wvu.edu&sz=256,https://commons.wikimedia.org/wiki/File:Downtown_library.jpg,https://www.wvu.edu/,"West Virginia University is a public institution in Morgantown, WV. This LivingWiki brings together federal education data and current official sources for academics, admissions, costs, campus life, and outcomes.",campus-fallback-wikimedia,CC BY-SA 3.0,Downtown library.jpg,604,453,2026-08-19T01:04:30.264Z
196042,00285800,Farmingdale State College,Farmingdale,NY,https://www.farmingdale.edu/,Middle States Commission on Higher Education,Public,Graduate degree,40.754224,-73.42832,9552,0.6329,0.5278,0.8157,10867,69781,66.77,2026,350,us-doe-scorecard-featured-500-2026.1,https://collegescorecard.ed.gov/data/,2026-08-11T00:00:00.000Z,https://fsc-main.b-cdn.net/images/fsc-social-link-share.jpg,https://www.google.com/s2/favicons?domain=farmingdale.edu&sz=256,https://www.farmingdale.edu/,https://www.farmingdale.edu/,"Farmingdale State College is a public institution in Farmingdale, NY. This LivingWiki brings together federal education data and current official sources for academics, admissions, costs, campus life, and outcomes.",,,,,,
187967,00265400,New Mexico Institute of Mining and Technology,Socorro,NM,https://www.nmt.edu/,Higher Learning Commission,Public,Graduate degree,34.067041,-106.905211,995,0.4449,0.5705,0.7703,9873,76489,66.73,2026,351,us-doe-scorecard-featured-500-2026.1,https://collegescorecard.ed.gov/data/,2026-08-11T00:00:00.000Z,https://www.nmt.edu/_resources/img/homepage/banner-main-page-1600.jpg,https://www.google.com/s2/favicons?domain=nmt.edu&sz=256,https://www.nmt.edu/,https://www.nmt.edu/,"New Mexico Institute of Mining and Technology is a public institution in Socorro, NM. This LivingWiki brings together federal education data and current official sources for academics, admissions, costs, campus life, and outcomes.",official-campus-fallback,,Science | Engineering | Research Institution: New Mexico Tech,1600,667,2026-08-19T00:37:47.766Z
130624,00141500,United States Coast Guard Academy,New London,CT,https://www.uscga.edu/,NA,Public,Bachelor degree,41.375823,-72.101583,1108,0.2244,0.9273,0.9861,,,66.69,2026,352,us-doe-scorecard-featured-500-2026.1,https://collegescorecard.ed.gov/data/,2026-08-11T00:00:00.000Z,https://uscga.edu/wp-content/uploads/2026/06/washington-parade-field.jpg,https://www.google.com/s2/favicons?domain=uscga.edu&sz=256,https://uscga.edu/,https://www.uscga.edu/,"United States Coast Guard Academy is a public institution in New London, CT. This LivingWiki brings together federal education data and current official sources for academics, admissions, costs, campus life, and outcomes.",,,,,,
184782,00260900,Rowan University,Glassboro,NJ,https://www.rowan.edu/,Middle States Commission on Higher Education,Public,Graduate degree,39.709108,-75.119119,15841,0.7766,0.6736,0.8234,22408,59988,66.67,2026,353,us-doe-scorecard-featured-500-2026.1,https://collegescorecard.ed.gov/data/,2026-08-11T00:00:00.000Z,https://www.rowan.edu/_images/_banners/carousel-images/2026forgingforward-1159x503-1.jpg,https://www.google.com/s2/favicons?domain=rowan.edu&sz=256,https://www.rowan.edu/,https://www.rowan.edu/,"Rowan University is a public institution in Glassboro, NJ. This LivingWiki brings together federal education data and current official sources for academics, admissions, costs, campus life, and outcomes.",,,,,,
201654,00302500,Cedarville University,Cedarville,OH,https://www.cedarville.edu/,Higher Learning Commission,Private nonprofit,Graduate degree,39.749237,-83.814692,4024,0.6529,0.7253,0.8958,24468,55443,66.62,2026,354,us-doe-scorecard-featured-500-2026.1,https://collegescorecard.ed.gov/data/,2026-08-11T00:00:00.000Z,https://www.cedarville.edu/images/default-source/promo/large-promo/getting-started-printy-move-in.jpg?sfvrsn=5a21de1e_3,https://www.google.com/s2/favicons?domain=cedarville.edu&sz=256,https://www.cedarville.edu/,https://www.cedarville.edu/,"Cedarville University is a private nonprofit institution in Cedarville, OH. This LivingWiki brings together federal education data and current official sources for academics, admissions, costs, campus life, and outcomes.",official-campus-fallback,,Biblical Faithfulness. Academic Excellence. | Cedarville University,1920,990,2026-08-19T00:37:49.809Z
216667,00338900,Washington & Jefferson College,Washington,PA,https://www.washjeff.edu/,Middle States Commission on Higher Education,Private nonprofit,Bachelor degree,40.170622,-80.24049,1295,0.8064,0.6952,0.8121,25002,67918,66.56,2026,355,us-doe-scorecard-featured-500-2026.1,https://collegescorecard.ed.gov/data/,2026-08-11T00:00:00.000Z,https://www.washjeff.edu/wp-content/uploads/bestcollegeliberalarts.jpg,https://www.google.com/s2/favicons?domain=washjeff.edu&sz=256,https://www.washjeff.edu/,https://www.washjeff.edu/,"Washington & Jefferson College is a private nonprofit institution in Washington, PA. This LivingWiki brings together federal education data and current official sources for academics, admissions, costs, campus life, and outcomes.",,,,,,
110495,00115700,California State University-Stanislaus,Turlock,CA,https://www.csustan.edu/,Western Association of Schools and Colleges Senior Colleges and University Commission,Public,Graduate degree,37.52577,-120.852511,8385,0.9814,0.5345,0.8246,6067,63188,66.53,2026,356,us-doe-scorecard-featured-500-2026.1,https://collegescorecard.ed.gov/data/,2026-08-11T00:00:00.000Z,https://www.csustan.edu/sites/default/files/styles/large_banner_slide/public/2024-08/fall-smester-hero-banner.png?itok=nTvZCTcD,https://www.google.com/s2/favicons?domain=csustan.edu&sz=256,https://www.csustan.edu/,https://www.csustan.edu/,"California State University-Stanislaus is a public institution in Turlock, CA. This LivingWiki brings together federal education data and current official sources for academics, admissions, costs, campus life, and outcomes.",official-campus-fallback,,Home | California State University Stanislaus,1440,774,2026-08-19T00:37:57.921Z
240268,00391700,University of Wisconsin-Eau Claire,Eau Claire,WI,https://www.uwec.edu/,Higher Learning Commission,Public,Graduate degree,44.798284,-91.501906,8895,0.8234,0.6381,0.8175,16550,58561,66.52,2026,357,us-doe-scorecard-featured-500-2026.1,https://collegescorecard.ed.gov/data/,2026-08-11T00:00:00.000Z,https://www.uwec.edu/sites/default/files/2025-09/20250517_Commencement_PM_23.jpg,https://www.google.com/s2/favicons?domain=uwec.edu&sz=256,https://www.uwec.edu/,https://www.uwec.edu/,"University of Wisconsin-Eau Claire is a public institution in Eau Claire, WI. This LivingWiki brings together federal education data and current official sources for academics, admissions, costs, campus life, and outcomes.",,,,,,
166850,00212000,Merrimack College,North Andover,MA,https://www.merrimack.edu/,New England Commission on Higher Education,Private nonprofit,Graduate degree,42.668344,-71.124216,3916,0.7002,0.7005,0.7927,37927,75584,66.49,2026,358,us-doe-scorecard-featured-500-2026.1,https://collegescorecard.ed.gov/data/,2026-08-11T00:00:00.000Z,https://www.merrimack.edu/wp-content/uploads/20250703_OP_Gus-52.jpg,https://www.google.com/s2/favicons?domain=merrimack.edu&sz=256,https://www.merrimack.edu/current_students/,https://www.merrimack.edu/,"Merrimack College is a private nonprofit institution in North Andover, MA. This LivingWiki brings together federal education data and current official sources for academics, admissions, costs, campus life, and outcomes.",official-campus-fallback,,"Current Students | Academic Resources, Campus Life, Technology",1200,670,2026-08-19T00:37:51.161Z
141574,00161000,University of Hawaii at Manoa,Honolulu,HI,https://manoa.hawaii.edu/,Western Association of Schools and Colleges Senior Colleges and University Commission,Public,Graduate degree,21.298598,-157.818979,15029,0.866,0.6429,0.8072,15664,57624,66.49,2026,359,us-doe-scorecard-featured-500-2026.1,https://collegescorecard.ed.gov/data/,2026-08-11T00:00:00.000Z,https://manoa.hawaii.edu/wp/wp-content/uploads/2018/04/students-mccarthy-mall-sm-1024x597.jpg,https://www.google.com/s2/favicons?domain=manoa.hawaii.edu&sz=256,https://manoa.hawaii.edu/students/,https://manoa.hawaii.edu/,"University of Hawaii at Manoa is a public institution in Honolulu, HI. This LivingWiki brings together federal education data and current official sources for academics, admissions, costs, campus life, and outcomes.",official-campus-fallback,,Students | University of Hawaiʻi at Mānoa,1024,597,2026-08-19T00:38:31.955Z
170286,00227200,Hillsdale College,Hillsdale,MI,https://www.hillsdale.edu/,Higher Learning Commission,Private nonprofit,Graduate degree,41.933682,-84.633195,1573,0.2072,0.8971,0.9656,,,66.48,2026,360,us-doe-scorecard-featured-500-2026.1,https://collegescorecard.ed.gov/data/,2026-08-11T00:00:00.000Z,https://www.hillsdale.edu/wp-content/uploads/2015/10/STU_090914_013_005.jpg,https://www.google.com/s2/favicons?domain=hillsdale.edu&sz=256,https://www.hillsdale.edu/,https://www.hillsdale.edu/,"Hillsdale College is a private nonprofit institution in Hillsdale, MI. This LivingWiki brings together federal education data and current official sources for academics, admissions, costs, campus life, and outcomes.",official-campus-fallback,,Hillsdale College - Developing Minds. Improving Hearts.,1200,800,2026-08-19T00:37:57.745Z
121691,00132200,University of Redlands,Redlands,CA,https://www.redlands.edu/,Western Association of Schools and Colleges Senior Colleges and University Commission,Private nonprofit,Graduate degree,34.064218,-117.163218,2049,0.8271,0.6727,0.8402,30031,72690,66.47,2026,361,us-doe-scorecard-featured-500-2026.1,https://collegescorecard.ed.gov/data/,2026-08-11T00:00:00.000Z,https://www.redlands.edu/contentassets/b9ccb67fbf4b42cb955ea83af0b249eb/open-graph-image-example.jpg,https://www.google.com/s2/favicons?domain=redlands.edu&sz=256,https://www.redlands.edu/,https://www.redlands.edu/,"University of Redlands is a private nonprofit institution in Redlands, CA. This LivingWiki brings together federal education data and current official sources for academics, admissions, costs, campus life, and outcomes.",,,,,,
216852,00331300,Widener University,Chester,PA,https://www.widener.edu/,Middle States Commission on Higher Education,Private nonprofit,Graduate degree,39.861689,-75.355363,2951,0.7093,0.6832,0.7836,25759,70920,66.31,2026,362,us-doe-scorecard-featured-500-2026.1,https://collegescorecard.ed.gov/data/,2026-08-11T00:00:00.000Z,https://www.widener.edu/sites/default/files/2026-04/rugby-homepage-1330x635.png,https://www.google.com/s2/favicons?domain=widener.edu&sz=256,https://www.widener.edu/,https://www.widener.edu/,"Widener University is a private nonprofit institution in Chester, PA. This LivingWiki brings together federal education data and current official sources for academics, admissions, costs, campus life, and outcomes.",official-campus-fallback,,Widener University | Leading Private Tri-State University,1330,635,2026-08-19T00:37:54.381Z
174899,00234300,The College of Saint Scholastica,Duluth,MN,https://www.css.edu/,Higher Learning Commission,Private nonprofit,Graduate degree,46.816082,-92.106134,1765,0.9296,0.7053,0.8184,27846,65934,66.3,2026,363,us-doe-scorecard-featured-500-2026.1,https://collegescorecard.ed.gov/data/,2026-08-11T00:00:00.000Z,https://www.css.edu/wp-content/uploads/tower-hall-mooc-30335-800x450.jpg,https://www.google.com/s2/favicons?domain=css.edu&sz=256,https://www.css.edu/about/inclusive-excellence/,https://www.css.edu/,"The College of Saint Scholastica is a private nonprofit institution in Duluth, MN. This LivingWiki brings together federal education data and current official sources for academics, admissions, costs, campus life, and outcomes.",official-campus-fallback,,Inclusive Excellence at The College of St. Scholastica,800,450,2026-08-19T00:37:37.731Z
125727,00134100,Westmont College,Santa Barbara,CA,https://www.westmont.edu/,Western Association of Schools and Colleges Senior Colleges and University Commission,Private nonprofit,Bachelor degree,34.450151,-119.662517,1302,0.7705,0.7035,0.85,29053,64778,66.21,2026,364,us-doe-scorecard-featured-500-2026.1,https://collegescorecard.ed.gov/data/,2026-08-11T00:00:00.000Z,https://www.westmont.edu/sites/default/files/styles/16_9_1920w/public/MM19_184.jpg?itok=tCGgkb-g,https://www.google.com/s2/favicons?domain=westmont.edu&sz=256,https://www.westmont.edu/,https://www.westmont.edu/,"Westmont College is a private nonprofit institution in Santa Barbara, CA. This LivingWiki brings together federal education data and current official sources for academics, admissions, costs, campus life, and outcomes.",official-campus-fallback,,Westmont College | A Christian Liberal Arts College in California,1920,1080,2026-08-19T00:37:49.717Z
182290,00256800,University of Nevada-Reno,Reno,NV,https://www.unr.edu/,Northwest Commission on Colleges and Universities,Public,Graduate degree,39.543642,-119.815377,15599,0.7371,0.6124,0.7966,15927,60614,66.19,2026,365,us-doe-scorecard-featured-500-2026.1,https://collegescorecard.ed.gov/data/,2026-08-11T00:00:00.000Z,https://www.unr.edu/web-team/uploads/facebook-open-graph.jpg,https://www.google.com/s2/favicons?domain=unr.edu&sz=256,https://www.unr.edu/,https://www.unr.edu/,"University of Nevada-Reno is a public institution in Reno, NV. This LivingWiki brings together federal education data and current official sources for academics, admissions, costs, campus life, and outcomes.",,,,,,
209922,00321700,Reed College,Portland,OR,https://www.reed.edu/,Northwest Commission on Colleges and Universities,Private nonprofit,Graduate degree,45.480959,-122.630348,1320,0.2461,0.7147,0.8764,33013,62927,66.03,2026,366,us-doe-scorecard-featured-500-2026.1,https://collegescorecard.ed.gov/data/,2026-08-11T00:00:00.000Z,https://www.reed.edu/assets-main/images/meet-the-reedies/reed-home-safi-zenger.jpg,https://www.google.com/s2/favicons?domain=reed.edu&sz=256,https://www.reed.edu/,https://www.reed.edu/,"Reed College is a private nonprofit institution in Portland, OR. This LivingWiki brings together federal education data and current official sources for academics, admissions, costs, campus life, and outcomes.",official-campus-fallback,,Reed College,800,600,2026-08-19T00:38:03.320Z
168430,00219000,Worcester State University,Worcester,MA,https://www.worcester.edu/,New England Commission on Higher Education,Public,Graduate degree,42.267526,-71.844018,3930,0.8799,0.6145,0.7814,13381,60624,66.03,2026,367,us-doe-scorecard-featured-500-2026.1,https://collegescorecard.ed.gov/data/,2026-08-11T00:00:00.000Z,https://webcdn.worcester.edu/wp-content/uploads/2022/05/WOO_GENERAL_STILLS_003.jpg.optimal.jpg,https://www.google.com/s2/favicons?domain=worcester.edu&sz=256,https://www.worcester.edu/,https://www.worcester.edu/,"Worcester State University is a public institution in Worcester, MA. This LivingWiki brings together federal education data and current official sources for academics, admissions, costs, campus life, and outcomes.",,,,,,
196149,00284300,State University of New York at Cortland,Cortland,NY,https://www2.cortland.edu/,Middle States Commission on Higher Education,Public,Graduate degree,42.598022,-76.188655,5901,0.5979,0.6803,0.8109,22345,60236,65.9,2026,368,us-doe-scorecard-featured-500-2026.1,https://collegescorecard.ed.gov/data/,2026-08-11T00:00:00.000Z,https://www2.cortland.edu/contentAsset/raw-data/694b004593c7ffabdaf52ec811799bd8/fileAsset?language_id=1,https://www.google.com/s2/favicons?domain=www2.cortland.edu&sz=256,https://www2.cortland.edu/home/,https://www2.cortland.edu/,"State University of New York at Cortland is a public institution in Cortland, NY. This LivingWiki brings together federal education data and current official sources for academics, admissions, costs, campus life, and outcomes.",official-campus-fallback,,SUNY Cortland: Home,1200,900,2026-08-19T00:37:54.591Z
212984,00327500,Holy Family University,Philadelphia,PA,https://www.holyfamily.edu/,Middle States Commission on Higher Education,Private nonprofit,Graduate degree,40.060581,-74.986451,2464,0.7104,0.6091,0.7773,13143,62235,65.8,2026,369,us-doe-scorecard-featured-500-2026.1,https://collegescorecard.ed.gov/data/,2026-08-11T00:00:00.000Z,https://www.holyfamily.edu/sites/default/files/2025-09/ed-art-class-200066.jpg,https://www.google.com/s2/favicons?domain=holyfamily.edu&sz=256,https://www.holyfamily.edu/admissions-aid,https://www.holyfamily.edu/,"Holy Family University is a private nonprofit institution in Philadelphia, PA. This LivingWiki brings together federal education data and current official sources for academics, admissions, costs, campus life, and outcomes.",official-campus-fallback,,Admissions & Aid | Holy Family University,2000,877,2026-08-19T00:38:00.265Z
196185,00284700,SUNY Oneonta,Oneonta,NY,https://suny.oneonta.edu/,Middle States Commission on Higher Education,Public,Graduate degree,42.468861,-75.063632,4643,0.696,0.6881,0.7551,19158,60386,65.8,2026,370,us-doe-scorecard-featured-500-2026.1,https://collegescorecard.ed.gov/data/,2026-08-11T00:00:00.000Z,https://suny.oneonta.edu/sites/default/files/styles/photo_gallery_auto_width/public/2025-04/ea89c5527d0755f38c8797a7e267b52a_2.jpeg.webp?itok=8gduGR2a,https://www.google.com/s2/favicons?domain=suny.oneonta.edu&sz=256,https://suny.oneonta.edu/,https://suny.oneonta.edu/,"SUNY Oneonta is a public institution in Oneonta, NY. This LivingWiki brings together federal education data and current official sources for academics, admissions, costs, campus life, and outcomes.",official-campus-fallback,,SUNY Oneonta - Grow Intellectually. Thrive Socially. Live Purposefully.,921,615,2026-08-19T00:38:16.423Z
227863,00365400,University of St Thomas,Houston,TX,https://www.stthom.edu/,Southern Association of Colleges and Schools Commission on Colleges,Private nonprofit,Graduate degree,29.736438,-95.393102,3220,0.8992,0.6877,0.777,19359,59224,65.65,2026,371,us-doe-scorecard-featured-500-2026.1,https://collegescorecard.ed.gov/data/,2026-08-11T00:00:00.000Z,https://stthom.edu/wp-content/uploads/2026/02/UST-Fallback-1024x573.jpg,https://www.google.com/s2/favicons?domain=stthom.edu&sz=256,https://stthom.edu/,https://www.stthom.edu/,"University of St Thomas is a private nonprofit institution in Houston, TX. This LivingWiki brings together federal education data and current official sources for academics, admissions, costs, campus life, and outcomes.",,,,,,
144962,00167600,Elmhurst University,Elmhurst,IL,https://www.elmhurst.edu/,Higher Learning Commission,Private nonprofit,Graduate degree,41.897164,-87.945369,3006,0.7364,0.7,0.799,24185,61462,65.57,2026,372,us-doe-scorecard-featured-500-2026.1,https://collegescorecard.ed.gov/data/,2026-08-11T00:00:00.000Z,https://www.elmhurst.edu/wp-content/uploads/2020/07/elmhurst-university-gates-v3-hero-image.jpg,https://www.google.com/s2/favicons?domain=elmhurst.edu&sz=256,https://www.elmhurst.edu/,https://www.elmhurst.edu/,"Elmhurst University is a private nonprofit institution in Elmhurst, IL. This LivingWiki brings together federal education data and current official sources for academics, admissions, costs, campus life, and outcomes.",,,,,,
237011,00380200,Western Washington University,Bellingham,WA,https://wwu.edu/,Northwest Commission on Colleges and Universities,Public,Graduate degree,48.737812,-122.485734,13544,0.9325,0.6464,0.7937,21193,62569,65.56,2026,373,us-doe-scorecard-featured-500-2026.1,https://collegescorecard.ed.gov/data/,2026-08-11T00:00:00.000Z,https://www.wwu.edu/sites/default/files/2025-12/WWU-PrimaryLettermark-Digital.png,https://www.google.com/s2/favicons?domain=wwu.edu&sz=256,https://www.wwu.edu/,https://wwu.edu/,"Western Washington University is a public institution in Bellingham, WA. This LivingWiki brings together federal education data and current official sources for academics, admissions, costs, campus life, and outcomes.",,,,,,
210669,00323000,Allegheny College,Meadville,PA,https://allegheny.edu/,Middle States Commission on Higher Education,Private nonprofit,Bachelor degree,41.64869,-80.147168,1156,0.5457,0.7255,0.7794,22940,62069,65.42,2026,374,us-doe-scorecard-featured-500-2026.1,https://collegescorecard.ed.gov/data/,2026-08-11T00:00:00.000Z,https://allegheny.edu/wp-content/uploads/Website_Share_Fallback_Image_1200px.jpg,https://www.google.com/s2/favicons?domain=allegheny.edu&sz=256,https://allegheny.edu/,https://allegheny.edu/,"Allegheny College is a private nonprofit institution in Meadville, PA. This LivingWiki brings together federal education data and current official sources for academics, admissions, costs, campus life, and outcomes.",,,,,,
109785,00111700,Azusa Pacific University,Azusa,CA,https://www.apu.edu/,Western Association of Schools and Colleges Senior Colleges and University Commission,Private nonprofit,Graduate degree,34.130047,-117.888375,2759,0.8843,0.6179,0.8402,22212,66677,65.35,2026,375,us-doe-scorecard-featured-500-2026.1,https://collegescorecard.ed.gov/data/,2026-08-11T00:00:00.000Z,https://www.apu.edu/_resources/images/stories/josh_impact.webp,https://www.google.com/s2/favicons?domain=apu.edu&sz=256,https://www.apu.edu/campus-life/,https://www.apu.edu/,"Azusa Pacific University is a private nonprofit institution in Azusa, CA. This LivingWiki brings together federal education data and current official sources for academics, admissions, costs, campus life, and outcomes.",official-campus-fallback,,Office of Campus Life - Azusa Pacific University,900,900,2026-08-19T00:37:55.070Z
152390,00183600,Saint Mary's College,Notre Dame,IN,https://www.saintmarys.edu/,Higher Learning Commission,Private nonprofit,Graduate degree,41.707274,-86.256947,1458,0.7597,0.6933,0.881,25292,59354,65.33,2026,376,us-doe-scorecard-featured-500-2026.1,https://collegescorecard.ed.gov/data/,2026-08-11T00:00:00.000Z,https://www.saintmarys.edu/files/smc-og-image.jpg,https://www.google.com/s2/favicons?domain=saintmarys.edu&sz=256,https://www.saintmarys.edu/,https://www.saintmarys.edu/,"Saint Mary's College is a private nonprofit institution in Notre Dame, IN. This LivingWiki brings together federal education data and current official sources for academics, admissions, costs, campus life, and outcomes.",,,,,,
110510,00114200,California State University-San Bernardino,San Bernardino,CA,https://www.csusb.edu/,Western Association of Schools and Colleges Senior Colleges and University Commission,Public,Graduate degree,34.182622,-117.323801,15023,0.9374,0.549,0.7959,4564,59977,65.24,2026,377,us-doe-scorecard-featured-500-2026.1,https://collegescorecard.ed.gov/data/,2026-08-11T00:00:00.000Z,https://www.csusb.edu/sites/default/files/styles/interior_page_banner/public/upload/image/2025/2026_homepage_bg.png.webp?itok=KuYfFTky,https://www.google.com/s2/favicons?domain=csusb.edu&sz=256,https://www.csusb.edu/,https://www.csusb.edu/,"California State University-San Bernardino is a public institution in San Bernardino, CA. This LivingWiki brings together federal education data and current official sources for academics, admissions, costs, campus life, and outcomes.",official-campus-fallback,,"California State University, San Bernardino | CSUSB",1888,1348,2026-08-19T00:38:21.323Z
190549,00268700,CUNY Brooklyn College,Brooklyn,NY,https://www.brooklyn.edu/,Middle States Commission on Higher Education,Public,Graduate degree,40.631517,-73.949898,10543,0.5836,0.5386,0.8012,3103,60752,65.16,2026,378,us-doe-scorecard-featured-500-2026.1,https://collegescorecard.ed.gov/data/,2026-08-11T00:00:00.000Z,https://www.brooklyn.edu/wp-content/uploads/CE-230118-Drone-05-4.jpg,https://www.google.com/s2/favicons?domain=brooklyn.edu&sz=256,https://www.brooklyn.edu/,https://www.brooklyn.edu/,"CUNY Brooklyn College is a public institution in Brooklyn, NY. This LivingWiki brings together federal education data and current official sources for academics, admissions, costs, campus life, and outcomes.",,,,,,
217518,00341000,Roger Williams University,Bristol,RI,https://www.rwu.edu/,New England Commission on Higher Education,Private nonprofit,Graduate degree,41.650214,-71.260374,3946,0.8771,0.6865,0.8109,37999,70266,65.14,2026,379,us-doe-scorecard-featured-500-2026.1,https://collegescorecard.ed.gov/data/,2026-08-11T00:00:00.000Z,https://www.rwu.edu/themes/custom/rwu/assets/img/Homepage_Hero_2.jpg.webp,https://www.google.com/s2/favicons?domain=rwu.edu&sz=256,https://www.rwu.edu/,https://www.rwu.edu/,"Roger Williams University is a private nonprofit institution in Bristol, RI. This LivingWiki brings together federal education data and current official sources for academics, admissions, costs, campus life, and outcomes.",official-campus-fallback,,Roger Williams University,1400,800,2026-08-19T00:37:53.583Z
197197,00289900,Wagner College,Staten Island,NY,https://www.wagner.edu/,Middle States Commission on Higher Education,Private nonprofit,Graduate degree,40.615588,-74.092913,1651,0.88,0.6514,0.8342,28241,74360,65.03,2026,380,us-doe-scorecard-featured-500-2026.1,https://collegescorecard.ed.gov/data/,2026-08-11T00:00:00.000Z,http://wagner.edu/wp-content/uploads/2012/10/Mailport.jpg,https://www.google.com/s2/favicons?domain=wagner.edu&sz=256,https://wagner.edu/,https://www.wagner.edu/,"Wagner College is a private nonprofit institution in Staten Island, NY. This LivingWiki brings together federal education data and current official sources for academics, admissions, costs, campus life, and outcomes.",,,,,,
366711,03011300,California State University-San Marcos,San Marcos,CA,https://www.csusm.edu/,Western Association of Schools and Colleges Senior Colleges and University Commission,Public,Graduate degree,33.130569,-117.159013,14877,0.951,0.5456,0.7864,10229,62908,64.99,2026,381,us-doe-scorecard-featured-500-2026.1,https://collegescorecard.ed.gov/data/,2026-08-11T00:00:00.000Z,https://www.csusm.edu/img/homepage/alt/plaza.jpg,https://www.google.com/s2/favicons?domain=csusm.edu&sz=256,https://www.csusm.edu/,https://www.csusm.edu/,"California State University-San Marcos is a public institution in San Marcos, CA. This LivingWiki brings together federal education data and current official sources for academics, admissions, costs, campus life, and outcomes.",official-campus-fallback,,California State University San Marcos in North San Diego County | CSUSM,2400,1190,2026-08-19T00:38:14.969Z
136950,00151500,Rollins College,Winter Park,FL,https://www.rollins.edu/,Southern Association of Colleges and Schools Commission on Colleges,Private nonprofit,Graduate degree,28.592787,-81.349239,2631,0.4754,0.7505,0.8524,34732,58295,64.99,2026,382,us-doe-scorecard-featured-500-2026.1,https://collegescorecard.ed.gov/data/,2026-08-11T00:00:00.000Z,https://upload.wikimedia.org/wikipedia/commons/thumb/6/67/Rollins_College_Knowles_Chapel02.jpg/1920px-Rollins_College_Knowles_Chapel02.jpg?utm_source=commons.wikimedia.org&utm_campaign=imageinfo&utm_content=thumbnail,https://www.google.com/s2/favicons?domain=rollins.edu&sz=256,https://commons.wikimedia.org/wiki/File:Rollins_College_Knowles_Chapel02.jpg,https://www.rollins.edu/,"Rollins College is a private nonprofit institution in Winter Park, FL. This LivingWiki brings together federal education data and current official sources for academics, admissions, costs, campus life, and outcomes.",campus-fallback-wikimedia,CC BY 2.5,Rollins College Knowles Chapel02.jpg,1920,1440,2026-08-19T01:08:30.196Z
171571,00230700,Oakland University,Rochester Hills,MI,https://www.oakland.edu/,Higher Learning Commission,Public,Graduate degree,42.674573,-83.216418,12351,0.8784,0.5756,0.7794,9120,58612,64.94,2026,383,us-doe-scorecard-featured-500-2026.1,https://collegescorecard.ed.gov/data/,2026-08-11T00:00:00.000Z,https://www.oakland.edu/media/Oakland/template-assets/Header-Footer/Images/ADA-GOLD_OU-200x.png,https://www.google.com/s2/favicons?domain=oakland.edu&sz=256,https://www.oakland.edu/healthycampus/,https://www.oakland.edu/,"Oakland University is a public institution in Rochester Hills, MI. This LivingWiki brings together federal education data and current official sources for academics, admissions, costs, campus life, and outcomes.",official-campus-fallback,,Healthy Campus - Healthy Campus - Oakland University,834,797,2026-08-19T00:38:19.003Z
231059,00369400,Saint Michael's College,Colchester,VT,https://www.smcvt.edu/,New England Commission on Higher Education,Private nonprofit,Graduate degree,44.494558,-73.167069,1092,0.8451,0.7277,0.7994,25239,61317,64.88,2026,384,us-doe-scorecard-featured-500-2026.1,https://collegescorecard.ed.gov/data/,2026-08-11T00:00:00.000Z,https://www.smcvt.edu/wp-content/uploads/2019/06/financial-aid.jpg,https://www.google.com/s2/favicons?domain=smcvt.edu&sz=256,https://www.smcvt.edu/,https://www.smcvt.edu/,"Saint Michael's College is a private nonprofit institution in Colchester, VT. This LivingWiki brings together federal education data and current official sources for academics, admissions, costs, campus life, and outcomes.",,,,,,
409698,03260300,California State University-Monterey Bay,Seaside,CA,https://csumb.edu/,Western Association of Schools and Colleges Senior Colleges and University Commission,Public,Graduate degree,36.652397,-121.796178,6819,0.974,0.5909,0.7987,13663,59247,64.86,2026,385,us-doe-scorecard-featured-500-2026.1,https://collegescorecard.ed.gov/data/,2026-08-11T00:00:00.000Z,https://upload.wikimedia.org/wikipedia/commons/d/d2/CSU_Monterey_Bay_2003.jpg?utm_source=commons.wikimedia.org&utm_campaign=imageinfo&utm_content=thumbnail_unscaled,https://www.google.com/s2/favicons?domain=csumb.edu&sz=256,https://commons.wikimedia.org/wiki/File:CSU_Monterey_Bay_2003.jpg,https://csumb.edu/,"California State University-Monterey Bay is a public institution in Seaside, CA. This LivingWiki brings together federal education data and current official sources for academics, admissions, costs, campus life, and outcomes.",campus-fallback-wikimedia,Public domain,CSU Monterey Bay 2003.jpg,1632,1232,2026-08-19T00:38:01.376Z
140447,00158000,Mercer University,Macon,GA,https://www.mercer.edu/,Southern Association of Colleges and Schools Commission on Colleges,Private nonprofit,Graduate degree,32.829134,-83.649392,4500,0.6889,0.6962,0.8216,23847,58354,64.83,2026,386,us-doe-scorecard-featured-500-2026.1,https://collegescorecard.ed.gov/data/,2026-08-11T00:00:00.000Z,https://www.mercer.edu/wp-content/uploads/2019/04/cropped-android-chrome-512x512.png,https://www.google.com/s2/favicons?domain=mercer.edu&sz=256,https://www.mercer.edu/,https://www.mercer.edu/,"Mercer University is a private nonprofit institution in Macon, GA. This LivingWiki brings together federal education data and current official sources for academics, admissions, costs, campus life, and outcomes.",,,,,,
215655,00335900,Robert Morris University,Moon Township,PA,https://www.rmu.edu/,Middle States Commission on Higher Education,Private nonprofit,Graduate degree,40.520415,-80.210468,2896,0.8989,0.6569,0.832,23003,62105,64.78,2026,387,us-doe-scorecard-featured-500-2026.1,https://collegescorecard.ed.gov/data/,2026-08-11T00:00:00.000Z,https://www.rmu.edu/sites/default/files/styles/webp_original/public/2026-07/260728%20Website%20Cover%20MBA.jpg.webp?itok=fWFfaAcn,https://www.google.com/s2/favicons?domain=rmu.edu&sz=256,https://www.rmu.edu/,https://www.rmu.edu/,"Robert Morris University is a private nonprofit institution in Moon Township, PA. This LivingWiki brings together federal education data and current official sources for academics, admissions, costs, campus life, and outcomes.",official-campus-fallback,,"Robert Morris University | Pittsburgh, PA",2560,1400,2026-08-19T00:38:07.179Z
190664,00269000,CUNY Queens College,Queens,NY,https://www.qc.cuny.edu/,Middle States Commission on Higher Education,Public,Graduate degree,40.736416,-73.820053,12550,0.6435,0.5325,0.7868,4195,62763,64.76,2026,388,us-doe-scorecard-featured-500-2026.1,https://collegescorecard.ed.gov/data/,2026-08-11T00:00:00.000Z,https://www.qc.cuny.edu/its/wp-content/uploads/sites/16/2024/12/qc-virtual-tour-a.jpg,https://www.google.com/s2/favicons?domain=qc.cuny.edu&sz=256,https://www.qc.cuny.edu/,https://www.qc.cuny.edu/,"CUNY Queens College is a public institution in Queens, NY. This LivingWiki brings together federal education data and current official sources for academics, admissions, costs, campus life, and outcomes.",official-campus-fallback,,"Queens College, CUNY | We Learn So That We May Serve",940,530,2026-08-19T00:38:45.140Z
165699,00214800,Endicott College,Beverly,MA,https://www.endicott.edu/,New England Commission on Higher Education,Private nonprofit,Graduate degree,42.553296,-70.840847,3125,0.7121,0.7556,0.8436,40654,58336,64.74,2026,389,us-doe-scorecard-featured-500-2026.1,https://collegescorecard.ed.gov/data/,2026-08-11T00:00:00.000Z,https://www.endicott.edu/-/media/endicott/shared/home/default-open-graph-image.png,https://www.google.com/s2/favicons?domain=endicott.edu&sz=256,https://www.endicott.edu/,https://www.endicott.edu/,"Endicott College is a private nonprofit institution in Beverly, MA. This LivingWiki brings together federal education data and current official sources for academics, admissions, costs, campus life, and outcomes.",,,,,,
210739,00398600,DeSales University,Center Valley,PA,https://www.desales.edu/,Middle States Commission on Higher Education,Private nonprofit,Graduate degree,40.539091,-75.375608,2128,0.7709,0.722,0.8303,31643,61295,64.69,2026,390,us-doe-scorecard-featured-500-2026.1,https://collegescorecard.ed.gov/data/,2026-08-11T00:00:00.000Z,https://www.desales.edu/_images/homepage/homepage-impact/2026-undergrad-impact1.jpg,https://www.google.com/s2/favicons?domain=desales.edu&sz=256,https://www.desales.edu/,https://www.desales.edu/,"DeSales University is a private nonprofit institution in Center Valley, PA. This LivingWiki brings together federal education data and current official sources for academics, admissions, costs, campus life, and outcomes.",official-campus-fallback,,DeSales University | DeSales University,1920,1080,2026-08-19T00:38:10.338Z
204176,03071900,Mount Carmel College of Nursing,Columbus,OH,https://www.mccn.edu/,Higher Learning Commission,Private nonprofit,Graduate degree,39.956625,-83.021501,532,0.8429,0.5385,0.8077,10420,75103,64.69,2026,391,us-doe-scorecard-featured-500-2026.1,https://collegescorecard.ed.gov/data/,2026-08-11T00:00:00.000Z,https://www.mccn.edu/images/about/locations.jpg,https://www.google.com/s2/favicons?domain=mccn.edu&sz=256,https://www.mccn.edu/about/locations,https://www.mccn.edu/,"Mount Carmel College of Nursing is a private nonprofit institution in Columbus, OH. This LivingWiki brings together federal education data and current official sources for academics, admissions, costs, campus life, and outcomes.",official-manual-campus-override,,Mount Carmel College of Nursing main campus,920,460,2026-08-19T01:16:59.210Z
217819,00342800,College of Charleston,Charleston,SC,https://www.charleston.edu/,Southern Association of Colleges and Schools Commission on Colleges,Public,Graduate degree,32.784225,-79.939794,10558,0.6003,0.6583,0.8196,18960,56416,64.68,2026,392,us-doe-scorecard-featured-500-2026.1,https://collegescorecard.ed.gov/data/,2026-08-11T00:00:00.000Z,https://charleston.edu/_files/images/home/background-student-life.png,https://www.google.com/s2/favicons?domain=charleston.edu&sz=256,https://www.charleston.edu/,https://www.charleston.edu/,"College of Charleston is a public institution in Charleston, SC. This LivingWiki brings together federal education data and current official sources for academics, admissions, costs, campus life, and outcomes.",official-campus-fallback,,"Welcome to the College of Charleston, a public university",1426,692,2026-08-19T00:38:31.585Z
186876,00934500,Stockton University,Galloway,NJ,https://www.stockton.edu/,Middle States Commission on Higher Education,Public,Graduate degree,39.492036,-74.531087,7537,0.8894,0.6854,0.7859,20670,57602,64.67,2026,393,us-doe-scorecard-featured-500-2026.1,https://collegescorecard.ed.gov/data/,2026-08-11T00:00:00.000Z,https://stockton.edu/images/.private_ldp/a78207/production/master/a36f30d8-0e8f-4605-8bd5-189a82f9c130.jpg,https://www.google.com/s2/favicons?domain=stockton.edu&sz=256,https://www.stockton.edu/,https://www.stockton.edu/,"Stockton University is a public institution in Galloway, NJ. This LivingWiki brings together federal education data and current official sources for academics, admissions, costs, campus life, and outcomes.",official-campus-fallback,,Home | Stockton University,1400,600,2026-08-19T00:38:22.785Z
110413,00113300,California Lutheran University,Thousand Oaks,CA,https://www.callutheran.edu/,Western Association of Schools and Colleges Senior Colleges and University Commission,Private nonprofit,Graduate degree,34.224566,-118.878924,2296,0.7567,0.696,0.7878,30109,68712,64.65,2026,394,us-doe-scorecard-featured-500-2026.1,https://collegescorecard.ed.gov/data/,2026-08-11T00:00:00.000Z,https://www.callutheran.edu/images/social/default-facebook-share-image.jpg,https://www.google.com/s2/favicons?domain=callutheran.edu&sz=256,https://www.callutheran.edu/,https://www.callutheran.edu/,"California Lutheran University is a private nonprofit institution in Thousand Oaks, CA. This LivingWiki brings together federal education data and current official sources for academics, admissions, costs, campus life, and outcomes.",,,,,,
122597,00115400,San Francisco State University,San Francisco,CA,https://www.sfsu.edu/,Western Association of Schools and Colleges Senior Colleges and University Commission,Public,Graduate degree,37.721224,-122.476799,18639,0.9644,0.5037,0.827,12278,68077,64.65,2026,395,us-doe-scorecard-featured-500-2026.1,https://collegescorecard.ed.gov/data/,2026-08-11T00:00:00.000Z,https://www.sfsu.edu/sites/default/files/images/SFSU_Student.png,https://www.google.com/s2/favicons?domain=sfsu.edu&sz=256,https://www.sfsu.edu/,https://www.sfsu.edu/,"San Francisco State University is a public institution in San Francisco, CA. This LivingWiki brings together federal education data and current official sources for academics, admissions, costs, campus life, and outcomes.",official-campus-fallback,,San Francisco State University,2040,900,2026-08-19T00:38:26.385Z
170082,00226800,Grand Valley State University,Allendale,MI,https://www.gvsu.edu/,Higher Learning Commission,Public,Graduate degree,42.963001,-85.889826,18854,0.8302,0.6701,0.7632,16317,56118,64.62,2026,396,us-doe-scorecard-featured-500-2026.1,https://collegescorecard.ed.gov/data/,2026-08-11T00:00:00.000Z,https://www.gvsu.edu/cms5/asset/6dae4270-0357-42db-be53-2dd8f91cfeaa/93baa0ac-1fac-4a81-9cac-9ffd710dacdf/sizes/2000[1785758855].jpg,https://www.google.com/s2/favicons?domain=gvsu.edu&sz=256,https://www.gvsu.edu/,https://www.gvsu.edu/,"Grand Valley State University is a public institution in Allendale, MI. This LivingWiki brings together federal education data and current official sources for academics, admissions, costs, campus life, and outcomes.",official-campus-fallback,,Grand Valley State University,2000,1125,2026-08-19T00:38:32.338Z
107080,00109900,Hendrix College,Conway,AR,https://www.hendrix.edu/,Higher Learning Commission,Private nonprofit,Graduate degree,35.101565,-92.443256,1100,0.5565,0.7235,0.7964,24149,60376,64.62,2026,397,us-doe-scorecard-featured-500-2026.1,https://collegescorecard.ed.gov/data/,2026-08-11T00:00:00.000Z,https://via.hendrix.edu/wp-content/uploads/2026/08/hendrix-carnegie-481-2-scaled.jpg,https://www.google.com/s2/favicons?domain=hendrix.edu&sz=256,https://via.hendrix.edu/,https://www.hendrix.edu/,"Hendrix College is a private nonprofit institution in Conway, AR. This LivingWiki brings together federal education data and current official sources for academics, admissions, costs, campus life, and outcomes.",,,,,,
213996,00329800,Messiah University,Mechanicsburg,PA,https://www.messiah.edu/,Middle States Commission on Higher Education,Private nonprofit,Graduate degree,40.156579,-76.988269,2259,0.7897,0.7496,0.8857,26502,54064,64.55,2026,398,us-doe-scorecard-featured-500-2026.1,https://collegescorecard.ed.gov/data/,2026-08-11T00:00:00.000Z,https://www.messiah.edu/assets/images/messiah-university-campus.jpg,https://www.google.com/s2/favicons?domain=messiah.edu&sz=256,https://www.messiah.edu/,https://www.messiah.edu/,"Messiah University is a private nonprofit institution in Mechanicsburg, PA. This LivingWiki brings together federal education data and current official sources for academics, admissions, costs, campus life, and outcomes.",,,,,,
180106,00252600,Carroll College,Helena,MT,https://www.carroll.edu/,Northwest Commission on Colleges and Universities,Private nonprofit,Graduate degree,46.600771,-112.040285,1092,0.7093,0.6929,0.8205,23960,61772,64.38,2026,399,us-doe-scorecard-featured-500-2026.1,https://collegescorecard.ed.gov/data/,2026-08-11T00:00:00.000Z,https://www.carroll.edu/sites/default/files/2025-11/You-Belong-Home-Cover-Large-1.jpg,https://www.google.com/s2/favicons?domain=carroll.edu&sz=256,https://www.carroll.edu/,https://www.carroll.edu/,"Carroll College is a private nonprofit institution in Helena, MT. This LivingWiki brings together federal education data and current official sources for academics, admissions, costs, campus life, and outcomes.",,,,,,
198464,00292300,East Carolina University,Greenville,NC,https://www.ecu.edu/,Southern Association of Colleges and Schools Commission on Colleges,Public,Graduate degree,35.607186,-77.368291,19896,0.8921,0.6262,0.8272,15739,55146,64.38,2026,400,us-doe-scorecard-featured-500-2026.1,https://collegescorecard.ed.gov/data/,2026-08-11T00:00:00.000Z,https://upload.wikimedia.org/wikipedia/commons/9/90/ECU_College_Hill_Dorm.jpg?utm_source=commons.wikimedia.org&utm_campaign=imageinfo&utm_content=thumbnail_unscaled,https://www.google.com/s2/favicons?domain=ecu.edu&sz=256,https://commons.wikimedia.org/wiki/File:ECU_College_Hill_Dorm.jpg,https://www.ecu.edu/,"East Carolina University is a public institution in Greenville, NC. This LivingWiki brings together federal education data and current official sources for academics, admissions, costs, campus life, and outcomes.",campus-fallback-wikimedia,CC BY-SA 3.0,ECU College Hill Dorm.jpg,640,439,2026-08-19T01:09:43.262Z
196103,00285100,SUNY College of Environmental Science and Forestry,Syracuse,NY,https://www.esf.edu/,Middle States Commission on Higher Education,Public,Graduate degree,43.034765,-76.138724,1839,0.6328,0.6632,0.8702,18952,55763,64.38,2026,401,us-doe-scorecard-featured-500-2026.1,https://collegescorecard.ed.gov/data/,2026-08-11T00:00:00.000Z,https://www.esf.edu/_images/home-featured/Aug26_ClassOf25.jpg,https://www.google.com/s2/favicons?domain=esf.edu&sz=256,https://www.esf.edu/,https://www.esf.edu/,"SUNY College of Environmental Science and Forestry is a public institution in Syracuse, NY. This LivingWiki brings together federal education data and current official sources for academics, admissions, costs, campus life, and outcomes.",official-campus-fallback,,Welcome to ESF,880,600,2026-08-19T00:38:44.520Z
236328,00379700,University of Puget Sound,Tacoma,WA,https://www.pugetsound.edu/,Northwest Commission on Colleges and Universities,Private nonprofit,Graduate degree,47.26308,-122.478982,1594,0.7225,0.6799,0.8402,38394,69594,64.37,2026,402,us-doe-scorecard-featured-500-2026.1,https://collegescorecard.ed.gov/data/,2026-08-11T00:00:00.000Z,https://www.pugetsound.edu/sites/default/files/2026-06/pxl_20260527_161948896.mp__0.jpg,https://www.google.com/s2/favicons?domain=pugetsound.edu&sz=256,https://www.pugetsound.edu/,https://www.pugetsound.edu/,"University of Puget Sound is a private nonprofit institution in Tacoma, WA. This LivingWiki brings together federal education data and current official sources for academics, admissions, costs, campus life, and outcomes.",official-campus-fallback,,University of Puget Sound Home Page | University of Puget Sound,2927,2191,2026-08-19T00:38:18.854Z
159647,00200800,Louisiana Tech University,Ruston,LA,https://www.latech.edu/,Southern Association of Colleges and Schools Commission on Colleges,Public,Graduate degree,32.528297,-92.649963,8312,0.864,0.6382,0.822,11864,52279,64.34,2026,403,us-doe-scorecard-featured-500-2026.1,https://collegescorecard.ed.gov/data/,2026-08-11T00:00:00.000Z,https://www.latech.edu/_resources/videos/Homepage_HeroBanner_VideoStill03-cropped.jpg,https://www.google.com/s2/favicons?domain=latech.edu&sz=256,https://www.latech.edu/,https://www.latech.edu/,"Louisiana Tech University is a public institution in Ruston, LA. This LivingWiki brings together federal education data and current official sources for academics, admissions, costs, campus life, and outcomes.",official-campus-fallback,,Maximize your potential at Louisiana Tech University,1920,963,2026-08-19T00:38:36.279Z
210401,00322700,Willamette University,Salem,OR,https://www.willamette.edu/,Northwest Commission on Colleges and Universities,Private nonprofit,Graduate degree,44.935457,-123.030537,1592,0.7709,0.7124,0.8651,25121,56911,64.34,2026,404,us-doe-scorecard-featured-500-2026.1,https://collegescorecard.ed.gov/data/,2026-08-11T00:00:00.000Z,https://willamette.b-cdn.net/salem-home/20250820-wc-08092b.webp?class=homeherols,https://www.google.com/s2/favicons?domain=willamette.edu&sz=256,https://willamette.edu/,https://www.willamette.edu/,"Willamette University is a private nonprofit institution in Salem, OR. This LivingWiki brings together federal education data and current official sources for academics, admissions, costs, campus life, and outcomes.",official-campus-fallback,,Willamette University | Oregon's Top Private University,1144,687,2026-08-19T00:38:40.486Z
208822,00319400,George Fox University,Newberg,OR,https://www.georgefox.edu/,Northwest Commission on Colleges and Universities,Private nonprofit,Graduate degree,45.303629,-122.967494,2699,0.9351,0.7196,0.8344,31679,59761,64.33,2026,405,us-doe-scorecard-featured-500-2026.1,https://collegescorecard.ed.gov/data/,2026-08-11T00:00:00.000Z,https://www.georgefox.edu/_assets-index/images/beknown-video_gfu1158.webp,https://www.google.com/s2/favicons?domain=georgefox.edu&sz=256,https://www.georgefox.edu/,https://www.georgefox.edu/,"George Fox University is a private nonprofit institution in Newberg, OR. This LivingWiki brings together federal education data and current official sources for academics, admissions, costs, campus life, and outcomes.",official-campus-fallback,,George Fox University | #1 Christian College in Oregon,1500,1000,2026-08-19T00:38:46.426Z
217059,00339900,York College of Pennsylvania,York,PA,https://www.ycp.edu/,Middle States Commission on Higher Education,Private nonprofit,Graduate degree,39.94614,-76.727984,3265,0.7374,0.641,0.7821,18556,61012,64.2,2026,406,us-doe-scorecard-featured-500-2026.1,https://collegescorecard.ed.gov/data/,2026-08-11T00:00:00.000Z,https://www.ycp.edu/sites/default/files/styles/primary_navigation/public/2024-03/Campbell_Hall_003_2.jpg?itok=yzcdQrSV,https://www.google.com/s2/favicons?domain=ycp.edu&sz=256,https://www.ycp.edu/admissions/admissions-team,https://www.ycp.edu/,"York College of Pennsylvania is a private nonprofit institution in York, PA. This LivingWiki brings together federal education data and current official sources for academics, admissions, costs, campus life, and outcomes.",official-campus-fallback,,Admissions Team | York College of Pennsylvania,960,422,2026-08-19T00:38:39.811Z
213251,00327900,Juniata College,Huntingdon,PA,https://www.juniata.edu/,Middle States Commission on Higher Education,Private nonprofit,Graduate degree,40.500523,-78.017292,1191,0.7891,0.735,0.8333,23988,56918,64.17,2026,407,us-doe-scorecard-featured-500-2026.1,https://collegescorecard.ed.gov/data/,2026-08-11T00:00:00.000Z,https://www.juniata.edu/main/images/aerial-quad-1200-630.jpg,https://www.google.com/s2/favicons?domain=juniata.edu&sz=256,https://www.juniata.edu/,https://www.juniata.edu/,"Juniata College is a private nonprofit institution in Huntingdon, PA. This LivingWiki brings together federal education data and current official sources for academics, admissions, costs, campus life, and outcomes.",,,,,,
157818,00198700,Transylvania University,Lexington,KY,https://www.transy.edu/,Southern Association of Colleges and Schools Commission on Colleges,Private nonprofit,Bachelor degree,38.052983,-84.493202,1005,0.8655,0.7148,0.8705,21913,54705,64.14,2026,408,us-doe-scorecard-featured-500-2026.1,https://collegescorecard.ed.gov/data/,2026-08-11T00:00:00.000Z,https://www.transy.edu/wp-content/uploads/2020/12/transylvania-university_carpenter-academic-center_lexington-kentucky-1200x630.jpg,https://www.google.com/s2/favicons?domain=transy.edu&sz=256,https://www.transy.edu/,https://www.transy.edu/,"Transylvania University is a private nonprofit institution in Lexington, KY. This LivingWiki brings together federal education data and current official sources for academics, admissions, costs, campus life, and outcomes.",,,,,,
239716,00389200,Saint Norbert College,De Pere,WI,https://www.snc.edu/,Higher Learning Commission,Private nonprofit,Graduate degree,44.44483,-88.067812,1662,0.8574,0.7129,0.8367,26172,58363,64.06,2026,409,us-doe-scorecard-featured-500-2026.1,https://collegescorecard.ed.gov/data/,2026-08-11T00:00:00.000Z,https://snc.edu/sites/default/files/styles/squared_extra_large/public/2025-06/1074_snc_graduation_2022.webp?itok=2JNAeh6P,https://www.google.com/s2/favicons?domain=snc.edu&sz=256,https://snc.edu/,https://www.snc.edu/,"Saint Norbert College is a private nonprofit institution in De Pere, WI. This LivingWiki brings together federal education data and current official sources for academics, admissions, costs, campus life, and outcomes.",official-campus-fallback,,Top-Rated Liberal Arts College In Wisconsin | St. Norbert College,1440,1440,2026-08-19T00:38:24.907Z
446604,03802300,Uta Mesivta of Kiryas Joel,Monroe,NY,https://utam.edu/,Association of Advanced Rabbinical and Talmudic Schools,Private nonprofit,Bachelor degree,41.333864,-74.161179,2957,,0.7019,0.9399,4156,31853,63.98,2026,410,us-doe-scorecard-featured-500-2026.1,https://collegescorecard.ed.gov/data/,2026-08-11T00:00:00.000Z,https://utam.edu/building.jpg,https://www.google.com/s2/favicons?domain=utam.edu&sz=256,https://utam.edu/,https://utam.edu/,"Uta Mesivta of Kiryas Joel is a private nonprofit institution in Monroe, NY. This LivingWiki brings together federal education data and current official sources for academics, admissions, costs, campus life, and outcomes.",official-manual-campus-override,,Uta Mesivta of Kiryas Joel building,576,196,2026-08-19T01:16:59.210Z
195809,00282300,St. John's University-New York,Queens,NY,https://www.stjohns.edu/,Middle States Commission on Higher Education,Private nonprofit,Graduate degree,40.722523,-73.796104,9477,0.8343,0.6609,0.787,29999,69571,63.93,2026,411,us-doe-scorecard-featured-500-2026.1,https://collegescorecard.ed.gov/data/,2026-08-11T00:00:00.000Z,https://www.stjohns.edu/sites/default/files/2022-12/20220928_sju_fall-425.jpg,https://www.google.com/s2/favicons?domain=stjohns.edu&sz=256,https://www.stjohns.edu/,https://www.stjohns.edu/,"St. John's University-New York is a private nonprofit institution in Queens, NY. This LivingWiki brings together federal education data and current official sources for academics, admissions, costs, campus life, and outcomes.",,,,,,
111188,00113400,Cal Poly Maritime Academy,Vallejo,CA,https://maritime.calpoly.edu/,Western Association of Schools and Colleges Senior Colleges and University Commission,Public,Graduate degree,38.069061,-122.231551,804,0.9501,0.5972,0.7746,20555,94784,63.85,2026,412,us-doe-scorecard-featured-500-2026.1,https://collegescorecard.ed.gov/data/,2026-08-11T00:00:00.000Z,https://maritime.calpoly.edu/sites/default/files/styles/width_1936/public/2025-05/20250325-Maritime-JJ0663-min.webp?itok=ymq1iMv2,https://www.google.com/s2/favicons?domain=maritime.calpoly.edu&sz=256,https://maritime.calpoly.edu/,https://maritime.calpoly.edu/,"Cal Poly Maritime Academy is a public institution in Vallejo, CA. This LivingWiki brings together federal education data and current official sources for academics, admissions, costs, campus life, and outcomes.",official-manual-campus-override,,Cal Poly Maritime Academy,1936,1089,2026-08-19T01:16:59.211Z
219976,00348600,Lipscomb University,Nashville,TN,https://www.lipscomb.edu/,Southern Association of Colleges and Schools Commission on Colleges,Private nonprofit,Graduate degree,36.106253,-86.799791,2997,0.6773,0.7216,0.8357,24739,55541,63.84,2026,413,us-doe-scorecard-featured-500-2026.1,https://collegescorecard.ed.gov/data/,2026-08-11T00:00:00.000Z,https://upload.wikimedia.org/wikipedia/commons/thumb/4/4f/Allen_Arena%2C_Lipscomb_University.jpg/1920px-Allen_Arena%2C_Lipscomb_University.jpg?utm_source=commons.wikimedia.org&utm_campaign=imageinfo&utm_content=thumbnail,https://www.google.com/s2/favicons?domain=lipscomb.edu&sz=256,"https://commons.wikimedia.org/wiki/File:Allen_Arena,_Lipscomb_University.jpg",https://www.lipscomb.edu/,"Lipscomb University is a private nonprofit institution in Nashville, TN. This LivingWiki brings together federal education data and current official sources for academics, admissions, costs, campus life, and outcomes.",campus-fallback-wikimedia,CC BY-SA 3.0,"Allen Arena, Lipscomb University.jpg",1920,1440,2026-08-19T01:09:54.114Z
165671,00214700,Emmanuel College,Boston,MA,https://www.emmanuel.edu/,New England Commission on Higher Education,Private nonprofit,Graduate degree,42.340602,-71.103634,1854,0.7565,0.6751,0.7858,26706,68245,63.82,2026,414,us-doe-scorecard-featured-500-2026.1,https://collegescorecard.ed.gov/data/,2026-08-11T00:00:00.000Z,https://cdn.bfldr.com/TTEM5E6X/at/ccs8v3x9tbnkr6gmfpbskwp/hero-aerial.jpg?drupal-image-style=dojo_16_9_ratio&width=1920&height=1080&precrop=1440%2C810%2Cx0%2Cy117%2Csafe&format=auto&h=ea84b715&itok=IqgC5OSa,https://www.google.com/s2/favicons?domain=emmanuel.edu&sz=256,https://www.emmanuel.edu/,https://www.emmanuel.edu/,"Emmanuel College is a private nonprofit institution in Boston, MA. This LivingWiki brings together federal education data and current official sources for academics, admissions, costs, campus life, and outcomes.",official-campus-fallback,,Emmanuel College | Boston Massachusetts,1440,810,2026-08-19T00:38:49.021Z
174817,00238000,Saint Mary's University of Minnesota,Winona,MN,https://www.smumn.edu/,Higher Learning Commission,Private nonprofit,Graduate degree,44.044736,-91.695449,1073,0.9278,0.6601,0.7463,11704,58170,63.8,2026,415,us-doe-scorecard-featured-500-2026.1,https://collegescorecard.ed.gov/data/,2026-08-11T00:00:00.000Z,https://staging-smumnprimarysite.kinsta.cloud/wp-content/uploads/2024/08/Because-of-you_reverse-white.png,https://www.google.com/s2/favicons?domain=smumn.edu&sz=256,https://www.smumn.edu/,https://www.smumn.edu/,"Saint Mary's University of Minnesota is a private nonprofit institution in Winona, MN. This LivingWiki brings together federal education data and current official sources for academics, admissions, costs, campus life, and outcomes.",official-campus-fallback,,Saint Mary&#039;s University of Minnesota,3167,1190,2026-08-19T00:38:30.074Z
190600,00269300,CUNY John Jay College of Criminal Justice,New York,NY,https://www.jjay.cuny.edu/,Middle States Commission on Higher Education,Public,Graduate degree,40.770351,-73.98841,11590,0.5711,0.5583,0.816,3203,56195,63.78,2026,416,us-doe-scorecard-featured-500-2026.1,https://collegescorecard.ed.gov/data/,2026-08-11T00:00:00.000Z,https://www.jjay.cuny.edu/sites/default/files/2023-02/black%20background.jpg,https://www.google.com/s2/favicons?domain=jjay.cuny.edu&sz=256,https://www.jjay.cuny.edu/,https://www.jjay.cuny.edu/,"CUNY John Jay College of Criminal Justice is a public institution in New York, NY. This LivingWiki brings together federal education data and current official sources for academics, admissions, costs, campus life, and outcomes.",official-campus-fallback,,John Jay College Homepage | John Jay College of Criminal Justice,1700,1133,2026-08-19T00:38:41.257Z
190716,00271200,D'Youville  University,Buffalo,NY,https://www.dyu.edu/,Middle States Commission on Higher Education,Private nonprofit,Graduate degree,42.902636,-78.890868,1258,0.8137,0.6749,0.7344,20433,66942,63.6,2026,417,us-doe-scorecard-featured-500-2026.1,https://collegescorecard.ed.gov/data/,2026-08-11T00:00:00.000Z,https://www.dyu.edu/modules/custom/newcity_customizations/images/default-social.jpg,https://www.google.com/s2/favicons?domain=dyu.edu&sz=256,https://www.dyu.edu/,https://www.dyu.edu/,"D'Youville  University is a private nonprofit institution in Buffalo, NY. This LivingWiki brings together federal education data and current official sources for academics, admissions, costs, campus life, and outcomes.",,,,,,
151801,00182200,Indiana Wesleyan University-Marion,Marion,IN,https://www.indwes.edu/,Higher Learning Commission,Private nonprofit,Graduate degree,40.517937,-85.667503,1974,0.8894,0.6671,0.829,22866,59986,63.6,2026,418,us-doe-scorecard-featured-500-2026.1,https://collegescorecard.ed.gov/data/,2026-08-11T00:00:00.000Z,https://www.indwes.edu/_img/index/reskin/Lester_090924_2041-1.webp,https://www.google.com/s2/favicons?domain=indwes.edu&sz=256,https://www.indwes.edu/,https://www.indwes.edu/,"Indiana Wesleyan University-Marion is a private nonprofit institution in Marion, IN. This LivingWiki brings together federal education data and current official sources for academics, admissions, costs, campus life, and outcomes.",official-campus-fallback,,Indiana Wesleyan University | Where Christ Leads Learning | IWU,992,661,2026-08-19T00:38:44.043Z
215798,00336800,Saint Vincent College,Latrobe,PA,https://www.stvincent.edu/,Middle States Commission on Higher Education,Private nonprofit,Graduate degree,40.29265,-79.403762,1259,0.6173,0.6859,0.8225,23510,59982,63.54,2026,419,us-doe-scorecard-featured-500-2026.1,https://collegescorecard.ed.gov/data/,2026-08-11T00:00:00.000Z,https://www.stvincent.edu/assets/images/together-we-rise/svc-featured-image.jpg,https://www.google.com/s2/favicons?domain=stvincent.edu&sz=256,https://www.stvincent.edu/,https://www.stvincent.edu/,"Saint Vincent College is a private nonprofit institution in Latrobe, PA. This LivingWiki brings together federal education data and current official sources for academics, admissions, costs, campus life, and outcomes.",,,,,,
222983,00354300,Austin College,Sherman,TX,https://www.austincollege.edu/,Southern Association of Colleges and Schools Commission on Colleges,Private nonprofit,Graduate degree,33.646345,-96.596331,1165,0.4765,0.6705,0.7939,21107,61296,63.45,2026,420,us-doe-scorecard-featured-500-2026.1,https://collegescorecard.ed.gov/data/,2026-08-11T00:00:00.000Z,https://resources.finalsite.net/videos/v1716432430/austincollegeedu/xb2ewvoswbhjihg5yvgx/Brand-Identity_Spring-24_FL-1.jpg,https://www.google.com/s2/favicons?domain=austincollege.edu&sz=256,https://www.austincollege.edu/,https://www.austincollege.edu/,"Austin College is a private nonprofit institution in Sherman, TX. This LivingWiki brings together federal education data and current official sources for academics, admissions, costs, campus life, and outcomes.",official-campus-fallback,,"Private College Near Dallas, Texas | Austin College",1920,1080,2026-08-19T00:44:27.362Z
232256,00371300,Hampden-Sydney College,Hampden-Sydney,VA,https://www.hsc.edu/,Southern Association of Colleges and Schools Commission on Colleges,Private nonprofit,Bachelor degree,37.240615,-78.464216,946,0.4092,0.6217,0.8368,22400,67640,63.3,2026,421,us-doe-scorecard-featured-500-2026.1,https://collegescorecard.ed.gov/data/,2026-08-11T00:00:00.000Z,https://www.hsc.edu/Images/1homeHeroSliders/2024Memorial%20GateWalker.jpg,https://www.google.com/s2/favicons?domain=hsc.edu&sz=256,https://www.hsc.edu/,https://www.hsc.edu/,"Hampden-Sydney College is a private nonprofit institution in Hampden-Sydney, VA. This LivingWiki brings together federal education data and current official sources for academics, admissions, costs, campus life, and outcomes.",official-campus-fallback,,Hampden-Sydney College,1600,900,2026-08-19T00:44:13.505Z
192703,00275800,Manhattan University,Riverdale,NY,https://www.manhattan.edu/,Middle States Commission on Higher Education,Private nonprofit,Graduate degree,40.889756,-73.901893,2744,0.7894,0.6371,0.7598,27256,86316,63.3,2026,422,us-doe-scorecard-featured-500-2026.1,https://collegescorecard.ed.gov/data/,2026-08-11T00:00:00.000Z,https://manhattan.edu/sites/default/files/styles/4_3_1254w/public/media/2026-06/campus-outside-quad-3000x2000.jpg?h=c6980913&itok=tJnlCIDm,https://www.google.com/s2/favicons?domain=manhattan.edu&sz=256,https://manhattan.edu/,https://www.manhattan.edu/,"Manhattan University is a private nonprofit institution in Riverdale, NY. This LivingWiki brings together federal education data and current official sources for academics, admissions, costs, campus life, and outcomes.",official-manual-campus-override,,Manhattan University campus quad,1254,940,2026-08-19T01:16:59.211Z
153825,00187300,Loras College,Dubuque,IA,https://www.loras.edu/,Higher Learning Commission,Private nonprofit,Graduate degree,42.503908,-90.679023,1083,0.9986,0.676,0.8228,20716,58289,63.22,2026,423,us-doe-scorecard-featured-500-2026.1,https://collegescorecard.ed.gov/data/,2026-08-11T00:00:00.000Z,https://loras.edu/wp-content/uploads/Pillar_sunset-scaled-1.jpg,https://www.google.com/s2/favicons?domain=loras.edu&sz=256,https://loras.edu/,https://www.loras.edu/,"Loras College is a private nonprofit institution in Dubuque, IA. This LivingWiki brings together federal education data and current official sources for academics, admissions, costs, campus life, and outcomes.",,,,,,
212805,00326900,Grove City College,Grove City,PA,https://www.gcc.edu/,Middle States Commission on Higher Education,Private nonprofit,Graduate degree,41.1558,-80.081481,2216,0.7232,0.8317,0.8833,,,63.19,2026,424,us-doe-scorecard-featured-500-2026.1,https://collegescorecard.ed.gov/data/,2026-08-11T00:00:00.000Z,https://upload.wikimedia.org/wikipedia/commons/thumb/4/47/Gcc_rainbow_bridge.jpg/1920px-Gcc_rainbow_bridge.jpg?utm_source=commons.wikimedia.org&utm_campaign=imageinfo&utm_content=thumbnail,https://www.google.com/s2/favicons?domain=gcc.edu&sz=256,https://commons.wikimedia.org/wiki/File:Gcc_rainbow_bridge.jpg,https://www.gcc.edu/,"Grove City College is a private nonprofit institution in Grove City, PA. This LivingWiki brings together federal education data and current official sources for academics, admissions, costs, campus life, and outcomes.",campus-fallback-wikimedia,Public domain,Gcc rainbow bridge.jpg,1920,1440,2026-08-19T00:44:05.735Z
164173,00210700,Stevenson University,Owings Mills,MD,https://www.stevenson.edu/,Middle States Commission on Higher Education,Private nonprofit,Graduate degree,39.426413,-76.775809,3102,0.7891,0.6849,0.7879,26505,62079,63.18,2026,425,us-doe-scorecard-featured-500-2026.1,https://collegescorecard.ed.gov/data/,2026-08-11T00:00:00.000Z,https://www.stevenson.edu/wp-content/uploads/zhanna_alyssa_change_v1.jpg,https://www.google.com/s2/favicons?domain=stevenson.edu&sz=256,https://www.stevenson.edu/,https://www.stevenson.edu/,"Stevenson University is a private nonprofit institution in Owings Mills, MD. This LivingWiki brings together federal education data and current official sources for academics, admissions, costs, campus life, and outcomes.",,,,,,
224323,00365100,University of Dallas,Irving,TX,https://udallas.edu/,Southern Association of Colleges and Schools Commission on Colleges,Private nonprofit,Graduate degree,32.846221,-96.919512,1403,0.5344,0.7307,0.7723,22610,58285,63.17,2026,426,us-doe-scorecard-featured-500-2026.1,https://collegescorecard.ed.gov/data/,2026-08-11T00:00:00.000Z,https://udallas.edu/,https://www.google.com/s2/favicons?domain=udallas.edu&sz=256,https://udallas.edu/,https://udallas.edu/,"University of Dallas is a private nonprofit institution in Irving, TX. This LivingWiki brings together federal education data and current official sources for academics, admissions, costs, campus life, and outcomes.",,,,,,
214157,00330100,Moravian University,Bethlehem,PA,https://www.moravian.edu/,Middle States Commission on Higher Education,Private nonprofit,Graduate degree,40.630947,-75.383638,1949,0.5417,0.7169,0.7917,30670,61860,63.16,2026,427,us-doe-scorecard-featured-500-2026.1,https://collegescorecard.ed.gov/data/,2026-08-11T00:00:00.000Z,https://upload.wikimedia.org/wikipedia/commons/thumb/2/2d/Brethren_House%2C_Moravian_University%2C_Main_Street_and_Church_Street%2C_Bethlehem%2C_PA_-_52409259937.jpg/1920px-Brethren_House%2C_Moravian_University%2C_Main_Street_and_Church_Street%2C_Bethlehem%2C_PA_-_52409259937.jpg?utm_source=commons.wikimedia.org&utm_campaign=imageinfo&utm_content=thumbnail,https://www.google.com/s2/favicons?domain=moravian.edu&sz=256,"https://commons.wikimedia.org/wiki/File:Brethren_House,_Moravian_University,_Main_Street_and_Church_Street,_Bethlehem,_PA_-_52409259937.jpg",https://www.moravian.edu/,"Moravian University is a private nonprofit institution in Bethlehem, PA. This LivingWiki brings together federal education data and current official sources for academics, admissions, costs, campus life, and outcomes.",campus-fallback-wikimedia,CC BY-SA 2.0,"Brethren House, Moravian University, Main Street and Church Street, Bethlehem, PA - 52409259937.jpg",1920,1440,2026-08-19T00:44:05.860Z
107141,00110000,John Brown University,Siloam Springs,AR,https://www.jbu.edu/,Higher Learning Commission,Private nonprofit,Graduate degree,36.189812,-94.560283,1471,0.7614,0.7179,0.8148,20397,53907,63.08,2026,428,us-doe-scorecard-featured-500-2026.1,https://collegescorecard.ed.gov/data/,2026-08-11T00:00:00.000Z,https://19902035.fs1.hubspotusercontent-na1.net/hubfs/19902035/home/images/2025%20refresh/Homepage_Quad.webp,https://www.google.com/s2/favicons?domain=jbu.edu&sz=256,https://www.jbu.edu/,https://www.jbu.edu/,"John Brown University is a private nonprofit institution in Siloam Springs, AR. This LivingWiki brings together federal education data and current official sources for academics, admissions, costs, campus life, and outcomes.",official-campus-fallback,,John Brown University: A&nbsp;Christian College in Northwest Arkansas,1198,800,2026-08-19T00:38:49.238Z
153834,00187400,Luther College,Decorah,IA,https://www.luther.edu/,Higher Learning Commission,Private nonprofit,Bachelor degree,43.312304,-91.802809,1379,0.7154,0.7112,0.7699,23097,59850,62.93,2026,429,us-doe-scorecard-featured-500-2026.1,https://collegescorecard.ed.gov/data/,2026-08-11T00:00:00.000Z,https://live-luther.pantheonsite.io/wp-content/uploads/2022/08/915644.jpg,https://www.google.com/s2/favicons?domain=luther.edu&sz=256,https://www.luther.edu/,https://www.luther.edu/,"Luther College is a private nonprofit institution in Decorah, IA. This LivingWiki brings together federal education data and current official sources for academics, admissions, costs, campus life, and outcomes.",,,,,,
233295,00373300,Randolph-Macon College,Ashland,VA,https://www.rmc.edu/,Southern Association of Colleges and Schools Commission on Colleges,Private nonprofit,Graduate degree,37.76043,-77.478416,1639,0.8661,0.7048,0.8372,27866,58448,62.93,2026,430,us-doe-scorecard-featured-500-2026.1,https://collegescorecard.ed.gov/data/,2026-08-11T00:00:00.000Z,https://www.rmc.edu/wp-content/uploads/2023/07/DJB_1307-DB3294-RMC-Spring-on-Campus-4_9_20-1024x704.jpg,https://www.google.com/s2/favicons?domain=rmc.edu&sz=256,https://www.rmc.edu/,https://www.rmc.edu/,"Randolph-Macon College is a private nonprofit institution in Ashland, VA. This LivingWiki brings together federal education data and current official sources for academics, admissions, costs, campus life, and outcomes.",,,,,,
193584,00277900,Nazareth University,Rochester,NY,https://www2.naz.edu/,Middle States Commission on Higher Education,Private nonprofit,Graduate degree,43.101576,-77.518579,1873,0.7472,0.7279,0.8482,29357,56458,62.92,2026,431,us-doe-scorecard-featured-500-2026.1,https://collegescorecard.ed.gov/data/,2026-08-11T00:00:00.000Z,https://www2.naz.edu/files/6716/9506/7321/cambodia-study-abroad.jpg,https://www.google.com/s2/favicons?domain=www2.naz.edu&sz=256,https://www2.naz.edu/,https://www2.naz.edu/,"Nazareth University is a private nonprofit institution in Rochester, NY. This LivingWiki brings together federal education data and current official sources for academics, admissions, costs, campus life, and outcomes.",official-campus-fallback,,"Nazareth University | Rochester, NY",900,450,2026-08-19T00:44:08.068Z
152530,00183800,Taylor University,Upland,IN,https://www.taylor.edu/,Higher Learning Commission,Private nonprofit,Graduate degree,40.456246,-85.497034,2025,0.7353,0.7381,0.8929,24865,52198,62.92,2026,432,us-doe-scorecard-featured-500-2026.1,https://collegescorecard.ed.gov/data/,2026-08-11T00:00:00.000Z,https://www.taylor.edu/_images/admissions/visit-photocarousel-taylorsign.jpg,https://www.google.com/s2/favicons?domain=taylor.edu&sz=256,https://www.taylor.edu/,https://www.taylor.edu/,"Taylor University is a private nonprofit institution in Upland, IN. This LivingWiki brings together federal education data and current official sources for academics, admissions, costs, campus life, and outcomes.",,,,,,
205957,00303600,Franciscan University of Steubenville,Steubenville,OH,https://www.franciscan.edu/,Higher Learning Commission,Private nonprofit,Graduate degree,40.376919,-80.620524,2901,0.5836,0.7545,0.8748,23589,50030,62.9,2026,433,us-doe-scorecard-featured-500-2026.1,https://collegescorecard.ed.gov/data/,2026-08-11T00:00:00.000Z,https://franciscan.edu/wp-content/uploads/2021/11/Home-Page-Featured-Image.jpg,https://www.google.com/s2/favicons?domain=franciscan.edu&sz=256,https://franciscan.edu/,https://www.franciscan.edu/,"Franciscan University of Steubenville is a private nonprofit institution in Steubenville, OH. This LivingWiki brings together federal education data and current official sources for academics, admissions, costs, campus life, and outcomes.",,,,,,
110608,00115300,California State University-Northridge,Northridge,CA,https://www.csun.edu/,Western Association of Schools and Colleges Senior Colleges and University Commission,Public,Graduate degree,34.240126,-118.529319,32691,0.9345,0.5695,0.7344,7021,59115,62.88,2026,434,us-doe-scorecard-featured-500-2026.1,https://collegescorecard.ed.gov/data/,2026-08-11T00:00:00.000Z,https://upload.wikimedia.org/wikipedia/commons/thumb/d/d5/Los_Angeles_CA_20181207_%281%29.jpg/1920px-Los_Angeles_CA_20181207_%281%29.jpg?utm_source=commons.wikimedia.org&utm_campaign=imageinfo&utm_content=thumbnail,https://www.google.com/s2/favicons?domain=csun.edu&sz=256,https://commons.wikimedia.org/wiki/File:Los_Angeles_CA_20181207_(1).jpg,https://www.csun.edu/,"California State University-Northridge is a public institution in Northridge, CA. This LivingWiki brings together federal education data and current official sources for academics, admissions, costs, campus life, and outcomes.",campus-fallback-wikimedia,CC0,Los Angeles CA 20181207 (1).jpg,1920,1440,2026-08-19T00:44:05.815Z
161299,00204400,Maine Maritime Academy,Castine,ME,https://mainemaritime.edu/,New England Commission on Higher Education,Public,Graduate degree,44.389654,-68.804347,942,0.5414,0.5818,0.8166,23414,89964,62.83,2026,435,us-doe-scorecard-featured-500-2026.1,https://collegescorecard.ed.gov/data/,2026-08-11T00:00:00.000Z,https://upload.wikimedia.org/wikipedia/commons/thumb/e/ea/Main_Campus%2C_Maine_Maritime_Academy_in_Castine_IMG_2377.JPG/1920px-Main_Campus%2C_Maine_Maritime_Academy_in_Castine_IMG_2377.JPG?utm_source=commons.wikimedia.org&utm_campaign=imageinfo&utm_content=thumbnail,https://www.google.com/s2/favicons?domain=mainemaritime.edu&sz=256,"https://commons.wikimedia.org/wiki/File:Main_Campus,_Maine_Maritime_Academy_in_Castine_IMG_2377.JPG",https://mainemaritime.edu/,"Maine Maritime Academy is a public institution in Castine, ME. This LivingWiki brings together federal education data and current official sources for academics, admissions, costs, campus life, and outcomes.",campus-fallback-wikimedia,CC BY-SA 3.0,"Main Campus, Maine Maritime Academy in Castine IMG 2377.JPG",1920,1280,2026-08-19T00:44:05.779Z
240727,00393200,University of Wyoming,Laramie,WY,https://www.uwyo.edu/,Higher Learning Commission,Public,Graduate degree,41.311773,-105.57931,7944,0.9688,0.5884,0.7968,13599,56880,62.83,2026,436,us-doe-scorecard-featured-500-2026.1,https://collegescorecard.ed.gov/data/,2026-08-11T00:00:00.000Z,https://upload.wikimedia.org/wikipedia/commons/thumb/5/5d/Engineering_Hall_at_the_University_of_Wyoming_-_Laramie_%2854000079789%29.jpg/1920px-Engineering_Hall_at_the_University_of_Wyoming_-_Laramie_%2854000079789%29.jpg?utm_source=commons.wikimedia.org&utm_campaign=imageinfo&utm_content=thumbnail,https://www.google.com/s2/favicons?domain=uwyo.edu&sz=256,https://commons.wikimedia.org/wiki/File:Engineering_Hall_at_the_University_of_Wyoming_-_Laramie_(54000079789).jpg,https://www.uwyo.edu/,"University of Wyoming is a public institution in Laramie, WY. This LivingWiki brings together federal education data and current official sources for academics, admissions, costs, campus life, and outcomes.",campus-fallback-wikimedia,CC BY 2.0,Engineering Hall at the University of Wyoming - Laramie (54000079789).jpg,1920,1280,2026-08-19T00:44:05.787Z
219709,00347900,Belmont University,Nashville,TN,https://www.belmont.edu/,Southern Association of Colleges and Schools Commission on Colleges,Private nonprofit,Graduate degree,36.135589,-86.794807,7137,0.9528,0.7066,0.8694,33147,55930,62.76,2026,437,us-doe-scorecard-featured-500-2026.1,https://collegescorecard.ed.gov/data/,2026-08-11T00:00:00.000Z,https://www.belmont.edu/_assets/img/home/header-videos-and-thumbnails/headerposter-main-v2.webp,https://www.google.com/s2/favicons?domain=belmont.edu&sz=256,https://www.belmont.edu/,https://www.belmont.edu/,"Belmont University is a private nonprofit institution in Nashville, TN. This LivingWiki brings together federal education data and current official sources for academics, admissions, costs, campus life, and outcomes.",,,,,,
139861,00160200,Georgia College & State University,Milledgeville,GA,https://www.gcsu.edu/,Southern Association of Colleges and Schools Commission on Colleges,Public,Graduate degree,33.082787,-83.231962,5947,0.7823,0.6361,0.8235,20686,58140,62.76,2026,438,us-doe-scorecard-featured-500-2026.1,https://collegescorecard.ed.gov/data/,2026-08-11T00:00:00.000Z,https://upload.wikimedia.org/wikipedia/commons/thumb/5/5c/Donovan_Hall.JPG/1920px-Donovan_Hall.JPG?utm_source=commons.wikimedia.org&utm_campaign=imageinfo&utm_content=thumbnail,https://www.google.com/s2/favicons?domain=gcsu.edu&sz=256,https://commons.wikimedia.org/wiki/File:Donovan_Hall.JPG,https://www.gcsu.edu/,"Georgia College & State University is a public institution in Milledgeville, GA. This LivingWiki brings together federal education data and current official sources for academics, admissions, costs, campus life, and outcomes.",campus-fallback-wikimedia,CC BY-SA 3.0,Donovan Hall.JPG,1920,1454,2026-08-19T00:44:05.888Z
234030,00373500,Virginia Commonwealth University,Richmond,VA,https://www.vcu.edu/,Southern Association of Colleges and Schools Commission on Colleges,Public,Graduate degree,37.54962,-77.452697,20753,0.9262,0.6318,0.8534,23433,58128,62.66,2026,439,us-doe-scorecard-featured-500-2026.1,https://collegescorecard.ed.gov/data/,2026-08-11T00:00:00.000Z,https://vcu.edu/media/vcu-homepage/assets/images/social_og_img_1200x632.jpg,https://www.google.com/s2/favicons?domain=vcu.edu&sz=256,https://www.vcu.edu/,https://www.vcu.edu/,"Virginia Commonwealth University is a public institution in Richmond, VA. This LivingWiki brings together federal education data and current official sources for academics, admissions, costs, campus life, and outcomes.",,,,,,
433660,03255300,Florida Gulf Coast University,Fort Myers,FL,https://www.fgcu.edu/,Southern Association of Colleges and Schools Commission on Colleges,Public,Graduate degree,26.463638,-81.7726,13874,0.6344,0.574,0.8322,12568,54560,62.59,2026,440,us-doe-scorecard-featured-500-2026.1,https://collegescorecard.ed.gov/data/,2026-08-11T00:00:00.000Z,https://www.fgcu.edu/_resources/images/social-preview.jpg,https://www.google.com/s2/favicons?domain=fgcu.edu&sz=256,https://www.fgcu.edu/,https://www.fgcu.edu/,"Florida Gulf Coast University is a public institution in Fort Myers, FL. This LivingWiki brings together federal education data and current official sources for academics, admissions, costs, campus life, and outcomes.",,,,,,
127918,00136300,Regis University,Denver,CO,https://www.regis.edu/,Higher Learning Commission,Private nonprofit,Graduate degree,39.788175,-105.030756,2627,0.8646,0.6102,0.7143,18397,72105,62.46,2026,441,us-doe-scorecard-featured-500-2026.1,https://collegescorecard.ed.gov/data/,2026-08-11T00:00:00.000Z,https://www.regis.edu/_images/banners/home-hero-summer-1440x600.jpg,https://www.google.com/s2/favicons?domain=regis.edu&sz=256,https://www.regis.edu/,https://www.regis.edu/,"Regis University is a private nonprofit institution in Denver, CO. This LivingWiki brings together federal education data and current official sources for academics, admissions, costs, campus life, and outcomes.",official-campus-fallback,,"Regis University | Jesuit Catholic University in Denver, Colorado",1440,600,2026-08-19T00:44:10.205Z
203960,03097000,Mercy College of Ohio,Toledo,OH,https://www.mercycollege.edu/,Higher Learning Commission,Private nonprofit,Graduate degree,41.658319,-83.552538,939,0.9322,0.5581,0.8667,17989,65409,62.42,2026,442,us-doe-scorecard-featured-500-2026.1,https://collegescorecard.ed.gov/data/,2026-08-11T00:00:00.000Z,https://assets.mercycollege.edu/uploads/images/_1200x630_crop_center-center_82_none/RJW_3976.jpg?mtime=1707927997,https://www.google.com/s2/favicons?domain=mercycollege.edu&sz=256,https://mercycollege.edu/,https://www.mercycollege.edu/,"Mercy College of Ohio is a private nonprofit institution in Toledo, OH. This LivingWiki brings together federal education data and current official sources for academics, admissions, costs, campus life, and outcomes.",,,,,,
199184,00398100,University of North Carolina School of the Arts,Winston Salem,NC,https://www.uncsa.edu/,Southern Association of Colleges and Schools Commission on Colleges,Public,Graduate degree,36.076183,-80.235672,945,0.2997,0.7778,0.9276,14906,38357,62.42,2026,443,us-doe-scorecard-featured-500-2026.1,https://collegescorecard.ed.gov/data/,2026-08-11T00:00:00.000Z,https://www.uncsa.edu/img/social/uncsa-default-social.png,https://www.google.com/s2/favicons?domain=uncsa.edu&sz=256,https://www.uncsa.edu/,https://www.uncsa.edu/,"University of North Carolina School of the Arts is a public institution in Winston Salem, NC. This LivingWiki brings together federal education data and current official sources for academics, admissions, costs, campus life, and outcomes.",,,,,,
176080,00242300,Mississippi State University,Mississippi State,MS,https://www.msstate.edu/,Southern Association of Colleges and Schools Commission on Colleges,Public,Graduate degree,33.454852,-88.790139,18397,0.7764,0.6667,0.825,17595,51513,62.39,2026,444,us-doe-scorecard-featured-500-2026.1,https://collegescorecard.ed.gov/data/,2026-08-11T00:00:00.000Z,https://www.msstate.edu/sites/www.msstate.edu/files/og_front.jpg,https://www.google.com/s2/favicons?domain=msstate.edu&sz=256,https://www.msstate.edu/,https://www.msstate.edu/,"Mississippi State University is a public institution in Mississippi State, MS. This LivingWiki brings together federal education data and current official sources for academics, admissions, costs, campus life, and outcomes.",,,,,,
196592,01014200,Touro University,New York,NY,https://www.touro.edu/,Middle States Commission on Higher Education,Private nonprofit,Graduate degree,40.756832,-73.987049,4040,0.6083,0.7239,0.8883,29627,53419,62.33,2026,445,us-doe-scorecard-featured-500-2026.1,https://collegescorecard.ed.gov/data/,2026-08-11T00:00:00.000Z,https://upload.wikimedia.org/wikipedia/commons/thumb/1/18/Medical_School.jpg/1920px-Medical_School.jpg?utm_source=commons.wikimedia.org&utm_campaign=imageinfo&utm_content=thumbnail,https://www.google.com/s2/favicons?domain=touro.edu&sz=256,https://commons.wikimedia.org/wiki/File:Medical_School.jpg,https://www.touro.edu/,"Touro University is a private nonprofit institution in New York, NY. This LivingWiki brings together federal education data and current official sources for academics, admissions, costs, campus life, and outcomes.",campus-fallback-wikimedia,Public domain,Medical School.jpg,1920,1440,2026-08-19T00:44:05.731Z
107044,00109700,Harding University,Searcy,AR,https://www.harding.edu/,Higher Learning Commission,Private nonprofit,Graduate degree,35.247386,-91.726143,3382,0.7052,0.6879,0.864,22130,52876,62.31,2026,446,us-doe-scorecard-featured-500-2026.1,https://collegescorecard.ed.gov/data/,2026-08-11T00:00:00.000Z,https://www.harding.edu/_files/img/16-9_standard/05-02-2023-9885-1.jpg,https://www.google.com/s2/favicons?domain=harding.edu&sz=256,https://www.harding.edu/,https://www.harding.edu/,"Harding University is a private nonprofit institution in Searcy, AR. This LivingWiki brings together federal education data and current official sources for academics, admissions, costs, campus life, and outcomes.",,,,,,
214069,00324700,Misericordia University,Dallas,PA,https://www.misericordia.edu/,Middle States Commission on Higher Education,Private nonprofit,Graduate degree,41.345277,-75.971541,1672,0.7093,0.7171,0.7764,37485,64313,62.27,2026,447,us-doe-scorecard-featured-500-2026.1,https://collegescorecard.ed.gov/data/,2026-08-11T00:00:00.000Z,https://upload.wikimedia.org/wikipedia/commons/thumb/c/ce/Classroom_in_Mercy_Hall_Misericordia_University_interior_05.jpg/1920px-Classroom_in_Mercy_Hall_Misericordia_University_interior_05.jpg?utm_source=commons.wikimedia.org&utm_campaign=imageinfo&utm_content=thumbnail,https://www.google.com/s2/favicons?domain=misericordia.edu&sz=256,https://commons.wikimedia.org/wiki/File:Classroom_in_Mercy_Hall_Misericordia_University_interior_05.jpg,https://www.misericordia.edu/,"Misericordia University is a private nonprofit institution in Dallas, PA. This LivingWiki brings together federal education data and current official sources for academics, admissions, costs, campus life, and outcomes.",campus-fallback-wikimedia,CC BY-SA 4.0,Classroom in Mercy Hall Misericordia University interior 05.jpg,1920,1438,2026-08-19T00:44:05.862Z
206622,00314400,Xavier University,Cincinnati,OH,https://www.xavier.edu/,Higher Learning Commission,Private nonprofit,Graduate degree,39.149547,-84.47465,4207,0.8641,0.6865,0.7747,32997,64873,62.15,2026,448,us-doe-scorecard-featured-500-2026.1,https://collegescorecard.ed.gov/data/,2026-08-11T00:00:00.000Z,https://www.xavier.edu/now/images/facebook-card.jpg,https://www.google.com/s2/favicons?domain=xavier.edu&sz=256,https://www.xavier.edu/,https://www.xavier.edu/,"Xavier University is a private nonprofit institution in Cincinnati, OH. This LivingWiki brings together federal education data and current official sources for academics, admissions, costs, campus life, and outcomes.",,,,,,
164216,00210800,Washington College,Chestertown,MD,https://www.washcoll.edu/,Middle States Commission on Higher Education,Private nonprofit,Bachelor degree,39.217329,-76.06878,891,0.5689,0.6537,0.8391,27898,65518,62.08,2026,449,us-doe-scorecard-featured-500-2026.1,https://collegescorecard.ed.gov/data/,2026-08-11T00:00:00.000Z,https://www.washcoll.edu/live/news/_images/brookings-interns.jpg,https://www.google.com/s2/favicons?domain=washcoll.edu&sz=256,https://www.washcoll.edu/news/index.php,https://www.washcoll.edu/,"Washington College is a private nonprofit institution in Chestertown, MD. This LivingWiki brings together federal education data and current official sources for academics, admissions, costs, campus life, and outcomes.",official-campus-fallback,,Washington College News,870,580,2026-08-19T00:44:15.430Z
213826,00329600,Marywood University,Scranton,PA,https://www.marywood.edu/,Middle States Commission on Higher Education,Private nonprofit,Graduate degree,41.434587,-75.634142,1784,0.6058,0.7165,0.7981,23388,55817,62.01,2026,450,us-doe-scorecard-featured-500-2026.1,https://collegescorecard.ed.gov/data/,2026-08-11T00:00:00.000Z,https://www.marywood.edu/application/themes/mint/images/Marywood-M-Horizontal-1200x630.jpg,https://www.google.com/s2/favicons?domain=marywood.edu&sz=256,https://www.marywood.edu/,https://www.marywood.edu/,"Marywood University is a private nonprofit institution in Scranton, PA. This LivingWiki brings together federal education data and current official sources for academics, admissions, costs, campus life, and outcomes.",,,,,,
138354,00395500,University of West Florida,Pensacola,FL,https://uwf.edu/,Southern Association of Colleges and Schools Commission on Colleges,Public,Graduate degree,30.549076,-87.218511,9330,0.5824,0.588,0.8876,9364,49137,61.97,2026,451,us-doe-scorecard-featured-500-2026.1,https://collegescorecard.ed.gov/data/,2026-08-11T00:00:00.000Z,https://uwf.edu/media/style-assets/homepage/banners/Brand-Refresh-1280x720-2026-June.png,https://www.google.com/s2/favicons?domain=uwf.edu&sz=256,https://uwf.edu/,https://uwf.edu/,"University of West Florida is a public institution in Pensacola, FL. This LivingWiki brings together federal education data and current official sources for academics, admissions, costs, campus life, and outcomes.",official-campus-fallback,,Home | University of West Florida,1280,720,2026-08-19T00:44:13.449Z
172644,00232900,Wayne State University,Detroit,MI,https://wayne.edu/,Higher Learning Commission,Public,Graduate degree,42.358994,-83.068998,15587,0.8116,0.5844,0.8265,12766,53493,61.95,2026,452,us-doe-scorecard-featured-500-2026.1,https://collegescorecard.ed.gov/data/,2026-08-11T00:00:00.000Z,https://assets.wayne.edu/images/opengraph/wsu-social-share.png,https://www.google.com/s2/favicons?domain=wayne.edu&sz=256,https://wayne.edu/about,https://wayne.edu/,"Wayne State University is a public institution in Detroit, MI. This LivingWiki brings together federal education data and current official sources for academics, admissions, costs, campus life, and outcomes.",official-campus-fallback,,About - Wayne State University,1200,630,2026-08-19T00:44:39.000Z
227216,00359400,University of North Texas,Denton,TX,https://www.unt.edu/,Southern Association of Colleges and Schools Commission on Colleges,Public,Graduate degree,33.211178,-97.148422,34341,0.7223,0.6071,0.7665,15649,57010,61.91,2026,453,us-doe-scorecard-featured-500-2026.1,https://collegescorecard.ed.gov/data/,2026-08-11T00:00:00.000Z,https://www.unt.edu/_homepage_images/22_0271_earth-fest0010crop2.jpg,https://www.google.com/s2/favicons?domain=unt.edu&sz=256,https://www.unt.edu/,https://www.unt.edu/,"University of North Texas is a public institution in Denton, TX. This LivingWiki brings together federal education data and current official sources for academics, admissions, costs, campus life, and outcomes.",official-campus-fallback,,UNT Home | University of North Texas,1920,1036,2026-08-19T00:44:38.797Z
189705,00268100,Canisius University,Buffalo,NY,https://www.canisius.edu/,Middle States Commission on Higher Education,Private nonprofit,Graduate degree,42.925206,-78.852577,1685,0.7236,0.6639,0.7262,17940,60681,61.82,2026,454,us-doe-scorecard-featured-500-2026.1,https://collegescorecard.ed.gov/data/,2026-08-11T00:00:00.000Z,https://www.canisius.edu/sites/default/files/styles/open_graph_image/public/legacy/home/header-image/hero-image-3.jpg?h=3281b4d9&itok=lsLuRqrF,https://www.google.com/s2/favicons?domain=canisius.edu&sz=256,https://www.canisius.edu/,https://www.canisius.edu/,"Canisius University is a private nonprofit institution in Buffalo, NY. This LivingWiki brings together federal education data and current official sources for academics, admissions, costs, campus life, and outcomes.",official-campus-fallback,,"Canisius University - Buffalo, NY",1200,630,2026-08-19T00:44:19.305Z
181297,00640400,Nebraska Methodist College of Nursing & Allied Health,Omaha,NE,https://www.methodistcollege.edu/,Higher Learning Commission,Private nonprofit,Graduate degree,41.265973,-96.048511,781,0.7341,0.5952,0.8571,21863,65071,61.72,2026,455,us-doe-scorecard-featured-500-2026.1,https://collegescorecard.ed.gov/data/,2026-08-11T00:00:00.000Z,https://www.methodistcollege.edu/hubfs/2019%20Website/NMC%20Mission.jpg,https://www.google.com/s2/favicons?domain=methodistcollege.edu&sz=256,https://www.methodistcollege.edu/,https://www.methodistcollege.edu/,"Nebraska Methodist College of Nursing & Allied Health is a private nonprofit institution in Omaha, NE. This LivingWiki brings together federal education data and current official sources for academics, admissions, costs, campus life, and outcomes.",,,,,,
179955,00252400,William Jewell College,Liberty,MO,https://www.jewell.edu/,Higher Learning Commission,Private nonprofit,Graduate degree,39.247844,-94.413126,924,0.3836,0.6766,0.738,17562,59268,61.66,2026,456,us-doe-scorecard-featured-500-2026.1,https://collegescorecard.ed.gov/data/,2026-08-11T00:00:00.000Z,https://www.jewell.edu/sites/default/files/Civil_1.jpg,https://www.google.com/s2/favicons?domain=jewell.edu&sz=256,https://www.jewell.edu/,https://www.jewell.edu/,"William Jewell College is a private nonprofit institution in Liberty, MO. This LivingWiki brings together federal education data and current official sources for academics, admissions, costs, campus life, and outcomes.",official-campus-fallback,,Home Page | William Jewell College,1800,1200,2026-08-19T00:44:35.283Z
236133,00378300,Northwest University,Kirkland,WA,https://www.northwestu.edu/,Northwest Commission on Colleges and Universities,Private nonprofit,Graduate degree,47.657945,-122.192763,645,0.832,0.7078,0.8389,22288,54914,61.65,2026,457,us-doe-scorecard-featured-500-2026.1,https://collegescorecard.ed.gov/data/,2026-08-11T00:00:00.000Z,https://www.northwestu.edu/assets/images/common/fountain-day-2020.jpg,https://www.google.com/s2/favicons?domain=northwestu.edu&sz=256,https://www.northwestu.edu/,https://www.northwestu.edu/,"Northwest University is a private nonprofit institution in Kirkland, WA. This LivingWiki brings together federal education data and current official sources for academics, admissions, costs, campus life, and outcomes.",,,,,,
216038,00332700,Slippery Rock University of Pennsylvania,Slippery Rock,PA,https://www.sru.edu/,Middle States Commission on Higher Education,Public,Graduate degree,41.062719,-80.045965,6788,0.7147,0.6557,0.8401,19608,53032,61.59,2026,458,us-doe-scorecard-featured-500-2026.1,https://collegescorecard.ed.gov/data/,2026-08-11T00:00:00.000Z,https://upload.wikimedia.org/wikipedia/commons/2/2b/SlipperyRockCampusMay2011.jpg?utm_source=commons.wikimedia.org&utm_campaign=imageinfo&utm_content=thumbnail_unscaled,https://www.google.com/s2/favicons?domain=sru.edu&sz=256,https://commons.wikimedia.org/wiki/File:SlipperyRockCampusMay2011.jpg,https://www.sru.edu/,"Slippery Rock University of Pennsylvania is a public institution in Slippery Rock, PA. This LivingWiki brings together federal education data and current official sources for academics, admissions, costs, campus life, and outcomes.",campus-fallback-wikimedia,CC0,SlipperyRockCampusMay2011.jpg,1280,960,2026-08-19T00:44:07.847Z
213507,00328800,Lebanon Valley College,Annville,PA,https://www.lvc.edu/,Middle States Commission on Higher Education,Private nonprofit,Graduate degree,40.330604,-76.514431,1684,0.8377,0.6496,0.8298,26979,62621,61.56,2026,459,us-doe-scorecard-featured-500-2026.1,https://collegescorecard.ed.gov/data/,2026-08-11T00:00:00.000Z,https://www.lvc.edu/wp-content/uploads/2025/06/Spring_Outdoor_Shoot_2025-23-e1749133005930.jpg,https://www.google.com/s2/favicons?domain=lvc.edu&sz=256,https://www.lvc.edu/,https://www.lvc.edu/,"Lebanon Valley College is a private nonprofit institution in Annville, PA. This LivingWiki brings together federal education data and current official sources for academics, admissions, costs, campus life, and outcomes.",,,,,,
139144,00155400,Berry College,Mount Berry,GA,https://www.berry.edu/,Southern Association of Colleges and Schools Commission on Colleges,Private nonprofit,Graduate degree,34.290414,-85.189202,2245,0.64,0.6949,0.8351,22320,53800,61.54,2026,460,us-doe-scorecard-featured-500-2026.1,https://collegescorecard.ed.gov/data/,2026-08-11T00:00:00.000Z,https://www.berry.edu/admission/_images/_DSC1355-VisitBerryHeader.jpg,https://www.google.com/s2/favicons?domain=berry.edu&sz=256,https://www.berry.edu/admission/visit-berry/,https://www.berry.edu/,"Berry College is a private nonprofit institution in Mount Berry, GA. This LivingWiki brings together federal education data and current official sources for academics, admissions, costs, campus life, and outcomes.",official-campus-fallback,,Visit Berry College,1900,715,2026-08-19T00:44:43.341Z
194091,00278200,New York Institute of Technology,Old Westbury,NY,https://www.nyit.edu/,Middle States Commission on Higher Education,Private nonprofit,Graduate degree,40.812447,-73.6078,3440,0.8102,0.5877,0.7799,22443,70080,61.46,2026,461,us-doe-scorecard-featured-500-2026.1,https://collegescorecard.ed.gov/data/,2026-08-11T00:00:00.000Z,https://www.nyit.edu/wp-content/uploads/home-hero.jpg,https://www.google.com/s2/favicons?domain=nyit.edu&sz=256,https://www.nyit.edu/,https://www.nyit.edu/,"New York Institute of Technology is a private nonprofit institution in Old Westbury, NY. This LivingWiki brings together federal education data and current official sources for academics, admissions, costs, campus life, and outcomes.",,,,,,
219356,00347100,South Dakota State University,Brookings,SD,https://www.sdstate.edu/,Higher Learning Commission,Public,Graduate degree,44.317485,-96.782139,9198,0.9834,0.6235,0.8381,19841,55070,61.41,2026,462,us-doe-scorecard-featured-500-2026.1,https://collegescorecard.ed.gov/data/,2026-08-11T00:00:00.000Z,https://upload.wikimedia.org/wikipedia/commons/thumb/6/65/Administration_Building_SDSU_2.JPG/1920px-Administration_Building_SDSU_2.JPG,https://www.google.com/s2/favicons?domain=sdstate.edu&sz=256,https://commons.wikimedia.org/wiki/File:Administration_Building_SDSU_2.JPG,https://www.sdstate.edu/,"South Dakota State University is a public institution in Brookings, SD. This LivingWiki brings together federal education data and current official sources for academics, admissions, costs, campus life, and outcomes.",wikimedia-manual-campus-override,CC BY-SA 3.0,South Dakota State University Administration Building,1920,1225,2026-08-19T01:16:59.212Z
240462,00392100,University of Wisconsin-Platteville,Platteville,WI,https://www.uwplatt.edu/,Higher Learning Commission,Public,Graduate degree,42.733451,-90.48622,5837,0.8938,0.5576,0.7903,16032,61760,61.38,2026,463,us-doe-scorecard-featured-500-2026.1,https://collegescorecard.ed.gov/data/,2026-08-11T00:00:00.000Z,https://upload.wikimedia.org/wikipedia/commons/thumb/2/2e/UW_Baraboo_07_%28Science_Building%29.jpg/1920px-UW_Baraboo_07_%28Science_Building%29.jpg?utm_source=commons.wikimedia.org&utm_campaign=imageinfo&utm_content=thumbnail,https://www.google.com/s2/favicons?domain=uwplatt.edu&sz=256,https://commons.wikimedia.org/wiki/File:UW_Baraboo_07_(Science_Building).jpg,https://www.uwplatt.edu/,"University of Wisconsin-Platteville is a public institution in Platteville, WI. This LivingWiki brings together federal education data and current official sources for academics, admissions, costs, campus life, and outcomes.",campus-fallback-wikimedia,CC0,UW Baraboo 07 (Science Building).jpg,1920,1080,2026-08-19T01:10:37.517Z
100663,00105200,University of Alabama at Birmingham,Birmingham,AL,https://www.uab.edu/,Southern Association of Colleges and Schools Commission on Colleges,Public,Graduate degree,33.505697,-86.799345,11635,0.8818,0.6423,0.8009,18749,54501,61.35,2026,464,us-doe-scorecard-featured-500-2026.1,https://collegescorecard.ed.gov/data/,2026-08-11T00:00:00.000Z,https://www.uab.edu/home/images/photos/home/home-featured-banner.jpg,https://www.google.com/s2/favicons?domain=uab.edu&sz=256,https://www.uab.edu/home/,https://www.uab.edu/,"University of Alabama at Birmingham is a public institution in Birmingham, AL. This LivingWiki brings together federal education data and current official sources for academics, admissions, costs, campus life, and outcomes.",official-campus-fallback,,Home - The University of Alabama at Birmingham,1500,1200,2026-08-19T00:44:35.460Z
148496,00175000,Dominican University,River Forest,IL,https://www.dom.edu/,Higher Learning Commission,Private nonprofit,Graduate degree,41.902678,-87.823003,2561,0.9032,0.5526,0.7793,11745,60327,61.3,2026,465,us-doe-scorecard-featured-500-2026.1,https://collegescorecard.ed.gov/data/,2026-08-11T00:00:00.000Z,https://www.dom.edu/sites/default/files/styles/square_large/public/2024-11/LewisExteriorSpring_004_2371.png?itok=coBD9SWc,https://www.google.com/s2/favicons?domain=dom.edu&sz=256,https://www.dom.edu/,https://www.dom.edu/,"Dominican University is a private nonprofit institution in River Forest, IL. This LivingWiki brings together federal education data and current official sources for academics, admissions, costs, campus life, and outcomes.",official-campus-fallback,,Dominican University Home | Dominican University,1000,1000,2026-08-19T00:44:38.369Z
194578,00279800,Pratt Institute-Main,Brooklyn,NY,https://www.pratt.edu/,Middle States Commission on Higher Education,Private nonprofit,Graduate degree,40.691297,-73.96431,3910,0.7325,0.7354,0.8826,52659,54295,61.29,2026,466,us-doe-scorecard-featured-500-2026.1,https://collegescorecard.ed.gov/data/,2026-08-11T00:00:00.000Z,https://www.pratt.edu/wp-content/themes/pratt/static/img/og.png,https://www.google.com/s2/favicons?domain=pratt.edu&sz=256,https://www.pratt.edu/,https://www.pratt.edu/,"Pratt Institute-Main is a private nonprofit institution in Brooklyn, NY. This LivingWiki brings together federal education data and current official sources for academics, admissions, costs, campus life, and outcomes.",,,,,,
230995,00369200,Norwich University,Northfield,VT,https://www.norwich.edu/,New England Commission on Higher Education,Private nonprofit,Graduate degree,44.140237,-72.659783,2428,0.7444,0.6021,0.7926,22257,65575,61.2,2026,467,us-doe-scorecard-featured-500-2026.1,https://collegescorecard.ed.gov/data/,2026-08-11T00:00:00.000Z,https://www.norwich.edu/sites/default/files/2023-09/VideoCover9-23-Homepage-Image.jpg,https://www.google.com/s2/favicons?domain=norwich.edu&sz=256,https://www.norwich.edu/,https://www.norwich.edu/,"Norwich University is a private nonprofit institution in Northfield, VT. This LivingWiki brings together federal education data and current official sources for academics, admissions, costs, campus life, and outcomes.",,,,,,
237066,00380400,Whitworth University,Spokane,WA,https://www.whitworth.edu/,Northwest Commission on Colleges and Universities,Private nonprofit,Graduate degree,47.753358,-117.416714,1858,0.8978,0.7089,0.776,26534,58561,61.09,2026,468,us-doe-scorecard-featured-500-2026.1,https://collegescorecard.ed.gov/data/,2026-08-11T00:00:00.000Z,https://www.whitworth.edu/cms/media/whitworth/images/administration/university-events/university-events-hero.jpg,https://www.google.com/s2/favicons?domain=whitworth.edu&sz=256,https://www.whitworth.edu/cms/administration/events-and-entertainment-technology/,https://www.whitworth.edu/,"Whitworth University is a private nonprofit institution in Spokane, WA. This LivingWiki brings together federal education data and current official sources for academics, admissions, costs, campus life, and outcomes.",official-manual-campus-override,,Whitworth University campus,1800,750,2026-08-19T01:16:59.212Z
455257,04138100,Yeshiva of Machzikai Hadas,Brooklyn,NY,https://yeshivaofmachzikaihadas.com/,Association of Advanced Rabbinical and Talmudic Schools,Private nonprofit,,40.636104,-73.990592,515,0.7006,0.7375,0.9767,22870,,61.05,2026,469,us-doe-scorecard-featured-500-2026.1,https://collegescorecard.ed.gov/data/,2026-08-11T00:00:00.000Z,/assets/university-heroes/455257.svg,https://www.google.com/s2/favicons?domain=yeshivaofmachzikaihadas.com&sz=256,https://yeshivaofmachzikaihadas.com/,https://yeshivaofmachzikaihadas.com/,"Yeshiva of Machzikai Hadas is a private nonprofit institution in Brooklyn, NY. This LivingWiki brings together federal education data and current official sources for academics, admissions, costs, campus life, and outcomes.",university-identity-fallback,,Yeshiva of Machzikai Hadas campus guide,1600,900,2026-08-19T01:16:59.213Z
175005,00234200,St Catherine University,Saint Paul,MN,https://www.stkate.edu/,Higher Learning Commission,Private nonprofit,Graduate degree,44.924926,-93.183761,2473,0.9185,0.6125,0.8034,19764,59282,61.03,2026,470,us-doe-scorecard-featured-500-2026.1,https://collegescorecard.ed.gov/data/,2026-08-11T00:00:00.000Z,https://www.stkate.edu/sites/default/files/styles/scale_width_1440/public/2023-03/opening-celebration_cfw.jpg.webp?itok=ew_E1mTn,https://www.google.com/s2/favicons?domain=stkate.edu&sz=256,https://www.stkate.edu/,https://www.stkate.edu/,"St Catherine University is a private nonprofit institution in Saint Paul, MN. This LivingWiki brings together federal education data and current official sources for academics, admissions, costs, campus life, and outcomes.",official-campus-fallback,,St. Catherine University | Accredited Degrees,1440,962,2026-08-19T00:44:41.588Z
219347,00347000,South Dakota School of Mines and Technology,Rapid City,SD,https://www.sdsmt.edu/,Higher Learning Commission,Public,Graduate degree,44.075439,-103.205753,2071,0.7987,0.5295,0.8409,20183,72257,60.85,2026,471,us-doe-scorecard-featured-500-2026.1,https://collegescorecard.ed.gov/data/,2026-08-11T00:00:00.000Z,https://www.sdsmt.edu/_resources/assets/img/Hero-3_opt.jpg,https://www.google.com/s2/favicons?domain=sdsmt.edu&sz=256,https://www.sdsmt.edu/index.html,https://www.sdsmt.edu/,"South Dakota School of Mines and Technology is a public institution in Rapid City, SD. This LivingWiki brings together federal education data and current official sources for academics, admissions, costs, campus life, and outcomes.",official-campus-fallback,,South Dakota Mines | Leading Science and Engineering School,2000,1125,2026-08-19T00:44:40.545Z
110574,00113800,California State University-East Bay,Hayward,CA,https://www.csueastbay.edu/,Western Association of Schools and Colleges Senior Colleges and University Commission,Public,Graduate degree,37.657694,-122.054135,9809,0.9739,0.4795,0.7569,9320,71401,60.77,2026,472,us-doe-scorecard-featured-500-2026.1,https://collegescorecard.ed.gov/data/,2026-08-11T00:00:00.000Z,https://www.csueastbay.edu/_files/images/home/banner/campus-aerial.jpg,https://www.google.com/s2/favicons?domain=csueastbay.edu&sz=256,https://www.csueastbay.edu/,https://www.csueastbay.edu/,"California State University-East Bay is a public institution in Hayward, CA. This LivingWiki brings together federal education data and current official sources for academics, admissions, costs, campus life, and outcomes.",official-campus-fallback,,"California State University, East Bay | CSUEB",1900,920,2026-08-19T00:44:36.559Z
195164,00281700,St Bonaventure University,Saint Bonaventure,NY,https://www.sbu.edu/,Middle States Commission on Higher Education,Private nonprofit,Graduate degree,42.080191,-78.481107,2012,0.8165,0.6673,0.8589,27074,57214,60.7,2026,473,us-doe-scorecard-featured-500-2026.1,https://collegescorecard.ed.gov/data/,2026-08-11T00:00:00.000Z,https://www.sbu.edu/ResourcePackages/sbu/assets/img/ogimage.jpg,https://www.google.com/s2/favicons?domain=sbu.edu&sz=256,https://www.sbu.edu/,https://www.sbu.edu/,"St Bonaventure University is a private nonprofit institution in Saint Bonaventure, NY. This LivingWiki brings together federal education data and current official sources for academics, admissions, costs, campus life, and outcomes.",,,,,,
228343,00362000,Southwestern University,Georgetown,TX,https://www.southwestern.edu/,Southern Association of Colleges and Schools Commission on Colleges,Private nonprofit,Bachelor degree,30.634341,-97.665738,1440,0.4305,0.7279,0.806,29224,56878,60.64,2026,474,us-doe-scorecard-featured-500-2026.1,https://collegescorecard.ed.gov/data/,2026-08-11T00:00:00.000Z,"https://www.southwestern.edu/live/image/gid/30/width/1260/height/630/crop/1/src_region/0,0,3200,2226/45504_SU_Drone_Campus_01.jpg",https://www.google.com/s2/favicons?domain=southwestern.edu&sz=256,https://www.southwestern.edu/,https://www.southwestern.edu/,"Southwestern University is a private nonprofit institution in Georgetown, TX. This LivingWiki brings together federal education data and current official sources for academics, admissions, costs, campus life, and outcomes.",,,,,,
147660,00173400,North Central College,Naperville,IL,https://northcentralcollege.edu/,Higher Learning Commission,Private nonprofit,Graduate degree,41.77576,-88.14279,2428,0.7733,0.64,0.7713,21044,60123,60.59,2026,475,us-doe-scorecard-featured-500-2026.1,https://collegescorecard.ed.gov/data/,2026-08-11T00:00:00.000Z,https://upload.wikimedia.org/wikipedia/commons/0/0d/Wentz_Hall.jpg,https://www.google.com/s2/favicons?domain=northcentralcollege.edu&sz=256,https://commons.wikimedia.org/wiki/File:Wentz_Hall.jpg,https://northcentralcollege.edu/,"North Central College is a private nonprofit institution in Naperville, IL. This LivingWiki brings together federal education data and current official sources for academics, admissions, costs, campus life, and outcomes.",wikimedia-manual-campus-override,CC BY-SA 3.0,Wentz Hall at North Central College,1280,960,2026-08-19T01:16:59.213Z
240189,00392600,University of Wisconsin-Whitewater,Whitewater,WI,https://www.uww.edu/,Higher Learning Commission,Public,Graduate degree,42.835563,-88.742368,9405,0.8572,0.589,0.7804,14158,55356,60.54,2026,476,us-doe-scorecard-featured-500-2026.1,https://collegescorecard.ed.gov/data/,2026-08-11T00:00:00.000Z,https://www.uww.edu/images/home/sliders/video_slider_image_apps-open.png,https://www.google.com/s2/favicons?domain=uww.edu&sz=256,https://www.uww.edu/,https://www.uww.edu/,"University of Wisconsin-Whitewater is a public institution in Whitewater, WI. This LivingWiki brings together federal education data and current official sources for academics, admissions, costs, campus life, and outcomes.",official-campus-fallback,,University of Wisconsin-Whitewater,2260,900,2026-08-19T00:44:37.845Z
148627,00176800,Saint Xavier University,Chicago,IL,https://www.sxu.edu/,Higher Learning Commission,Private nonprofit,Graduate degree,41.707199,-87.714749,3096,0.843,0.5661,0.7573,10970,58656,60.51,2026,477,us-doe-scorecard-featured-500-2026.1,https://collegescorecard.ed.gov/data/,2026-08-11T00:00:00.000Z,https://www.sxu.edu/_resources/images/mba-page-4-min.jpeg,https://www.google.com/s2/favicons?domain=sxu.edu&sz=256,https://www.sxu.edu/,https://www.sxu.edu/,"Saint Xavier University is a private nonprofit institution in Chicago, IL. This LivingWiki brings together federal education data and current official sources for academics, admissions, costs, campus life, and outcomes.",official-campus-fallback,,Saint Xavier University | Homepage,1844,1145,2026-08-19T00:44:32.625Z
204857,00310000,Ohio University-Main Campus,Athens,OH,https://www.ohio.edu/,Higher Learning Commission,Public,Graduate degree,39.326798,-82.100985,19633,0.8499,0.6545,0.8389,21637,52581,60.44,2026,478,us-doe-scorecard-featured-500-2026.1,https://collegescorecard.ed.gov/data/,2026-08-11T00:00:00.000Z,https://www.ohio.edu/sites/default/files/2025-06/athens-best-college-town.jpg,https://www.google.com/s2/favicons?domain=ohio.edu&sz=256,https://www.ohio.edu/,https://www.ohio.edu/,"Ohio University-Main Campus is a public institution in Athens, OH. This LivingWiki brings together federal education data and current official sources for academics, admissions, costs, campus life, and outcomes.",official-campus-fallback,,Ohio University,800,421,2026-08-19T00:44:28.382Z
204936,00311000,Otterbein University,Westerville,OH,https://www.otterbein.edu/,Higher Learning Commission,Private nonprofit,Graduate degree,40.125327,-82.936444,2157,0.8453,0.6788,0.7992,19237,53313,60.42,2026,479,us-doe-scorecard-featured-500-2026.1,https://collegescorecard.ed.gov/data/,2026-08-11T00:00:00.000Z,https://www.otterbein.edu/wp-content/uploads/2018/07/Otterbein.jpg,https://www.google.com/s2/favicons?domain=otterbein.edu&sz=256,https://www.otterbein.edu/,https://www.otterbein.edu/,"Otterbein University is a private nonprofit institution in Westerville, OH. This LivingWiki brings together federal education data and current official sources for academics, admissions, costs, campus life, and outcomes.",,,,,,
168254,00222600,Western New England University,Springfield,MA,https://wne.edu/,New England Commission on Higher Education,Private nonprofit,Graduate degree,42.115017,-72.520466,2603,0.8348,0.6398,0.7397,27290,73157,60.32,2026,480,us-doe-scorecard-featured-500-2026.1,https://collegescorecard.ed.gov/data/,2026-08-11T00:00:00.000Z,https://www.wne.edu/images/social-meta-default.jpg,https://www.google.com/s2/favicons?domain=wne.edu&sz=256,https://wne.edu/,https://wne.edu/,"Western New England University is a private nonprofit institution in Springfield, MA. This LivingWiki brings together federal education data and current official sources for academics, admissions, costs, campus life, and outcomes.",,,,,,
180878,00639900,Bryan College of Health Sciences,Lincoln,NE,https://www.bryanhealthcollege.edu/bcohs/,Higher Learning Commission,Private nonprofit,Graduate degree,40.796768,-96.651532,553,0.6737,0.7,0.7111,26919,70845,60.22,2026,481,us-doe-scorecard-featured-500-2026.1,https://collegescorecard.ed.gov/data/,2026-08-11T00:00:00.000Z,https://451.imgix.net/bryanhealth/public/files/AJJzCI2YvaHYLDGChl7W/BRYAN_23_002-06810.jpg?h=1080&q=80&rect=0%2C208%2C7008%2C3945&w=1920,https://www.google.com/s2/favicons?domain=bryanhealthcollege.edu&sz=256,https://visit.bryanhealthcollege.edu/lincoln-campus-visit,https://www.bryanhealthcollege.edu/bcohs/,"Bryan College of Health Sciences is a private nonprofit institution in Lincoln, NE. This LivingWiki brings together federal education data and current official sources for academics, admissions, costs, campus life, and outcomes.",official-manual-campus-override,,Bryan College of Health Sciences Lincoln campus,1919,1080,2026-08-19T01:16:59.214Z
166656,00216500,Massachusetts College of Pharmacy and Health Sciences,Boston,MA,https://www.mcphs.edu/,New England Commission on Higher Education,Private nonprofit,Graduate degree,42.336825,-71.101244,3451,0.8521,0.6202,0.7396,39545,125557,60.2,2026,482,us-doe-scorecard-featured-500-2026.1,https://collegescorecard.ed.gov/data/,2026-08-11T00:00:00.000Z,https://mcph-p-001-delivery.sitecorecontenthub.cloud/api/public/content/099d62713feb4b23a1f942056feb076c?v=946c4a7e&t=1023x929,https://www.google.com/s2/favicons?domain=mcphs.edu&sz=256,https://www.mcphs.edu/,https://www.mcphs.edu/,"Massachusetts College of Pharmacy and Health Sciences is a private nonprofit institution in Boston, MA. This LivingWiki brings together federal education data and current official sources for academics, admissions, costs, campus life, and outcomes.",official-campus-fallback,,Massachusetts College of Pharmacy and Health Sciences,1023,929,2026-08-19T00:44:57.631Z
105330,00108200,Northern Arizona University,Flagstaff,AZ,https://nau.edu/,Higher Learning Commission,Public,Graduate degree,35.188449,-111.653724,22903,0.8961,0.6132,0.7548,14158,54384,60.15,2026,483,us-doe-scorecard-featured-500-2026.1,https://collegescorecard.ed.gov/data/,2026-08-11T00:00:00.000Z,https://nau.edu/assets/images/11ty/RMe9puUmAB-3307.webp,https://www.google.com/s2/favicons?domain=nau.edu&sz=256,https://nau.edu/flagstaff-campus/virtual-tour/,https://nau.edu/,"Northern Arizona University is a public institution in Flagstaff, AZ. This LivingWiki brings together federal education data and current official sources for academics, admissions, costs, campus life, and outcomes.",official-campus-fallback,,Flagstaff campus virtual tour | NAU,3307,1620,2026-08-19T00:44:41.887Z
229027,01011500,The University of Texas at San Antonio,San Antonio,TX,https://www.utsa.edu/,Southern Association of Colleges and Schools Commission on Colleges,Public,Graduate degree,29.583709,-98.620657,30580,0.8679,0.5264,0.7984,10836,57131,60.13,2026,484,us-doe-scorecard-featured-500-2026.1,https://collegescorecard.ed.gov/data/,2026-08-11T00:00:00.000Z,https://www.utsa.edu/_files/images/previews/ut-san-antonio.png,https://www.google.com/s2/favicons?domain=utsa.edu&sz=256,https://www.utsa.edu/,https://www.utsa.edu/,"The University of Texas at San Antonio is a public institution in San Antonio, TX. This LivingWiki brings together federal education data and current official sources for academics, admissions, costs, campus life, and outcomes.",,,,,,
156286,00195400,Bellarmine University,Louisville,KY,https://www.bellarmine.edu/,Southern Association of Colleges and Schools Commission on Colleges,Private nonprofit,Graduate degree,38.219279,-85.704997,2161,0.8611,0.6436,0.7512,21499,62069,60.11,2026,485,us-doe-scorecard-featured-500-2026.1,https://collegescorecard.ed.gov/data/,2026-08-11T00:00:00.000Z,https://www.bellarmine.edu/images/theo_2500x800_3.jpg,https://www.google.com/s2/favicons?domain=bellarmine.edu&sz=256,https://www.bellarmine.edu/campus-ministry/index.php,https://www.bellarmine.edu/,"Bellarmine University is a private nonprofit institution in Louisville, KY. This LivingWiki brings together federal education data and current official sources for academics, admissions, costs, campus life, and outcomes.",official-campus-fallback,,Campus Ministry,2500,800,2026-08-19T00:45:01.627Z
157289,00199900,University of Louisville,Louisville,KY,https://www.louisville.edu/,Southern Association of Colleges and Schools Commission on Colleges,Public,Graduate degree,38.216862,-85.760412,14727,0.7941,0.6123,0.8149,17988,53899,60.09,2026,486,us-doe-scorecard-featured-500-2026.1,https://collegescorecard.ed.gov/data/,2026-08-11T00:00:00.000Z,https://louisville.edu/sites/g/files/xudnps161/files/styles/large_9_5/public/2026-08/20260304-SCI_Makerspace-4591-cropped-v3.webp?h=85a9eee2&itok=KMmrM0QX,https://www.google.com/s2/favicons?domain=louisville.edu&sz=256,https://louisville.edu/,https://www.louisville.edu/,"University of Louisville is a public institution in Louisville, KY. This LivingWiki brings together federal education data and current official sources for academics, admissions, costs, campus life, and outcomes.",official-campus-fallback,,Home | University of Louisville,1800,1000,2026-08-19T00:45:00.076Z
138600,00154200,Agnes Scott College,Decatur,GA,https://www.agnesscott.edu/,Southern Association of Colleges and Schools Commission on Colleges,Private nonprofit,Graduate degree,33.769268,-84.295459,836,0.6215,0.7068,0.8133,24754,56274,60.08,2026,487,us-doe-scorecard-featured-500-2026.1,https://collegescorecard.ed.gov/data/,2026-08-11T00:00:00.000Z,https://www.agnesscott.edu/assets/images/og-images/campus-aerial-view-1200x630.jpg,https://www.google.com/s2/favicons?domain=agnesscott.edu&sz=256,https://www.agnesscott.edu/,https://www.agnesscott.edu/,"Agnes Scott College is a private nonprofit institution in Decatur, GA. This LivingWiki brings together federal education data and current official sources for academics, admissions, costs, campus life, and outcomes.",,,,,,
228769,00365600,The University of Texas at Arlington,Arlington,TX,https://www.uta.edu/,Southern Association of Colleges and Schools Commission on Colleges,Public,Graduate degree,32.729718,-97.11296,32294,0.799,0.5402,0.7294,13951,63199,60.05,2026,488,us-doe-scorecard-featured-500-2026.1,https://collegescorecard.ed.gov/data/,2026-08-11T00:00:00.000Z,https://cdn.prod.web.uta.edu/-/media/project/website/homepage/secondary-images/registration-gen-photo,https://www.google.com/s2/favicons?domain=uta.edu&sz=256,https://www.uta.edu/,https://www.uta.edu/,"The University of Texas at Arlington is a public institution in Arlington, TX. This LivingWiki brings together federal education data and current official sources for academics, admissions, costs, campus life, and outcomes.",official-campus-fallback,,UT Arlington – UTA - The University of Texas at Arlington,800,800,2026-08-19T00:45:13.106Z
137847,00153800,The University of Tampa,Tampa,FL,https://www.ut.edu/,Southern Association of Colleges and Schools Commission on Colleges,Private nonprofit,Graduate degree,27.948455,-82.46483,10572,0.4034,0.637,0.8545,36211,59436,59.88,2026,489,us-doe-scorecard-featured-500-2026.1,https://collegescorecard.ed.gov/data/,2026-08-11T00:00:00.000Z,https://www.ut.edu/content/experience-fragments/ut/en/global/header-flyouts1/academics/_jcr_content/root/container_copy_copy/container/flexcontainer/image.coreimg.jpeg/1715996518717/academicsmenu-954x537.jpeg,https://www.google.com/s2/favicons?domain=ut.edu&sz=256,https://www.ut.edu/admissions/request-more-information,https://www.ut.edu/,"The University of Tampa is a private nonprofit institution in Tampa, FL. This LivingWiki brings together federal education data and current official sources for academics, admissions, costs, campus life, and outcomes.",official-campus-fallback,,Request More Information,954,537,2026-08-19T00:44:45.608Z
236896,00379900,Walla Walla University,College Place,WA,https://www.wallawalla.edu/,Northwest Commission on Colleges and Universities,Private nonprofit,Graduate degree,46.048088,-118.389555,1252,,0.599,0.8491,23329,61885,59.86,2026,490,us-doe-scorecard-featured-500-2026.1,https://collegescorecard.ed.gov/data/,2026-08-11T00:00:00.000Z,https://www.wallawalla.edu/fileadmin/_processed_/e/f/csm_RS332219_CJD_9856Student_Life-Chaplain-Emily_Ellis-Portraits-Ad_Building-August_2026-Photographer_Chris_Drake_3191e5445e.jpg,https://www.google.com/s2/favicons?domain=wallawalla.edu&sz=256,https://www.wallawalla.edu/about-wwu/general-information/media-resources,https://www.wallawalla.edu/,"Walla Walla University is a private nonprofit institution in College Place, WA. This LivingWiki brings together federal education data and current official sources for academics, admissions, costs, campus life, and outcomes.",official-campus-fallback,,Media Resources,1200,1200,2026-08-19T00:44:57.639Z
203544,00703500,Kettering College,Kettering,OH,https://kc.edu/,Higher Learning Commission,Private nonprofit,Graduate degree,39.695052,-84.192006,549,0.7654,0.6512,0.7353,21650,67492,59.83,2026,491,us-doe-scorecard-featured-500-2026.1,https://collegescorecard.ed.gov/data/,2026-08-11T00:00:00.000Z,https://kc.edu/wp-content/uploads/2022/11/DJI_0040-fcp1-800x600.jpg,https://www.google.com/s2/favicons?domain=kc.edu&sz=256,https://kc.edu/,https://kc.edu/,"Kettering College is a private nonprofit institution in Kettering, OH. This LivingWiki brings together federal education data and current official sources for academics, admissions, costs, campus life, and outcomes.",official-campus-fallback,,Home | Kettering College,800,600,2026-08-19T00:44:51.630Z
238333,00383500,Beloit College,Beloit,WI,https://www.beloit.edu/,Higher Learning Commission,Private nonprofit,Bachelor degree,42.504022,-89.029285,926,0.6304,0.7105,0.8056,21526,53260,59.79,2026,492,us-doe-scorecard-featured-500-2026.1,https://collegescorecard.ed.gov/data/,2026-08-11T00:00:00.000Z,https://www.beloit.edu/live/image/gid/113/width/1260/height/630/crop/1/14938_middle-college-autumn-hp1.jpg,https://www.google.com/s2/favicons?domain=beloit.edu&sz=256,https://www.beloit.edu/,https://www.beloit.edu/,"Beloit College is a private nonprofit institution in Beloit, WI. This LivingWiki brings together federal education data and current official sources for academics, admissions, costs, campus life, and outcomes.",,,,,,
150534,00179500,University of Evansville,Evansville,IN,https://www.evansville.edu/,Higher Learning Commission,Private nonprofit,Graduate degree,37.971549,-87.531644,1539,0.776,0.6446,0.8333,18499,53770,59.79,2026,493,us-doe-scorecard-featured-500-2026.1,https://collegescorecard.ed.gov/data/,2026-08-11T00:00:00.000Z,https://www.evansville.edu/homepage/images/campus-tour-group.jpg,https://www.google.com/s2/favicons?domain=evansville.edu&sz=256,https://www.evansville.edu/,https://www.evansville.edu/,"University of Evansville is a private nonprofit institution in Evansville, IN. This LivingWiki brings together federal education data and current official sources for academics, admissions, costs, campus life, and outcomes.",official-campus-fallback,,University of Evansville,1200,675,2026-08-19T00:45:04.323Z
178402,00251800,University of Missouri-Kansas City,Kansas City,MO,https://www.umkc.edu/,Higher Learning Commission,Public,Graduate degree,39.034179,-94.582141,6817,0.7218,0.5546,0.7536,13310,59637,59.71,2026,494,us-doe-scorecard-featured-500-2026.1,https://collegescorecard.ed.gov/data/,2026-08-11T00:00:00.000Z,https://www.umkc.edu/images/home-page/_v2/mcom-kc-roo-and-real-roos-at-the-zoo_003_bep24454.webp,https://www.google.com/s2/favicons?domain=umkc.edu&sz=256,https://www.umkc.edu/,https://www.umkc.edu/,"University of Missouri-Kansas City is a public institution in Kansas City, MO. This LivingWiki brings together federal education data and current official sources for academics, admissions, costs, campus life, and outcomes.",official-campus-fallback,,University of Missouri-Kansas City,1920,1280,2026-08-19T00:44:53.933Z
154350,00188700,Simpson College,Indianola,IA,https://simpson.edu/,Higher Learning Commission,Private nonprofit,Graduate degree,41.365503,-93.563471,1227,0.8622,0.6333,0.8129,21936,59274,59.7,2026,495,us-doe-scorecard-featured-500-2026.1,https://collegescorecard.ed.gov/data/,2026-08-11T00:00:00.000Z,https://simpson.edu/app/uploads/2024/03/Simpson-College-Homepage-1920x1080-1.jpg,https://www.google.com/s2/favicons?domain=simpson.edu&sz=256,https://simpson.edu/,https://simpson.edu/,"Simpson College is a private nonprofit institution in Indianola, IA. This LivingWiki brings together federal education data and current official sources for academics, admissions, costs, campus life, and outcomes.",official-campus-fallback,,"Simpson College a private liberal arts college in Indianola, IA",1920,1080,2026-08-19T00:44:58.542Z
110097,00112200,Biola University,La Mirada,CA,https://www.biola.edu/,Western Association of Schools and Colleges Senior Colleges and University Commission,Private nonprofit,Graduate degree,33.906203,-118.014374,3474,0.7435,0.676,0.839,31495,56778,59.5,2026,496,us-doe-scorecard-featured-500-2026.1,https://collegescorecard.ed.gov/data/,2026-08-11T00:00:00.000Z,https://dhsl8p9ocex96.cloudfront.net/assets/home/hero-poster-1920-93819df45a3ae09fd9c9fb0eeb7d7ec2ae754e83bd4fa812afc3ab27b4073fc9.webp,https://www.google.com/s2/favicons?domain=biola.edu&sz=256,https://www.biola.edu/,https://www.biola.edu/,"Biola University is a private nonprofit institution in La Mirada, CA. This LivingWiki brings together federal education data and current official sources for academics, admissions, costs, campus life, and outcomes.",official-campus-fallback,,Biola University - A Private Christian University in Southern California,1920,1080,2026-08-19T00:44:59.861Z
212601,00326600,Gannon University,Erie,PA,https://www.gannon.edu/,Middle States Commission on Higher Education,Private nonprofit,Graduate degree,42.128403,-80.087166,2365,0.7416,0.6636,0.7617,22553,58845,59.5,2026,497,us-doe-scorecard-featured-500-2026.1,https://collegescorecard.ed.gov/data/,2026-08-11T00:00:00.000Z,https://www.gannon.edu/media/gannon-university/content-assets/images/campus/erie/arch/spring-flowers.jpg,https://www.google.com/s2/favicons?domain=gannon.edu&sz=256,https://www.gannon.edu/,https://www.gannon.edu/,"Gannon University is a private nonprofit institution in Erie, PA. This LivingWiki brings together federal education data and current official sources for academics, admissions, costs, campus life, and outcomes.",official-campus-fallback,,Home | Gannon University,1600,800,2026-08-19T00:44:55.707Z
143118,00163400,Aurora University,Aurora,IL,https://aurora.edu/,Higher Learning Commission,Private nonprofit,Graduate degree,41.753631,-88.349023,3974,0.8085,0.6032,0.7706,18838,58709,59.49,2026,498,us-doe-scorecard-featured-500-2026.1,https://collegescorecard.ed.gov/data/,2026-08-11T00:00:00.000Z,https://aurora.edu/_files/img/home/features/home-4-students-1138x1445.jpg,https://www.google.com/s2/favicons?domain=aurora.edu&sz=256,https://aurora.edu/,https://aurora.edu/,"Aurora University is a private nonprofit institution in Aurora, IL. This LivingWiki brings together federal education data and current official sources for academics, admissions, costs, campus life, and outcomes.",official-campus-fallback,,Aurora University,1138,1445,2026-08-19T00:44:52.665Z
110486,00799300,California State University-Bakersfield,Bakersfield,CA,https://www.csub.edu/,Western Association of Schools and Colleges Senior Colleges and University Commission,Public,Graduate degree,35.350005,-119.104711,8577,0.9385,0.498,0.7883,5652,59009,59.41,2026,499,us-doe-scorecard-featured-500-2026.1,https://collegescorecard.ed.gov/data/,2026-08-11T00:00:00.000Z,https://www.csub.edu/_resources/images/homepage/hero-update-2026-rundown.jpg,https://www.google.com/s2/favicons?domain=csub.edu&sz=256,https://www.csub.edu/,https://www.csub.edu/,"California State University-Bakersfield is a public institution in Bakersfield, CA. This LivingWiki brings together federal education data and current official sources for academics, admissions, costs, campus life, and outcomes.",official-campus-fallback,,"Home | California State University, Bakersfield",2100,1403,2026-08-19T00:44:48.898Z
134079,00148800,Florida Southern College,Lakeland,FL,https://www.flsouthern.edu/,Southern Association of Colleges and Schools Commission on Colleges,Private nonprofit,Graduate degree,28.032443,-81.948203,2656,0.6442,0.7055,0.8,28551,55294,59.33,2026,500,us-doe-scorecard-featured-500-2026.1,https://collegescorecard.ed.gov/data/,2026-08-11T00:00:00.000Z,https://flsouthern.edu/getmedia/801fc351-0a25-443e-9ce6-54ffb175b40e/hero-future-focused.jpg?width=1920&height=1080&ext=.jpg,https://www.google.com/s2/favicons?domain=flsouthern.edu&sz=256,https://www.flsouthern.edu/,https://www.flsouthern.edu/,"Florida Southern College is a private nonprofit institution in Lakeland, FL. This LivingWiki brings together federal education data and current official sources for academics, admissions, costs, campus life, and outcomes.",,,,,,
